epoch,function_name,experiment,noise,optimizer,dropout,weight_decay,model_size,val_loss,auprc,auprc_full,auroc,auroc_full,success,error,checkpoint_path
,f1,base_adam,0.0,adam,0.0,False,small,,,,,,False,Missing experiment directory: snapshots_probe/small/f1/base_adam,
,f1,base_sgd,0.0,sgd,0.0,False,small,,,,,,False,Missing experiment directory: snapshots_probe/small/f1/base_sgd,
,f1,0.1_adam,0.1,adam,0.0,False,small,,,,,,False,Missing experiment directory: snapshots_probe/small/f1/0.1_adam,
,f1,0.1_sgd,0.1,sgd,0.0,False,small,,,,,,False,Missing experiment directory: snapshots_probe/small/f1/0.1_sgd,
,f1,0.1_adam_dp,0.1,adam,0.2,False,small,,,,,,False,Missing experiment directory: snapshots_probe/small/f1/0.1_adam_dp,
,f1,0.1_adam_wd,0.1,adam,0.0,True,small,,,,,,False,Missing experiment directory: snapshots_probe/small/f1/0.1_adam_wd,
,f1,0.1_adam_dp_wd,0.1,adam,0.2,True,small,,,,,,False,Missing experiment directory: snapshots_probe/small/f1/0.1_adam_dp_wd,
,f1,0.1_sgd_dp,0.1,sgd,0.2,False,small,,,,,,False,Missing experiment directory: snapshots_probe/small/f1/0.1_sgd_dp,
,f1,0.1_sgd_dp_wd,0.1,sgd,0.2,True,small,,,,,,False,Missing experiment directory: snapshots_probe/small/f1/0.1_sgd_dp_wd,
,f1,0.2_adam,0.2,adam,0.0,False,small,,,,,,False,Missing experiment directory: snapshots_probe/small/f1/0.2_adam,
,f1,0.2_sgd,0.2,sgd,0.0,False,small,,,,,,False,Missing experiment directory: snapshots_probe/small/f1/0.2_sgd,
,f1,0.2_adam_dp,0.2,adam,0.2,False,small,,,,,,False,Missing experiment directory: snapshots_probe/small/f1/0.2_adam_dp,
,f1,0.2_adam_wd,0.2,adam,0.0,True,small,,,,,,False,Missing experiment directory: snapshots_probe/small/f1/0.2_adam_wd,
,f1,0.2_adam_dp_wd,0.2,adam,0.2,True,small,,,,,,False,Missing experiment directory: snapshots_probe/small/f1/0.2_adam_dp_wd,
,f1,0.2_sgd_dp,0.2,sgd,0.2,False,small,,,,,,False,Missing experiment directory: snapshots_probe/small/f1/0.2_sgd_dp,
,f1,0.2_sgd_dp_wd,0.2,sgd,0.2,True,small,,,,,,False,Missing experiment directory: snapshots_probe/small/f1/0.2_sgd_dp_wd,
,f1,0.5_adam,0.5,adam,0.0,False,small,,,,,,False,Missing experiment directory: snapshots_probe/small/f1/0.5_adam,
,f1,0.5_sgd,0.5,sgd,0.0,False,small,,,,,,False,Missing experiment directory: snapshots_probe/small/f1/0.5_sgd,
,f1,0.5_adam_dp,0.5,adam,0.2,False,small,,,,,,False,Missing experiment directory: snapshots_probe/small/f1/0.5_adam_dp,
,f1,0.5_adam_wd,0.5,adam,0.0,True,small,,,,,,False,Missing experiment directory: snapshots_probe/small/f1/0.5_adam_wd,
,f1,0.5_adam_dp_wd,0.5,adam,0.2,True,small,,,,,,False,Missing experiment directory: snapshots_probe/small/f1/0.5_adam_dp_wd,
,f1,0.5_sgd_dp,0.5,sgd,0.2,False,small,,,,,,False,Missing experiment directory: snapshots_probe/small/f1/0.5_sgd_dp,
,f1,0.5_sgd_dp_wd,0.5,sgd,0.2,True,small,,,,,,False,Missing experiment directory: snapshots_probe/small/f1/0.5_sgd_dp_wd,
,f1,1.0_adam,1.0,adam,0.0,False,small,,,,,,False,Missing experiment directory: snapshots_probe/small/f1/1.0_adam,
,f1,1.0_sgd,1.0,sgd,0.0,False,small,,,,,,False,Missing experiment directory: snapshots_probe/small/f1/1.0_sgd,
,f1,1.0_adam_dp,1.0,adam,0.2,False,small,,,,,,False,Missing experiment directory: snapshots_probe/small/f1/1.0_adam_dp,
,f1,1.0_adam_wd,1.0,adam,0.0,True,small,,,,,,False,Missing experiment directory: snapshots_probe/small/f1/1.0_adam_wd,
,f1,1.0_adam_dp_wd,1.0,adam,0.2,True,small,,,,,,False,Missing experiment directory: snapshots_probe/small/f1/1.0_adam_dp_wd,
,f1,1.0_sgd_dp,1.0,sgd,0.2,False,small,,,,,,False,Missing experiment directory: snapshots_probe/small/f1/1.0_sgd_dp,
,f1,1.0_sgd_dp_wd,1.0,sgd,0.2,True,small,,,,,,False,Missing experiment directory: snapshots_probe/small/f1/1.0_sgd_dp_wd,
,f1,base_sgd_dp,0.0,sgd,0.2,False,small,,,,,,False,Missing experiment directory: snapshots_probe/small/f1/base_sgd_dp,
,f1,base_sgd_wd,0.0,sgd,0.0,True,small,,,,,,False,Missing experiment directory: snapshots_probe/small/f1/base_sgd_wd,
,f1,base_sgd_dp_wd,0.0,sgd,0.2,True,small,,,,,,False,Missing experiment directory: snapshots_probe/small/f1/base_sgd_dp_wd,
,f1,0.1_sgd_wd,0.1,sgd,0.0,True,small,,,,,,False,Missing experiment directory: snapshots_probe/small/f1/0.1_sgd_wd,
,f1,0.2_sgd_wd,0.2,sgd,0.0,True,small,,,,,,False,Missing experiment directory: snapshots_probe/small/f1/0.2_sgd_wd,
,f1,0.5_sgd_wd,0.5,sgd,0.0,True,small,,,,,,False,Missing experiment directory: snapshots_probe/small/f1/0.5_sgd_wd,
,f1,1.0_sgd_wd,1.0,sgd,0.0,True,small,,,,,,False,Missing experiment directory: snapshots_probe/small/f1/1.0_sgd_wd,
1.0,f1,dropout_p0.0,0.0,adam,0.0,False,small,0.009511853568255901,0.5,0.003948667324777887,0.0,0.49702675916749256,True,,snapshots_probe/small/f1/dropout_p0.0/epoch_0001.pt
2.0,f1,dropout_p0.0,0.0,adam,0.0,False,small,0.012387609109282494,0.4444444444444444,0.003948667324777887,0.0,0.49554013875123887,True,,snapshots_probe/small/f1/dropout_p0.0/epoch_0002.pt
3.0,f1,dropout_p0.0,0.0,adam,0.0,False,small,0.006027524825185537,0.36363636363636365,0.003948667324777887,0.0,0.49454905847373637,True,,snapshots_probe/small/f1/dropout_p0.0/epoch_0003.pt
4.0,f1,dropout_p0.0,0.0,adam,0.0,False,small,0.008730953559279442,0.3333333333333333,0.003948667324777887,0.0,0.4940535183349851,True,,snapshots_probe/small/f1/dropout_p0.0/epoch_0004.pt
5.0,f1,dropout_p0.0,0.0,adam,0.0,False,small,0.005882238037884235,0.23529411764705882,0.003948667324777887,0.0,0.49157581764122893,True,,snapshots_probe/small/f1/dropout_p0.0/epoch_0005.pt
6.0,f1,dropout_p0.0,0.0,adam,0.0,False,small,0.004646750167012215,0.4264705882352941,0.08629483382691674,0.25,0.6189296333002974,True,,snapshots_probe/small/f1/dropout_p0.0/epoch_0006.pt
7.0,f1,dropout_p0.0,0.0,adam,0.0,False,small,0.004307740367949009,0.4,0.08629483382691674,0.25,0.6174430128840436,True,,snapshots_probe/small/f1/dropout_p0.0/epoch_0007.pt
8.0,f1,dropout_p0.0,0.0,adam,0.0,False,small,0.004375092219561338,0.3014705882352941,0.06546150049358342,0.23076923076923078,0.6183102081268583,True,,snapshots_probe/small/f1/dropout_p0.0/epoch_0008.pt
9.0,f1,dropout_p0.0,0.0,adam,0.0,False,small,0.0035899910144507885,0.2554347826086957,0.06546150049358342,0.2368421052631579,0.6160802775024777,True,,snapshots_probe/small/f1/dropout_p0.0/epoch_0009.pt
10.0,f1,dropout_p0.0,0.0,adam,0.0,False,small,0.0030178490560501814,0.3269230769230769,0.1478076669957223,0.4659090909090909,0.7420713577799802,True,,snapshots_probe/small/f1/dropout_p0.0/epoch_0010.pt
11.0,f1,dropout_p0.0,0.0,adam,0.0,False,small,0.005887162405997515,0.213768115942029,0.04462816716025008,0.2236842105263158,0.6152130822596631,True,,snapshots_probe/small/f1/dropout_p0.0/epoch_0011.pt
12.0,f1,dropout_p0.0,0.0,adam,0.0,False,small,0.003253624774515629,0.1875,0.04462816716025008,0.2125,0.6152130822596631,True,,snapshots_probe/small/f1/dropout_p0.0/epoch_0012.pt
13.0,f1,dropout_p0.0,0.0,adam,0.0,False,small,0.0030101824086159468,0.1736111111111111,0.04462816716025008,0.21739130434782608,0.6137264618434093,True,,snapshots_probe/small/f1/dropout_p0.0/epoch_0013.pt
14.0,f1,dropout_p0.0,0.0,adam,0.0,False,small,0.0028109741397202015,0.1592741935483871,0.04462816716025008,0.2222222222222222,0.6122398414271556,True,,snapshots_probe/small/f1/dropout_p0.0/epoch_0014.pt
15.0,f1,dropout_p0.0,0.0,adam,0.0,False,small,0.0030398990493267775,0.1534090909090909,0.04462816716025008,0.22413793103448276,0.6114965312190288,True,,snapshots_probe/small/f1/dropout_p0.0/epoch_0015.pt
16.0,f1,dropout_p0.0,0.0,adam,0.0,False,small,0.002453065710142255,0.14821428571428572,0.04462816716025008,0.22580645161290322,0.6107532210109019,True,,snapshots_probe/small/f1/dropout_p0.0/epoch_0016.pt
17.0,f1,dropout_p0.0,0.0,adam,0.0,False,small,0.008639737963676453,0.15625,0.04462816716025008,0.22321428571428573,0.6118681863230921,True,,snapshots_probe/small/f1/dropout_p0.0/epoch_0017.pt
18.0,f1,dropout_p0.0,0.0,adam,0.0,False,small,0.002667746739462018,0.15073529411764705,0.04462816716025008,0.225,0.6111248761149654,True,,snapshots_probe/small/f1/dropout_p0.0/epoch_0018.pt
19.0,f1,dropout_p0.0,0.0,adam,0.0,False,small,0.006318261846899986,0.15625,0.04462816716025008,0.22321428571428573,0.6118681863230921,True,,snapshots_probe/small/f1/dropout_p0.0/epoch_0019.pt
20.0,f1,dropout_p0.0,0.0,adam,0.0,False,small,0.005044559948146343,0.17708333333333331,0.05296150049358342,0.23214285714285715,0.6121159563924679,True,,snapshots_probe/small/f1/dropout_p0.0/epoch_0020.pt
21.0,f1,dropout_p0.0,0.0,adam,0.0,False,small,0.003202994354069233,0.19047619047619047,0.05296150049358342,0.22916666666666666,0.6136025768087215,True,,snapshots_probe/small/f1/dropout_p0.0/epoch_0021.pt
22.0,f1,dropout_p0.0,0.0,adam,0.0,False,small,0.004009054508060217,0.35344827586206895,0.1279615004935834,0.25,0.613974231912785,True,,snapshots_probe/small/f1/dropout_p0.0/epoch_0022.pt
23.0,f1,dropout_p0.0,0.0,adam,0.0,False,small,0.0026809731498360634,0.19444444444444442,0.05296150049358342,0.2282608695652174,0.613974231912785,True,,snapshots_probe/small/f1/dropout_p0.0/epoch_0023.pt
24.0,f1,dropout_p0.0,0.0,adam,0.0,False,small,0.006141984835267067,0.35344827586206895,0.1279615004935834,0.25,0.6136025768087215,True,,snapshots_probe/small/f1/dropout_p0.0/epoch_0024.pt
25.0,f1,dropout_p0.0,0.0,adam,0.0,False,small,0.0026755535509437323,0.19871794871794873,0.05296150049358342,0.22727272727272727,0.6143458870168483,True,,snapshots_probe/small/f1/dropout_p0.0/epoch_0025.pt
26.0,f1,dropout_p0.0,0.0,adam,0.0,False,small,0.005866282619535923,0.2033333333333333,0.05296150049358342,0.2261904761904762,0.6143458870168483,True,,snapshots_probe/small/f1/dropout_p0.0/epoch_0026.pt
27.0,f1,dropout_p0.0,0.0,adam,0.0,False,small,0.003661858383566141,0.37,0.1279615004935834,0.25,0.6150891972249752,True,,snapshots_probe/small/f1/dropout_p0.0/epoch_0027.pt
28.0,f1,dropout_p0.0,0.0,adam,0.0,False,small,0.005680850241333246,0.20833333333333331,0.05296150049358342,0.225,0.6147175421209118,True,,snapshots_probe/small/f1/dropout_p0.0/epoch_0028.pt
29.0,f1,dropout_p0.0,0.0,adam,0.0,False,small,0.0030635325238108635,0.25,0.11471943170160462,0.3625,0.739593657086224,True,,snapshots_probe/small/f1/dropout_p0.0/epoch_0029.pt
30.0,f1,dropout_p0.0,0.0,adam,0.0,False,small,0.002925574779510498,0.2467948717948718,0.11308544477350005,0.35,0.7393458870168483,True,,snapshots_probe/small/f1/dropout_p0.0/epoch_0030.pt
31.0,f1,dropout_p0.0,0.0,adam,0.0,False,small,0.005459366831928492,0.6031468531468531,0.3343205001645278,0.6111111111111112,0.8679385530227949,True,,snapshots_probe/small/f1/dropout_p0.0/epoch_0031.pt
32.0,f1,dropout_p0.0,0.0,adam,0.0,False,small,0.004096851218491793,0.4781468531468531,0.2509871668311945,0.5833333333333333,0.867195242814668,True,,snapshots_probe/small/f1/dropout_p0.0/epoch_0032.pt
33.0,f1,dropout_p0.0,0.0,adam,0.0,False,small,0.003682408481836319,0.4809782608695652,0.25343814722335134,0.605263157894737,0.8673191278493557,True,,snapshots_probe/small/f1/dropout_p0.0/epoch_0033.pt
34.0,f1,dropout_p0.0,0.0,adam,0.0,False,small,0.002362561644986272,0.5454545454545454,0.29416898501301264,0.6527777777777778,0.8695490584737363,True,,snapshots_probe/small/f1/dropout_p0.0/epoch_0034.pt
35.0,f1,dropout_p0.0,0.0,adam,0.0,False,small,0.0025686153676360846,0.5434782608695652,0.28848716683119446,0.6578947368421053,0.869053518334985,True,,snapshots_probe/small/f1/dropout_p0.0/epoch_0035.pt
36.0,f1,dropout_p0.0,0.0,adam,0.0,False,small,0.002938512247055769,0.54,0.29416898501301264,0.6666666666666666,0.8691774033696729,True,,snapshots_probe/small/f1/dropout_p0.0/epoch_0036.pt
37.0,f1,dropout_p0.0,0.0,adam,0.0,False,small,0.002445235615596175,0.5538949275362319,0.29416898501301264,0.6710526315789475,0.8693012884043607,True,,snapshots_probe/small/f1/dropout_p0.0/epoch_0037.pt
38.0,f1,dropout_p0.0,0.0,adam,0.0,False,small,0.003010671818628907,0.5454545454545454,0.28848716683119446,0.6527777777777778,0.8691774033696729,True,,snapshots_probe/small/f1/dropout_p0.0/epoch_0038.pt
39.0,f1,dropout_p0.0,0.0,adam,0.0,False,small,0.002689146902412176,0.5059523809523809,0.277502318346346,0.6323529411764706,0.8694251734390487,True,,snapshots_probe/small/f1/dropout_p0.0/epoch_0039.pt
40.0,f1,dropout_p0.0,0.0,adam,0.0,False,small,0.0027782695833593607,0.5488782051282051,0.3009871668311945,0.6818181818181819,0.8693012884043606,True,,snapshots_probe/small/f1/dropout_p0.0/epoch_0040.pt
41.0,f1,dropout_p0.0,0.0,adam,0.0,False,small,0.002899465151131153,0.8125,0.5166666666666666,0.9375,0.9972745292368682,True,,snapshots_probe/small/f1/dropout_p0.0/epoch_0041.pt
42.0,f1,dropout_p0.0,0.0,adam,0.0,False,small,0.004519798327237368,0.7875,0.44166666666666665,0.9204545454545454,0.9957879088206145,True,,snapshots_probe/small/f1/dropout_p0.0/epoch_0042.pt
43.0,f1,dropout_p0.0,0.0,adam,0.0,False,small,0.005048301536589861,0.6875,0.4088235294117647,0.8999999999999999,0.9950445986124876,True,,snapshots_probe/small/f1/dropout_p0.0/epoch_0043.pt
44.0,f1,dropout_p0.0,0.0,adam,0.0,False,small,0.0026589729823172092,0.6875,0.4625,0.8809523809523809,0.9957879088206145,True,,snapshots_probe/small/f1/dropout_p0.0/epoch_0044.pt
45.0,f1,dropout_p0.0,0.0,adam,0.0,False,small,0.0030842346604913473,0.6052188552188552,0.34265383349786116,0.6630434782608696,0.8681863230921705,True,,snapshots_probe/small/f1/dropout_p0.0/epoch_0045.pt
46.0,f1,dropout_p0.0,0.0,adam,0.0,False,small,0.0023094338830560446,0.6950757575757576,0.4666666666666667,0.8977272727272727,0.99603567888999,True,,snapshots_probe/small/f1/dropout_p0.0/epoch_0046.pt
47.0,f1,dropout_p0.0,0.0,adam,0.0,False,small,0.002058141166344285,0.6875,0.4625,0.9038461538461539,0.9957879088206145,True,,snapshots_probe/small/f1/dropout_p0.0/epoch_0047.pt
48.0,f1,dropout_p0.0,0.0,adam,0.0,False,small,0.003299062605947256,0.7708333333333333,0.5083333333333333,0.90625,0.9962834489593656,True,,snapshots_probe/small/f1/dropout_p0.0/epoch_0048.pt
49.0,f1,dropout_p0.0,0.0,adam,0.0,False,small,0.0036204676143825054,0.6875,0.4625,0.8913043478260869,0.9957879088206144,True,,snapshots_probe/small/f1/dropout_p0.0/epoch_0049.pt
50.0,f1,dropout_p0.0,0.0,adam,0.0,False,small,0.0028252340853214264,0.8333333333333333,0.5458333333333333,0.9130434782608696,0.9965312190287413,True,,snapshots_probe/small/f1/dropout_p0.0/epoch_0050.pt
51.0,f1,dropout_p0.0,0.0,adam,0.0,False,small,0.002253734739497304,0.6810897435897436,0.4666666666666667,0.89,0.99603567888999,True,,snapshots_probe/small/f1/dropout_p0.0/epoch_0051.pt
52.0,f1,dropout_p0.0,0.0,adam,0.0,False,small,0.002350096357986331,0.6875,0.4666666666666667,0.8913043478260869,0.99603567888999,True,,snapshots_probe/small/f1/dropout_p0.0/epoch_0052.pt
53.0,f1,dropout_p0.0,0.0,adam,0.0,False,small,0.004655209835618734,0.6810897435897436,0.4625,0.8854166666666667,0.9957879088206144,True,,snapshots_probe/small/f1/dropout_p0.0/epoch_0053.pt
54.0,f1,dropout_p0.0,0.0,adam,0.0,False,small,0.00261703017167747,0.6810897435897436,0.4666666666666667,0.8804347826086957,0.99603567888999,True,,snapshots_probe/small/f1/dropout_p0.0/epoch_0054.pt
55.0,f1,dropout_p0.0,0.0,adam,0.0,False,small,0.002652073511853814,0.6810897435897436,0.4625,0.8804347826086957,0.9957879088206144,True,,snapshots_probe/small/f1/dropout_p0.0/epoch_0055.pt
56.0,f1,dropout_p0.0,0.0,adam,0.0,False,small,0.005195051431655884,0.6950757575757576,0.4714285714285714,0.8928571428571429,0.9962834489593656,True,,snapshots_probe/small/f1/dropout_p0.0/epoch_0056.pt
57.0,f1,dropout_p0.0,0.0,adam,0.0,False,small,0.00243166321888566,0.6950757575757576,0.4714285714285714,0.8875,0.9962834489593657,True,,snapshots_probe/small/f1/dropout_p0.0/epoch_0057.pt
58.0,f1,dropout_p0.0,0.0,adam,0.0,False,small,0.0023846663534641266,0.6810897435897436,0.4625,0.8749999999999999,0.9957879088206145,True,,snapshots_probe/small/f1/dropout_p0.0/epoch_0058.pt
59.0,f1,dropout_p0.0,0.0,adam,0.0,False,small,0.0025828664656728506,0.7784090909090909,0.5185897435897435,0.9047619047619049,0.9967789890981168,True,,snapshots_probe/small/f1/dropout_p0.0/epoch_0059.pt
60.0,f1,dropout_p0.0,0.0,adam,0.0,False,small,0.002727910876274109,0.7708333333333333,0.5083333333333333,0.8977272727272727,0.9962834489593656,True,,snapshots_probe/small/f1/dropout_p0.0/epoch_0060.pt
61.0,f1,dropout_p0.0,0.0,adam,0.0,False,small,0.0029962449334561825,0.675595238095238,0.4588235294117647,0.8571428571428572,0.9955401387512388,True,,snapshots_probe/small/f1/dropout_p0.0/epoch_0061.pt
62.0,f1,dropout_p0.0,0.0,adam,0.0,False,small,0.0031585432589054108,0.6041666666666666,0.34265383349786116,0.6375000000000001,0.8686818632309217,True,,snapshots_probe/small/f1/dropout_p0.0/epoch_0062.pt
63.0,f1,dropout_p0.0,0.0,adam,0.0,False,small,0.0027719330973923206,0.675595238095238,0.4588235294117647,0.8695652173913044,0.9955401387512389,True,,snapshots_probe/small/f1/dropout_p0.0/epoch_0063.pt
64.0,f1,dropout_p0.0,0.0,adam,0.0,False,small,0.002170589054003358,0.5176282051282051,0.3009871668311945,0.6363636363636362,0.8681863230921705,True,,snapshots_probe/small/f1/dropout_p0.0/epoch_0064.pt
65.0,f1,dropout_p0.0,0.0,adam,0.0,False,small,0.0020856920164078474,0.5265151515151515,0.30455859540262303,0.6375,0.8686818632309217,True,,snapshots_probe/small/f1/dropout_p0.0/epoch_0065.pt
66.0,f1,dropout_p0.0,0.0,adam,0.0,False,small,0.004785376600921154,0.6810897435897436,0.4625,0.8749999999999999,0.9957879088206145,True,,snapshots_probe/small/f1/dropout_p0.0/epoch_0066.pt
67.0,f1,dropout_p0.0,0.0,adam,0.0,False,small,0.003037030342966318,0.6810897435897436,0.4625,0.8690476190476191,0.9957879088206144,True,,snapshots_probe/small/f1/dropout_p0.0/epoch_0067.pt
68.0,f1,dropout_p0.0,0.0,adam,0.0,False,small,0.002474807668477297,0.675595238095238,0.4588235294117647,0.8571428571428572,0.9955401387512388,True,,snapshots_probe/small/f1/dropout_p0.0/epoch_0068.pt
69.0,f1,dropout_p0.0,0.0,adam,0.0,False,small,0.0021579160820692778,0.675595238095238,0.4588235294117647,0.8636363636363635,0.9955401387512389,True,,snapshots_probe/small/f1/dropout_p0.0/epoch_0069.pt
70.0,f1,dropout_p0.0,0.0,adam,0.0,False,small,0.00643170066177845,0.47596153846153844,0.2759871668311945,0.625,0.8679385530227949,True,,snapshots_probe/small/f1/dropout_p0.0/epoch_0070.pt
71.0,f1,dropout_p0.0,0.0,adam,0.0,False,small,0.0029143602587282658,0.6875,0.4666666666666667,0.8913043478260869,0.99603567888999,True,,snapshots_probe/small/f1/dropout_p0.0/epoch_0071.pt
72.0,f1,dropout_p0.0,0.0,adam,0.0,False,small,0.002052335301414132,0.6708333333333333,0.45555555555555555,0.8522727272727273,0.9952923686818632,True,,snapshots_probe/small/f1/dropout_p0.0/epoch_0072.pt
73.0,f1,dropout_p0.0,0.0,adam,0.0,False,small,0.0025553761515766382,0.6708333333333333,0.45555555555555555,0.8452380952380952,0.9952923686818631,True,,snapshots_probe/small/f1/dropout_p0.0/epoch_0073.pt
74.0,f1,dropout_p0.0,0.0,adam,0.0,False,small,0.01827871985733509,0.6708333333333333,0.45555555555555555,0.8522727272727273,0.9952923686818632,True,,snapshots_probe/small/f1/dropout_p0.0/epoch_0074.pt
75.0,f1,dropout_p0.0,0.0,adam,0.0,False,small,0.0032847828697413206,0.6708333333333333,0.45555555555555555,0.8522727272727273,0.9952923686818632,True,,snapshots_probe/small/f1/dropout_p0.0/epoch_0075.pt
76.0,f1,dropout_p0.0,0.0,adam,0.0,False,small,0.002996705938130617,0.7541666666666667,0.49722222222222223,0.8636363636363635,0.9955401387512388,True,,snapshots_probe/small/f1/dropout_p0.0/epoch_0076.pt
77.0,f1,dropout_p0.0,0.0,adam,0.0,False,small,0.0021224261727184057,0.6810897435897436,0.4625,0.8854166666666667,0.9957879088206144,True,,snapshots_probe/small/f1/dropout_p0.0/epoch_0077.pt
78.0,f1,dropout_p0.0,0.0,adam,0.0,False,small,0.002138000214472413,0.6810897435897436,0.4625,0.855263157894737,0.9957879088206144,True,,snapshots_probe/small/f1/dropout_p0.0/epoch_0078.pt
79.0,f1,dropout_p0.0,0.0,adam,0.0,False,small,0.0025224986020475626,0.6375,0.4009871668311945,0.7307692307692307,0.8701684836471754,True,,snapshots_probe/small/f1/dropout_p0.0/epoch_0079.pt
80.0,f1,dropout_p0.0,0.0,adam,0.0,False,small,0.0026043434627354145,0.7291666666666666,0.44265383349786114,0.7374999999999999,0.8711595639246779,True,,snapshots_probe/small/f1/dropout_p0.0/epoch_0080.pt
81.0,f1,dropout_p0.0,0.0,adam,0.0,False,small,0.002012955490499735,0.675595238095238,0.45882352941176474,0.875,0.9955401387512388,True,,snapshots_probe/small/f1/dropout_p0.0/epoch_0081.pt
82.0,f1,dropout_p0.0,0.0,adam,0.0,False,small,0.0018824964063242078,0.7219827586206897,0.4426538334978611,0.74,0.8705401387512388,True,,snapshots_probe/small/f1/dropout_p0.0/epoch_0082.pt
83.0,f1,dropout_p0.0,0.0,adam,0.0,False,small,0.007731015328317881,0.4583333333333333,0.22697433366238895,0.47500000000000003,0.7433102081268583,True,,snapshots_probe/small/f1/dropout_p0.0/epoch_0083.pt
84.0,f1,dropout_p0.0,0.0,adam,0.0,False,small,0.0025023387279361486,0.6810897435897436,0.4625,0.8625,0.9957879088206144,True,,snapshots_probe/small/f1/dropout_p0.0/epoch_0084.pt
85.0,f1,dropout_p0.0,0.0,adam,0.0,False,small,0.0024509986396878958,0.6441666666666666,0.40098716683119445,0.726190476190476,0.8707879088206144,True,,snapshots_probe/small/f1/dropout_p0.0/epoch_0085.pt
86.0,f1,dropout_p0.0,0.0,adam,0.0,False,small,0.0032689254730939865,0.6426282051282051,0.40098716683119445,0.7272727272727273,0.8706640237859267,True,,snapshots_probe/small/f1/dropout_p0.0/epoch_0086.pt
87.0,f1,dropout_p0.0,0.0,adam,0.0,False,small,0.0021100484300404787,0.7589285714285714,0.5004901960784314,0.8552631578947368,0.9957879088206144,True,,snapshots_probe/small/f1/dropout_p0.0/epoch_0087.pt
88.0,f1,dropout_p0.0,0.0,adam,0.0,False,small,0.008181462064385414,0.6875,0.4666666666666667,0.868421052631579,0.99603567888999,True,,snapshots_probe/small/f1/dropout_p0.0/epoch_0088.pt
89.0,f1,dropout_p0.0,0.0,adam,0.0,False,small,0.0021759895607829094,0.7708333333333333,0.5083333333333333,0.8875,0.9962834489593656,True,,snapshots_probe/small/f1/dropout_p0.0/epoch_0089.pt
90.0,f1,dropout_p0.0,0.0,adam,0.0,False,small,0.006893553771078587,0.4583333333333333,0.22697433366238895,0.47500000000000003,0.7433102081268583,True,,snapshots_probe/small/f1/dropout_p0.0/epoch_0090.pt
91.0,f1,dropout_p0.0,0.0,adam,0.0,False,small,0.002341398736461997,0.5740740740740741,0.2936410003290556,0.5,0.742814667988107,True,,snapshots_probe/small/f1/dropout_p0.0/epoch_0091.pt
92.0,f1,dropout_p0.0,0.0,adam,0.0,False,small,0.004438117612153292,0.5075757575757576,0.22697433366238895,0.4861111111111111,0.7435579781962338,True,,snapshots_probe/small/f1/dropout_p0.0/epoch_0092.pt
93.0,f1,dropout_p0.0,0.0,adam,0.0,False,small,0.003378841560333967,0.46195652173913043,0.2103076669957223,0.4736842105263158,0.7430624380574826,True,,snapshots_probe/small/f1/dropout_p0.0/epoch_0093.pt
94.0,f1,dropout_p0.0,0.0,adam,0.0,False,small,0.0023588365875184536,0.455,0.22697433366238895,0.47619047619047616,0.7430624380574826,True,,snapshots_probe/small/f1/dropout_p0.0/epoch_0094.pt
95.0,f1,dropout_p0.0,0.0,adam,0.0,False,small,0.0050253355875611305,0.4935897435897436,0.22697433366238895,0.48863636363636365,0.7425668979187314,True,,snapshots_probe/small/f1/dropout_p0.0/epoch_0095.pt
96.0,f1,dropout_p0.0,0.0,adam,0.0,False,small,0.002338287653401494,0.46195652173913043,0.2103076669957223,0.4736842105263158,0.7430624380574826,True,,snapshots_probe/small/f1/dropout_p0.0/epoch_0096.pt
97.0,f1,dropout_p0.0,0.0,adam,0.0,False,small,0.00282274023629725,0.4935897435897436,0.22697433366238895,0.48863636363636365,0.7425668979187314,True,,snapshots_probe/small/f1/dropout_p0.0/epoch_0097.pt
98.0,f1,dropout_p0.0,0.0,adam,0.0,False,small,0.002543698064982891,0.5208333333333333,0.27286216683119446,0.625,0.8678146679881069,True,,snapshots_probe/small/f1/dropout_p0.0/epoch_0098.pt
99.0,f1,dropout_p0.0,0.0,adam,0.0,False,small,0.0025469569955021143,0.49666666666666665,0.22697433366238895,0.4880952380952381,0.742814667988107,True,,snapshots_probe/small/f1/dropout_p0.0/epoch_0099.pt
100.0,f1,dropout_p0.0,0.0,adam,0.0,False,small,0.0018490711227059364,0.5740740740740741,0.2936410003290556,0.5,0.742814667988107,True,,snapshots_probe/small/f1/dropout_p0.0/epoch_0100.pt
1.0,f1,dropout_p0.1,0.0,adam,0.1,False,small,0.018560074269771576,0.25,0.003948667324777887,0.0,0.4930624380574827,True,,snapshots_probe/small/f1/dropout_p0.1/epoch_0001.pt
2.0,f1,dropout_p0.1,0.0,adam,0.1,False,small,0.01167626865208149,0.23529411764705882,0.003948667324777887,0.0,0.4930624380574827,True,,snapshots_probe/small/f1/dropout_p0.1/epoch_0002.pt
3.0,f1,dropout_p0.1,0.0,adam,0.1,False,small,0.011724274605512619,0.2857142857142857,0.003948667324777887,0.0,0.49454905847373637,True,,snapshots_probe/small/f1/dropout_p0.1/epoch_0003.pt
4.0,f1,dropout_p0.1,0.0,adam,0.1,False,small,0.009344140067696571,0.2598039215686274,0.06546150049358342,0.21153846153846154,0.6190535183349851,True,,snapshots_probe/small/f1/dropout_p0.1/epoch_0004.pt
5.0,f1,dropout_p0.1,0.0,adam,0.1,False,small,0.016500892117619514,0.3014705882352941,0.08629483382691674,0.23076923076923078,0.6193012884043607,True,,snapshots_probe/small/f1/dropout_p0.1/epoch_0005.pt
6.0,f1,dropout_p0.1,0.0,adam,0.1,False,small,0.010238304734230042,0.3392857142857143,0.08629483382691674,0.225,0.6204162537165511,True,,snapshots_probe/small/f1/dropout_p0.1/epoch_0006.pt
7.0,f1,dropout_p0.1,0.0,adam,0.1,False,small,0.008273174986243248,0.3014705882352941,0.08629483382691674,0.23076923076923078,0.6193012884043607,True,,snapshots_probe/small/f1/dropout_p0.1/epoch_0007.pt
8.0,f1,dropout_p0.1,0.0,adam,0.1,False,small,0.007559442892670631,0.28289473684210525,0.08629483382691674,0.23333333333333334,0.6185579781962339,True,,snapshots_probe/small/f1/dropout_p0.1/epoch_0008.pt
9.0,f1,dropout_p0.1,0.0,adam,0.1,False,small,0.013868213631212711,0.29166666666666663,0.08629483382691674,0.23214285714285715,0.6185579781962339,True,,snapshots_probe/small/f1/dropout_p0.1/epoch_0009.pt
10.0,f1,dropout_p0.1,0.0,adam,0.1,False,small,0.011513684876263142,0.26785714285714285,0.08629483382691674,0.23529411764705882,0.6166997026759168,True,,snapshots_probe/small/f1/dropout_p0.1/epoch_0010.pt
11.0,f1,dropout_p0.1,0.0,adam,0.1,False,small,0.008840829133987427,0.3014705882352941,0.08629483382691674,0.23076923076923078,0.6181863230921705,True,,snapshots_probe/small/f1/dropout_p0.1/epoch_0011.pt
12.0,f1,dropout_p0.1,0.0,adam,0.1,False,small,0.015362176112830639,0.2708333333333333,0.06546150049358342,0.20833333333333334,0.6183102081268583,True,,snapshots_probe/small/f1/dropout_p0.1/epoch_0012.pt
13.0,f1,dropout_p0.1,0.0,adam,0.1,False,small,0.0074730971828103065,0.28289473684210525,0.08629483382691674,0.23333333333333334,0.617814667988107,True,,snapshots_probe/small/f1/dropout_p0.1/epoch_0013.pt
14.0,f1,dropout_p0.1,0.0,adam,0.1,False,small,0.01130890753120184,0.28289473684210525,0.08629483382691674,0.23333333333333334,0.617814667988107,True,,snapshots_probe/small/f1/dropout_p0.1/epoch_0014.pt
15.0,f1,dropout_p0.1,0.0,adam,0.1,False,small,0.008348952047526836,0.26785714285714285,0.08629483382691674,0.23529411764705882,0.6170713577799802,True,,snapshots_probe/small/f1/dropout_p0.1/epoch_0015.pt
16.0,f1,dropout_p0.1,0.0,adam,0.1,False,small,0.005509990267455578,0.30753968253968256,0.13530766699572228,0.3928571428571428,0.7433102081268582,True,,snapshots_probe/small/f1/dropout_p0.1/epoch_0016.pt
17.0,f1,dropout_p0.1,0.0,adam,0.1,False,small,0.008491137996315956,0.29276315789473684,0.13076221245026773,0.3833333333333333,0.742814667988107,True,,snapshots_probe/small/f1/dropout_p0.1/epoch_0017.pt
18.0,f1,dropout_p0.1,0.0,adam,0.1,False,small,0.017773795872926712,0.325,0.15673623842429368,0.4375,0.7438057482656095,True,,snapshots_probe/small/f1/dropout_p0.1/epoch_0018.pt
19.0,f1,dropout_p0.1,0.0,adam,0.1,False,small,0.005529672373086214,0.30514705882352944,0.13076221245026773,0.36538461538461536,0.7433102081268582,True,,snapshots_probe/small/f1/dropout_p0.1/epoch_0019.pt
20.0,f1,dropout_p0.1,0.0,adam,0.1,False,small,0.021915217861533165,0.32598039215686275,0.1408632225512778,0.40384615384615385,0.7438057482656095,True,,snapshots_probe/small/f1/dropout_p0.1/epoch_0020.pt
21.0,f1,dropout_p0.1,0.0,adam,0.1,False,small,0.010945628397166729,0.2757936507936508,0.12697433366238894,0.38235294117647056,0.7420713577799802,True,,snapshots_probe/small/f1/dropout_p0.1/epoch_0021.pt
22.0,f1,dropout_p0.1,0.0,adam,0.1,False,small,0.007597499527037144,0.3611111111111111,0.15673623842429368,0.44642857142857145,0.744053518334985,True,,snapshots_probe/small/f1/dropout_p0.1/epoch_0022.pt
23.0,f1,dropout_p0.1,0.0,adam,0.1,False,small,0.012604079209268093,0.29924242424242425,0.14086322255127784,0.4305555555555556,0.7425668979187314,True,,snapshots_probe/small/f1/dropout_p0.1/epoch_0023.pt
24.0,f1,dropout_p0.1,0.0,adam,0.1,False,small,0.020485857501626015,0.27840909090909094,0.13076221245026773,0.4027777777777778,0.7420713577799801,True,,snapshots_probe/small/f1/dropout_p0.1/epoch_0024.pt
25.0,f1,dropout_p0.1,0.0,adam,0.1,False,small,0.008740182965993881,0.33611111111111114,0.1478076669957223,0.42857142857142855,0.7438057482656094,True,,snapshots_probe/small/f1/dropout_p0.1/epoch_0025.pt
26.0,f1,dropout_p0.1,0.0,adam,0.1,False,small,0.011679645627737045,0.30753968253968256,0.13530766699572228,0.3928571428571428,0.7433102081268582,True,,snapshots_probe/small/f1/dropout_p0.1/epoch_0026.pt
27.0,f1,dropout_p0.1,0.0,adam,0.1,False,small,0.01012684777379036,0.3194444444444444,0.1408632225512778,0.4107142857142857,0.7435579781962338,True,,snapshots_probe/small/f1/dropout_p0.1/epoch_0027.pt
28.0,f1,dropout_p0.1,0.0,adam,0.1,False,small,0.01738819293677807,0.3214285714285714,0.13530766699572228,0.375,0.7438057482656095,True,,snapshots_probe/small/f1/dropout_p0.1/epoch_0028.pt
29.0,f1,dropout_p0.1,0.0,adam,0.1,False,small,0.01136421412229538,0.27424242424242423,0.12697433366238894,0.4305555555555556,0.7425668979187314,True,,snapshots_probe/small/f1/dropout_p0.1/epoch_0029.pt
30.0,f1,dropout_p0.1,0.0,adam,0.1,False,small,0.010761349461972713,0.32598039215686275,0.1408632225512778,0.40384615384615385,0.7438057482656095,True,,snapshots_probe/small/f1/dropout_p0.1/epoch_0030.pt
31.0,f1,dropout_p0.1,0.0,adam,0.1,False,small,0.0085027189925313,0.2702898550724638,0.12697433366238894,0.43421052631578944,0.7423191278493557,True,,snapshots_probe/small/f1/dropout_p0.1/epoch_0031.pt
32.0,f1,dropout_p0.1,0.0,adam,0.1,False,small,0.010013924911618233,0.30833333333333335,0.1408632225512778,0.421875,0.7430624380574827,True,,snapshots_probe/small/f1/dropout_p0.1/epoch_0032.pt
33.0,f1,dropout_p0.1,0.0,adam,0.1,False,small,0.00843973457813263,0.32598039215686275,0.1408632225512778,0.40384615384615385,0.7438057482656095,True,,snapshots_probe/small/f1/dropout_p0.1/epoch_0033.pt
34.0,f1,dropout_p0.1,0.0,adam,0.1,False,small,0.006513143889605999,0.33611111111111114,0.1478076669957223,0.42857142857142855,0.7438057482656094,True,,snapshots_probe/small/f1/dropout_p0.1/epoch_0034.pt
35.0,f1,dropout_p0.1,0.0,adam,0.1,False,small,0.00895508099347353,0.3302631578947368,0.1478076669957223,0.43333333333333335,0.7435579781962339,True,,snapshots_probe/small/f1/dropout_p0.1/epoch_0035.pt
36.0,f1,dropout_p0.1,0.0,adam,0.1,False,small,0.007154675200581551,0.35526315789473684,0.15673623842429368,0.45,0.7438057482656095,True,,snapshots_probe/small/f1/dropout_p0.1/epoch_0036.pt
37.0,f1,dropout_p0.1,0.0,adam,0.1,False,small,0.012746523134410381,0.325,0.1478076669957223,0.4375,0.7433102081268583,True,,snapshots_probe/small/f1/dropout_p0.1/epoch_0037.pt
38.0,f1,dropout_p0.1,0.0,adam,0.1,False,small,0.016978079453110695,0.35526315789473684,0.15673623842429368,0.45,0.7438057482656095,True,,snapshots_probe/small/f1/dropout_p0.1/epoch_0038.pt
39.0,f1,dropout_p0.1,0.0,adam,0.1,False,small,0.006952867843210697,0.32976190476190476,0.13530766699572228,0.36363636363636365,0.7440535183349852,True,,snapshots_probe/small/f1/dropout_p0.1/epoch_0039.pt
40.0,f1,dropout_p0.1,0.0,adam,0.1,False,small,0.008780333213508129,0.25476190476190474,0.11447433366238895,0.390625,0.7425668979187314,True,,snapshots_probe/small/f1/dropout_p0.1/epoch_0040.pt
41.0,f1,dropout_p0.1,0.0,adam,0.1,False,small,0.009241943247616291,0.31359649122807015,0.1408632225512778,0.4166666666666667,0.7433102081268582,True,,snapshots_probe/small/f1/dropout_p0.1/epoch_0041.pt
42.0,f1,dropout_p0.1,0.0,adam,0.1,False,small,0.005974464118480682,0.30357142857142855,0.1408632225512778,0.4264705882352941,0.742814667988107,True,,snapshots_probe/small/f1/dropout_p0.1/epoch_0042.pt
43.0,f1,dropout_p0.1,0.0,adam,0.1,False,small,0.00946635939180851,0.30169172932330823,0.13530766699572228,0.4,0.7430624380574826,True,,snapshots_probe/small/f1/dropout_p0.1/epoch_0043.pt
44.0,f1,dropout_p0.1,0.0,adam,0.1,False,small,0.014000728726387024,0.31407563025210083,0.13530766699572228,0.38461538461538464,0.7435579781962338,True,,snapshots_probe/small/f1/dropout_p0.1/epoch_0044.pt
45.0,f1,dropout_p0.1,0.0,adam,0.1,False,small,0.007562888320535421,0.3333333333333333,0.1408632225512778,0.39583333333333337,0.7440535183349851,True,,snapshots_probe/small/f1/dropout_p0.1/epoch_0045.pt
46.0,f1,dropout_p0.1,0.0,adam,0.1,False,small,0.00848730094730854,0.33611111111111114,0.15673623842429368,0.42857142857142855,0.7443012884043607,True,,snapshots_probe/small/f1/dropout_p0.1/epoch_0046.pt
47.0,f1,dropout_p0.1,0.0,adam,0.1,False,small,0.006725525017827749,0.3416666666666667,0.1408632225512778,0.38636363636363635,0.7443012884043608,True,,snapshots_probe/small/f1/dropout_p0.1/epoch_0047.pt
48.0,f1,dropout_p0.1,0.0,adam,0.1,False,small,0.007101595401763916,0.2858187134502924,0.12697433366238894,0.3666666666666667,0.7425668979187314,True,,snapshots_probe/small/f1/dropout_p0.1/epoch_0048.pt
49.0,f1,dropout_p0.1,0.0,adam,0.1,False,small,0.00515638617798686,0.28273809523809523,0.13076221245026773,0.39705882352941174,0.7423191278493558,True,,snapshots_probe/small/f1/dropout_p0.1/epoch_0049.pt
50.0,f1,dropout_p0.1,0.0,adam,0.1,False,small,0.004529912490397692,0.30833333333333335,0.1408632225512778,0.421875,0.7430624380574827,True,,snapshots_probe/small/f1/dropout_p0.1/epoch_0050.pt
51.0,f1,dropout_p0.1,0.0,adam,0.1,False,small,0.011371685191988945,0.31407563025210083,0.13530766699572228,0.38461538461538464,0.7435579781962338,True,,snapshots_probe/small/f1/dropout_p0.1/epoch_0051.pt
52.0,f1,dropout_p0.1,0.0,adam,0.1,False,small,0.015328795649111271,0.3214285714285714,0.1408632225512778,0.375,0.7443012884043608,True,,snapshots_probe/small/f1/dropout_p0.1/epoch_0052.pt
53.0,f1,dropout_p0.1,0.0,adam,0.1,False,small,0.01754087768495083,0.33611111111111114,0.15673623842429368,0.42857142857142855,0.7443012884043607,True,,snapshots_probe/small/f1/dropout_p0.1/epoch_0053.pt
54.0,f1,dropout_p0.1,0.0,adam,0.1,False,small,0.00783202052116394,0.3426470588235294,0.1478076669957223,0.423076923076923,0.7440535183349851,True,,snapshots_probe/small/f1/dropout_p0.1/epoch_0054.pt
55.0,f1,dropout_p0.1,0.0,adam,0.1,False,small,0.006440539378672838,0.30753968253968256,0.13530766699572228,0.3928571428571428,0.7433102081268582,True,,snapshots_probe/small/f1/dropout_p0.1/epoch_0055.pt
56.0,f1,dropout_p0.1,0.0,adam,0.1,False,small,0.006058958824723959,0.2569444444444444,0.1099288791169344,0.3571428571428571,0.7428146679881069,True,,snapshots_probe/small/f1/dropout_p0.1/epoch_0056.pt
57.0,f1,dropout_p0.1,0.0,adam,0.1,False,small,0.018071794882416725,0.2986111111111111,0.13076221245026773,0.375,0.7430624380574826,True,,snapshots_probe/small/f1/dropout_p0.1/epoch_0057.pt
58.0,f1,dropout_p0.1,0.0,adam,0.1,False,small,0.01487592700868845,0.3678571428571429,0.1478076669957223,0.39999999999999997,0.744796828543112,True,,snapshots_probe/small/f1/dropout_p0.1/epoch_0058.pt
59.0,f1,dropout_p0.1,0.0,adam,0.1,False,small,0.006929290015250444,0.31407563025210083,0.13530766699572228,0.38461538461538464,0.7435579781962338,True,,snapshots_probe/small/f1/dropout_p0.1/epoch_0059.pt
60.0,f1,dropout_p0.1,0.0,adam,0.1,False,small,0.009680645540356636,0.32598039215686275,0.1408632225512778,0.40384615384615385,0.7438057482656095,True,,snapshots_probe/small/f1/dropout_p0.1/epoch_0060.pt
61.0,f1,dropout_p0.1,0.0,adam,0.1,False,small,0.010052552446722984,0.30169172932330823,0.13530766699572228,0.4,0.7430624380574826,True,,snapshots_probe/small/f1/dropout_p0.1/epoch_0061.pt
62.0,f1,dropout_p0.1,0.0,adam,0.1,False,small,0.018072685226798058,0.29642857142857143,0.13530766699572228,0.40625,0.7428146679881071,True,,snapshots_probe/small/f1/dropout_p0.1/epoch_0062.pt
63.0,f1,dropout_p0.1,0.0,adam,0.1,False,small,0.00840378925204277,0.29166666666666663,0.1408632225512778,0.4117647058823529,0.7430624380574827,True,,snapshots_probe/small/f1/dropout_p0.1/epoch_0063.pt
64.0,f1,dropout_p0.1,0.0,adam,0.1,False,small,0.01262001134455204,0.24107142857142855,0.1099288791169344,0.38235294117647056,0.7420713577799802,True,,snapshots_probe/small/f1/dropout_p0.1/epoch_0064.pt
65.0,f1,dropout_p0.1,0.0,adam,0.1,False,small,0.010407526046037674,0.26190476190476186,0.12697433366238894,0.4117647058823529,0.7430624380574827,True,,snapshots_probe/small/f1/dropout_p0.1/epoch_0065.pt
66.0,f1,dropout_p0.1,0.0,adam,0.1,False,small,0.007213529199361801,0.28733766233766234,0.13530766699572228,0.4166666666666667,0.7423191278493557,True,,snapshots_probe/small/f1/dropout_p0.1/epoch_0066.pt
67.0,f1,dropout_p0.1,0.0,adam,0.1,False,small,0.01451484952121973,0.2875,0.13076221245026773,0.390625,0.7425668979187314,True,,snapshots_probe/small/f1/dropout_p0.1/epoch_0067.pt
68.0,f1,dropout_p0.1,0.0,adam,0.1,False,small,0.009945102035999298,0.27976190476190477,0.11447433366238895,0.35416666666666663,0.7435579781962339,True,,snapshots_probe/small/f1/dropout_p0.1/epoch_0068.pt
69.0,f1,dropout_p0.1,0.0,adam,0.1,False,small,0.016268154606223106,0.3426470588235294,0.1478076669957223,0.423076923076923,0.7440535183349851,True,,snapshots_probe/small/f1/dropout_p0.1/epoch_0069.pt
70.0,f1,dropout_p0.1,0.0,adam,0.1,False,small,0.007141322363168001,0.3302631578947368,0.1478076669957223,0.43333333333333335,0.7435579781962339,True,,snapshots_probe/small/f1/dropout_p0.1/epoch_0070.pt
71.0,f1,dropout_p0.1,0.0,adam,0.1,False,small,0.005898434203118086,0.31359649122807015,0.1408632225512778,0.4166666666666667,0.7433102081268582,True,,snapshots_probe/small/f1/dropout_p0.1/epoch_0071.pt
72.0,f1,dropout_p0.1,0.0,adam,0.1,False,small,0.0063333031721413136,0.3302631578947368,0.1478076669957223,0.43333333333333335,0.7435579781962339,True,,snapshots_probe/small/f1/dropout_p0.1/epoch_0072.pt
73.0,f1,dropout_p0.1,0.0,adam,0.1,False,small,0.013311895541846752,0.33611111111111114,0.15673623842429368,0.42857142857142855,0.7443012884043607,True,,snapshots_probe/small/f1/dropout_p0.1/epoch_0073.pt
74.0,f1,dropout_p0.1,0.0,adam,0.1,False,small,0.007415159605443478,0.27840909090909094,0.13076221245026773,0.4027777777777778,0.7420713577799801,True,,snapshots_probe/small/f1/dropout_p0.1/epoch_0074.pt
75.0,f1,dropout_p0.1,0.0,adam,0.1,False,small,0.007432162761688232,0.28733766233766234,0.13530766699572228,0.4166666666666667,0.7423191278493557,True,,snapshots_probe/small/f1/dropout_p0.1/epoch_0075.pt
76.0,f1,dropout_p0.1,0.0,adam,0.1,False,small,0.005332665983587503,0.30169172932330823,0.13530766699572228,0.4,0.7430624380574826,True,,snapshots_probe/small/f1/dropout_p0.1/epoch_0076.pt
77.0,f1,dropout_p0.1,0.0,adam,0.1,False,small,0.01193716935813427,0.30169172932330823,0.1408632225512778,0.4,0.7435579781962338,True,,snapshots_probe/small/f1/dropout_p0.1/epoch_0077.pt
78.0,f1,dropout_p0.1,0.0,adam,0.1,False,small,0.011698679998517036,0.3426470588235294,0.15673623842429368,0.423076923076923,0.7445490584737364,True,,snapshots_probe/small/f1/dropout_p0.1/epoch_0078.pt
79.0,f1,dropout_p0.1,0.0,adam,0.1,False,small,0.010127092711627483,0.3333333333333333,0.1408632225512778,0.39583333333333337,0.7440535183349851,True,,snapshots_probe/small/f1/dropout_p0.1/epoch_0079.pt
80.0,f1,dropout_p0.1,0.0,adam,0.1,False,small,0.014215133152902126,0.29166666666666663,0.13530766699572228,0.4117647058823529,0.7425668979187314,True,,snapshots_probe/small/f1/dropout_p0.1/epoch_0080.pt
81.0,f1,dropout_p0.1,0.0,adam,0.1,False,small,0.00828663632273674,0.2986111111111111,0.13076221245026773,0.375,0.7430624380574826,True,,snapshots_probe/small/f1/dropout_p0.1/epoch_0081.pt
82.0,f1,dropout_p0.1,0.0,adam,0.1,False,small,0.011354750953614712,0.29276315789473684,0.13530766699572228,0.3833333333333333,0.7433102081268582,True,,snapshots_probe/small/f1/dropout_p0.1/epoch_0082.pt
83.0,f1,dropout_p0.1,0.0,adam,0.1,False,small,0.007272718474268913,0.25476190476190474,0.11447433366238895,0.390625,0.7425668979187314,True,,snapshots_probe/small/f1/dropout_p0.1/epoch_0083.pt
84.0,f1,dropout_p0.1,0.0,adam,0.1,False,small,0.011621331796050072,0.29924242424242425,0.14086322255127784,0.4305555555555556,0.7425668979187314,True,,snapshots_probe/small/f1/dropout_p0.1/epoch_0084.pt
85.0,f1,dropout_p0.1,0.0,adam,0.1,False,small,0.010050093755126,0.30833333333333335,0.1478076669957223,0.421875,0.7435579781962339,True,,snapshots_probe/small/f1/dropout_p0.1/epoch_0085.pt
86.0,f1,dropout_p0.1,0.0,adam,0.1,False,small,0.007690073922276497,0.3333333333333333,0.1408632225512778,0.39583333333333337,0.7440535183349851,True,,snapshots_probe/small/f1/dropout_p0.1/epoch_0086.pt
87.0,f1,dropout_p0.1,0.0,adam,0.1,False,small,0.008112451061606407,0.3416666666666667,0.1478076669957223,0.38636363636363635,0.744796828543112,True,,snapshots_probe/small/f1/dropout_p0.1/epoch_0087.pt
88.0,f1,dropout_p0.1,0.0,adam,0.1,False,small,0.0073651825077831745,0.3333333333333333,0.1408632225512778,0.39583333333333337,0.7440535183349851,True,,snapshots_probe/small/f1/dropout_p0.1/epoch_0088.pt
89.0,f1,dropout_p0.1,0.0,adam,0.1,False,small,0.011186526156961918,0.30169172932330823,0.13530766699572228,0.4,0.7430624380574826,True,,snapshots_probe/small/f1/dropout_p0.1/epoch_0089.pt
90.0,f1,dropout_p0.1,0.0,adam,0.1,False,small,0.009530117735266685,0.30833333333333335,0.1478076669957223,0.421875,0.7435579781962339,True,,snapshots_probe/small/f1/dropout_p0.1/epoch_0090.pt
91.0,f1,dropout_p0.1,0.0,adam,0.1,False,small,0.00768072996288538,0.29642857142857143,0.1408632225512778,0.40625,0.7433102081268582,True,,snapshots_probe/small/f1/dropout_p0.1/epoch_0091.pt
92.0,f1,dropout_p0.1,0.0,adam,0.1,False,small,0.008739116601645947,0.31359649122807015,0.1478076669957223,0.4166666666666667,0.7438057482656094,True,,snapshots_probe/small/f1/dropout_p0.1/epoch_0092.pt
93.0,f1,dropout_p0.1,0.0,adam,0.1,False,small,0.007050369866192341,0.29642857142857143,0.13530766699572228,0.40625,0.7428146679881071,True,,snapshots_probe/small/f1/dropout_p0.1/epoch_0093.pt
94.0,f1,dropout_p0.1,0.0,adam,0.1,False,small,0.009187697432935238,0.3416666666666667,0.1408632225512778,0.38636363636363635,0.7443012884043608,True,,snapshots_probe/small/f1/dropout_p0.1/epoch_0094.pt
95.0,f1,dropout_p0.1,0.0,adam,0.1,False,small,0.005554790608584881,0.32598039215686275,0.1408632225512778,0.40384615384615385,0.7438057482656095,True,,snapshots_probe/small/f1/dropout_p0.1/epoch_0095.pt
96.0,f1,dropout_p0.1,0.0,adam,0.1,False,small,0.00737388851121068,0.3194444444444444,0.1408632225512778,0.4107142857142857,0.7435579781962338,True,,snapshots_probe/small/f1/dropout_p0.1/epoch_0096.pt
97.0,f1,dropout_p0.1,0.0,adam,0.1,False,small,0.012299061752855778,0.3333333333333333,0.1408632225512778,0.39583333333333337,0.7440535183349851,True,,snapshots_probe/small/f1/dropout_p0.1/epoch_0097.pt
98.0,f1,dropout_p0.1,0.0,adam,0.1,False,small,0.008349282667040825,0.29276315789473684,0.13530766699572228,0.3833333333333333,0.7433102081268582,True,,snapshots_probe/small/f1/dropout_p0.1/epoch_0098.pt
99.0,f1,dropout_p0.1,0.0,adam,0.1,False,small,0.005913958884775639,0.3194444444444444,0.1408632225512778,0.4107142857142857,0.7435579781962338,True,,snapshots_probe/small/f1/dropout_p0.1/epoch_0099.pt
100.0,f1,dropout_p0.1,0.0,adam,0.1,False,small,0.019766468554735184,0.2600250626566416,0.11447433366238895,0.38333333333333336,0.742814667988107,True,,snapshots_probe/small/f1/dropout_p0.1/epoch_0100.pt
1.0,f1,dropout_p0.2,0.0,adam,0.2,False,small,0.02646644040942192,0.4055555555555555,0.1478076669957223,0.25,0.7467789890981169,True,,snapshots_probe/small/f1/dropout_p0.2/epoch_0001.pt
2.0,f1,dropout_p0.2,0.0,adam,0.2,False,small,0.03837167099118233,0.36217948717948717,0.16447433366238895,0.3888888888888889,0.7460356788899901,True,,snapshots_probe/small/f1/dropout_p0.2/epoch_0002.pt
3.0,f1,dropout_p0.2,0.0,adam,0.2,False,small,0.02982190251350403,0.35119047619047616,0.16447433366238895,0.4,0.7457879088206144,True,,snapshots_probe/small/f1/dropout_p0.2/epoch_0003.pt
4.0,f1,dropout_p0.2,0.0,adam,0.2,False,small,0.016883831471204758,0.325,0.08629483382691674,0.22727272727272727,0.6200445986124876,True,,snapshots_probe/small/f1/dropout_p0.2/epoch_0004.pt
5.0,f1,dropout_p0.2,0.0,adam,0.2,False,small,0.011577315628528595,0.3125,0.08629483382691674,0.22916666666666666,0.6193012884043607,True,,snapshots_probe/small/f1/dropout_p0.2/epoch_0005.pt
6.0,f1,dropout_p0.2,0.0,adam,0.2,False,small,0.016247786581516266,0.29166666666666663,0.08629483382691674,0.23214285714285715,0.6189296333002974,True,,snapshots_probe/small/f1/dropout_p0.2/epoch_0006.pt
7.0,f1,dropout_p0.2,0.0,adam,0.2,False,small,0.01811397261917591,0.375,0.08629483382691674,0.21875,0.6207879088206145,True,,snapshots_probe/small/f1/dropout_p0.2/epoch_0007.pt
8.0,f1,dropout_p0.2,0.0,adam,0.2,False,small,0.029440103098750114,0.29166666666666663,0.08629483382691674,0.23214285714285715,0.6189296333002974,True,,snapshots_probe/small/f1/dropout_p0.2/epoch_0008.pt
9.0,f1,dropout_p0.2,0.0,adam,0.2,False,small,0.03471757471561432,0.28289473684210525,0.08629483382691674,0.23333333333333334,0.6181863230921705,True,,snapshots_probe/small/f1/dropout_p0.2/epoch_0009.pt
10.0,f1,dropout_p0.2,0.0,adam,0.2,False,small,0.018020333722233772,0.325,0.08629483382691674,0.22727272727272727,0.6196729435084242,True,,snapshots_probe/small/f1/dropout_p0.2/epoch_0010.pt
11.0,f1,dropout_p0.2,0.0,adam,0.2,False,small,0.014981377869844437,0.325,0.08629483382691674,0.22727272727272727,0.6196729435084242,True,,snapshots_probe/small/f1/dropout_p0.2/epoch_0011.pt
12.0,f1,dropout_p0.2,0.0,adam,0.2,False,small,0.009597798809409142,0.3125,0.08629483382691674,0.22916666666666666,0.6193012884043607,True,,snapshots_probe/small/f1/dropout_p0.2/epoch_0012.pt
13.0,f1,dropout_p0.2,0.0,adam,0.2,False,small,0.013405571691691875,0.3630952380952381,0.13530766699572228,0.3125,0.7447968285431119,True,,snapshots_probe/small/f1/dropout_p0.2/epoch_0013.pt
14.0,f1,dropout_p0.2,0.0,adam,0.2,False,small,0.020605579018592834,0.375,0.08629483382691674,0.21875,0.6204162537165511,True,,snapshots_probe/small/f1/dropout_p0.2/epoch_0014.pt
15.0,f1,dropout_p0.2,0.0,adam,0.2,False,small,0.0165781881660223,0.3977272727272727,0.08629483382691674,0.2142857142857143,0.6211595639246779,True,,snapshots_probe/small/f1/dropout_p0.2/epoch_0015.pt
16.0,f1,dropout_p0.2,0.0,adam,0.2,False,small,0.01011242251843214,0.3557692307692308,0.08629483382691674,0.2222222222222222,0.6204162537165511,True,,snapshots_probe/small/f1/dropout_p0.2/epoch_0016.pt
17.0,f1,dropout_p0.2,0.0,adam,0.2,False,small,0.015289335511624813,0.3392857142857143,0.1408632225512778,0.35,0.7447968285431119,True,,snapshots_probe/small/f1/dropout_p0.2/epoch_0017.pt
18.0,f1,dropout_p0.2,0.0,adam,0.2,False,small,0.015833966434001923,0.33440170940170943,0.13076221245026773,0.2777777777777778,0.7445490584737363,True,,snapshots_probe/small/f1/dropout_p0.2/epoch_0018.pt
19.0,f1,dropout_p0.2,0.0,adam,0.2,False,small,0.012425253167748451,0.34134615384615385,0.13530766699572228,0.3055555555555556,0.7447968285431119,True,,snapshots_probe/small/f1/dropout_p0.2/epoch_0019.pt
20.0,f1,dropout_p0.2,0.0,adam,0.2,False,small,0.01409494411200285,0.3557692307692308,0.08629483382691674,0.2222222222222222,0.6204162537165511,True,,snapshots_probe/small/f1/dropout_p0.2/epoch_0020.pt
21.0,f1,dropout_p0.2,0.0,adam,0.2,False,small,0.00860095676034689,0.3037878787878788,0.12376920545726074,0.2727272727272727,0.7435579781962339,True,,snapshots_probe/small/f1/dropout_p0.2/epoch_0021.pt
22.0,f1,dropout_p0.2,0.0,adam,0.2,False,small,0.015522707253694534,0.3138888888888889,0.13076221245026773,0.3181818181818182,0.7440535183349851,True,,snapshots_probe/small/f1/dropout_p0.2/epoch_0022.pt
23.0,f1,dropout_p0.2,0.0,adam,0.2,False,small,0.011925787664949894,0.30833333333333335,0.13076221245026773,0.2954545454545454,0.7443012884043607,True,,snapshots_probe/small/f1/dropout_p0.2/epoch_0023.pt
24.0,f1,dropout_p0.2,0.0,adam,0.2,False,small,0.010905643925070763,0.30833333333333335,0.13076221245026773,0.2954545454545454,0.7443012884043607,True,,snapshots_probe/small/f1/dropout_p0.2/epoch_0024.pt
25.0,f1,dropout_p0.2,0.0,adam,0.2,False,small,0.025507090613245964,0.3125,0.13530766699572228,0.3541666666666667,0.7440535183349852,True,,snapshots_probe/small/f1/dropout_p0.2/epoch_0025.pt
26.0,f1,dropout_p0.2,0.0,adam,0.2,False,small,0.026198308914899826,0.3416666666666667,0.1408632225512778,0.38636363636363635,0.7443012884043608,True,,snapshots_probe/small/f1/dropout_p0.2/epoch_0026.pt
27.0,f1,dropout_p0.2,0.0,adam,0.2,False,small,0.01157677173614502,0.3416666666666667,0.1408632225512778,0.38636363636363635,0.7443012884043608,True,,snapshots_probe/small/f1/dropout_p0.2/epoch_0027.pt
28.0,f1,dropout_p0.2,0.0,adam,0.2,False,small,0.02337123267352581,0.3392857142857143,0.1478076669957223,0.35,0.7452923686818632,True,,snapshots_probe/small/f1/dropout_p0.2/epoch_0028.pt
29.0,f1,dropout_p0.2,0.0,adam,0.2,False,small,0.018001249060034752,0.3234126984126984,0.13076221245026773,0.30000000000000004,0.7443012884043607,True,,snapshots_probe/small/f1/dropout_p0.2/epoch_0029.pt
30.0,f1,dropout_p0.2,0.0,adam,0.2,False,small,0.013804687187075615,0.3138888888888889,0.13076221245026773,0.3181818181818182,0.7440535183349851,True,,snapshots_probe/small/f1/dropout_p0.2/epoch_0030.pt
31.0,f1,dropout_p0.2,0.0,adam,0.2,False,small,0.008075262419879436,0.3392857142857143,0.08629483382691674,0.225,0.6204162537165511,True,,snapshots_probe/small/f1/dropout_p0.2/epoch_0031.pt
32.0,f1,dropout_p0.2,0.0,adam,0.2,False,small,0.014441373758018017,0.3138888888888889,0.13530766699572228,0.3181818181818182,0.7445490584737363,True,,snapshots_probe/small/f1/dropout_p0.2/epoch_0032.pt
33.0,f1,dropout_p0.2,0.0,adam,0.2,False,small,0.024617308750748634,0.3138888888888889,0.13530766699572228,0.3181818181818182,0.7445490584737363,True,,snapshots_probe/small/f1/dropout_p0.2/epoch_0033.pt
34.0,f1,dropout_p0.2,0.0,adam,0.2,False,small,0.011287344619631767,0.3138888888888889,0.13530766699572228,0.3181818181818182,0.7445490584737363,True,,snapshots_probe/small/f1/dropout_p0.2/epoch_0034.pt
35.0,f1,dropout_p0.2,0.0,adam,0.2,False,small,0.00992409698665142,0.29820261437908496,0.13076221245026773,0.34615384615384615,0.7435579781962339,True,,snapshots_probe/small/f1/dropout_p0.2/epoch_0035.pt
36.0,f1,dropout_p0.2,0.0,adam,0.2,False,small,0.009241717867553234,0.30833333333333335,0.13076221245026773,0.2954545454545454,0.7443012884043607,True,,snapshots_probe/small/f1/dropout_p0.2/epoch_0036.pt
37.0,f1,dropout_p0.2,0.0,adam,0.2,False,small,0.012429454363882542,0.29264705882352937,0.13076221245026773,0.3269230769230769,0.7438057482656095,True,,snapshots_probe/small/f1/dropout_p0.2/epoch_0037.pt
38.0,f1,dropout_p0.2,0.0,adam,0.2,False,small,0.024300644174218178,0.3,0.13076221245026773,0.3125,0.7440535183349851,True,,snapshots_probe/small/f1/dropout_p0.2/epoch_0038.pt
39.0,f1,dropout_p0.2,0.0,adam,0.2,False,small,0.04112120717763901,0.3125,0.1200298892179445,0.25,0.7452923686818633,True,,snapshots_probe/small/f1/dropout_p0.2/epoch_0039.pt
40.0,f1,dropout_p0.2,0.0,adam,0.2,False,small,0.022470004856586456,0.3055555555555556,0.13530766699572228,0.3333333333333333,0.7443012884043607,True,,snapshots_probe/small/f1/dropout_p0.2/epoch_0040.pt
41.0,f1,dropout_p0.2,0.0,adam,0.2,False,small,0.00858492124825716,0.35416666666666663,0.1408632225512778,0.28125,0.7455401387512389,True,,snapshots_probe/small/f1/dropout_p0.2/epoch_0041.pt
42.0,f1,dropout_p0.2,0.0,adam,0.2,False,small,0.01149671245366335,0.29264705882352937,0.13076221245026773,0.3269230769230769,0.7438057482656095,True,,snapshots_probe/small/f1/dropout_p0.2/epoch_0042.pt
43.0,f1,dropout_p0.2,0.0,adam,0.2,False,small,0.010252200067043304,0.2858187134502924,0.13530766699572228,0.3666666666666667,0.7435579781962338,True,,snapshots_probe/small/f1/dropout_p0.2/epoch_0043.pt
44.0,f1,dropout_p0.2,0.0,adam,0.2,False,small,0.011232621967792511,0.3392857142857143,0.1478076669957223,0.35,0.7452923686818632,True,,snapshots_probe/small/f1/dropout_p0.2/epoch_0044.pt
45.0,f1,dropout_p0.2,0.0,adam,0.2,False,small,0.013209342025220394,0.34134615384615385,0.1408632225512778,0.3055555555555556,0.7452923686818632,True,,snapshots_probe/small/f1/dropout_p0.2/epoch_0045.pt
46.0,f1,dropout_p0.2,0.0,adam,0.2,False,small,0.02547937072813511,0.3138888888888889,0.13076221245026773,0.3181818181818182,0.7440535183349851,True,,snapshots_probe/small/f1/dropout_p0.2/epoch_0046.pt
47.0,f1,dropout_p0.2,0.0,adam,0.2,False,small,0.009911919943988323,0.33035714285714285,0.1408632225512778,0.325,0.7450445986124876,True,,snapshots_probe/small/f1/dropout_p0.2/epoch_0047.pt
48.0,f1,dropout_p0.2,0.0,adam,0.2,False,small,0.013884754851460457,0.33035714285714285,0.1408632225512778,0.325,0.7450445986124876,True,,snapshots_probe/small/f1/dropout_p0.2/epoch_0048.pt
49.0,f1,dropout_p0.2,0.0,adam,0.2,False,small,0.00927066057920456,0.2722222222222222,0.11447433366238895,0.29545454545454547,0.7443012884043607,True,,snapshots_probe/small/f1/dropout_p0.2/epoch_0049.pt
50.0,f1,dropout_p0.2,0.0,adam,0.2,False,small,0.01715836115181446,0.2791666666666667,0.1200298892179445,0.3181818181818182,0.7445490584737363,True,,snapshots_probe/small/f1/dropout_p0.2/epoch_0050.pt
51.0,f1,dropout_p0.2,0.0,adam,0.2,False,small,0.016935961320996284,0.3208333333333333,0.13530766699572228,0.34090909090909094,0.7443012884043607,True,,snapshots_probe/small/f1/dropout_p0.2/epoch_0051.pt
52.0,f1,dropout_p0.2,0.0,adam,0.2,False,small,0.011208804324269295,0.29273504273504275,0.11447433366238895,0.25,0.744796828543112,True,,snapshots_probe/small/f1/dropout_p0.2/epoch_0052.pt
53.0,f1,dropout_p0.2,0.0,adam,0.2,False,small,0.010689515620470047,0.33035714285714285,0.1408632225512778,0.325,0.7450445986124876,True,,snapshots_probe/small/f1/dropout_p0.2/epoch_0053.pt
54.0,f1,dropout_p0.2,0.0,adam,0.2,False,small,0.010528932325541973,0.34134615384615385,0.1408632225512778,0.3055555555555556,0.7452923686818632,True,,snapshots_probe/small/f1/dropout_p0.2/epoch_0054.pt
55.0,f1,dropout_p0.2,0.0,adam,0.2,False,small,0.025755904614925385,0.2638888888888889,0.11447433366238895,0.3125,0.7440535183349851,True,,snapshots_probe/small/f1/dropout_p0.2/epoch_0055.pt
56.0,f1,dropout_p0.2,0.0,adam,0.2,False,small,0.011248978786170483,0.3208333333333333,0.1408632225512778,0.34090909090909094,0.7447968285431119,True,,snapshots_probe/small/f1/dropout_p0.2/epoch_0056.pt
57.0,f1,dropout_p0.2,0.0,adam,0.2,False,small,0.015618898905813694,0.3208333333333333,0.13530766699572228,0.34090909090909094,0.7443012884043607,True,,snapshots_probe/small/f1/dropout_p0.2/epoch_0057.pt
58.0,f1,dropout_p0.2,0.0,adam,0.2,False,small,0.014141409657895565,0.33035714285714285,0.1408632225512778,0.325,0.7450445986124876,True,,snapshots_probe/small/f1/dropout_p0.2/epoch_0058.pt
59.0,f1,dropout_p0.2,0.0,adam,0.2,False,small,0.024901924654841423,0.2791666666666667,0.1200298892179445,0.3181818181818182,0.7445490584737363,True,,snapshots_probe/small/f1/dropout_p0.2/epoch_0059.pt
60.0,f1,dropout_p0.2,0.0,adam,0.2,False,small,0.015521390363574028,0.23570261437908496,0.10197433366238895,0.3076923076923077,0.7435579781962339,True,,snapshots_probe/small/f1/dropout_p0.2/epoch_0060.pt
61.0,f1,dropout_p0.2,0.0,adam,0.2,False,small,0.013070384040474892,0.3208333333333333,0.1408632225512778,0.34090909090909094,0.7447968285431119,True,,snapshots_probe/small/f1/dropout_p0.2/epoch_0061.pt
62.0,f1,dropout_p0.2,0.0,adam,0.2,False,small,0.026834458112716675,0.3138888888888889,0.13530766699572228,0.3181818181818182,0.7445490584737363,True,,snapshots_probe/small/f1/dropout_p0.2/epoch_0062.pt
63.0,f1,dropout_p0.2,0.0,adam,0.2,False,small,0.00846780650317669,0.26666666666666666,0.1099288791169344,0.2727272727272727,0.744053518334985,True,,snapshots_probe/small/f1/dropout_p0.2/epoch_0063.pt
64.0,f1,dropout_p0.2,0.0,adam,0.2,False,small,0.028739282861351967,0.2638888888888889,0.11447433366238895,0.3125,0.7440535183349851,True,,snapshots_probe/small/f1/dropout_p0.2/epoch_0064.pt
65.0,f1,dropout_p0.2,0.0,adam,0.2,False,small,0.011963210068643093,0.28174603174603174,0.11447433366238895,0.275,0.7445490584737363,True,,snapshots_probe/small/f1/dropout_p0.2/epoch_0065.pt
66.0,f1,dropout_p0.2,0.0,adam,0.2,False,small,0.020041078329086304,0.2708333333333333,0.1200298892179445,0.33333333333333337,0.7443012884043607,True,,snapshots_probe/small/f1/dropout_p0.2/epoch_0066.pt
67.0,f1,dropout_p0.2,0.0,adam,0.2,False,small,0.014290226623415947,0.2791666666666667,0.11447433366238895,0.3181818181818182,0.7440535183349851,True,,snapshots_probe/small/f1/dropout_p0.2/epoch_0067.pt
68.0,f1,dropout_p0.2,0.0,adam,0.2,False,small,0.008230084553360939,0.29967948717948717,0.1200298892179445,0.2777777777777778,0.7450445986124876,True,,snapshots_probe/small/f1/dropout_p0.2/epoch_0068.pt
69.0,f1,dropout_p0.2,0.0,adam,0.2,False,small,0.012428498826920986,0.3392857142857143,0.1478076669957223,0.35,0.7452923686818632,True,,snapshots_probe/small/f1/dropout_p0.2/epoch_0069.pt
70.0,f1,dropout_p0.2,0.0,adam,0.2,False,small,0.010699129663407803,0.3208333333333333,0.13530766699572228,0.34090909090909094,0.7443012884043607,True,,snapshots_probe/small/f1/dropout_p0.2/epoch_0070.pt
71.0,f1,dropout_p0.2,0.0,adam,0.2,False,small,0.01101534441113472,0.3208333333333333,0.1408632225512778,0.34090909090909094,0.7447968285431119,True,,snapshots_probe/small/f1/dropout_p0.2/epoch_0071.pt
72.0,f1,dropout_p0.2,0.0,adam,0.2,False,small,0.016533082351088524,0.35027472527472525,0.1478076669957223,0.3333333333333333,0.7455401387512388,True,,snapshots_probe/small/f1/dropout_p0.2/epoch_0072.pt
73.0,f1,dropout_p0.2,0.0,adam,0.2,False,small,0.00883424561470747,0.26348039215686275,0.1200298892179445,0.34615384615384615,0.7440535183349852,True,,snapshots_probe/small/f1/dropout_p0.2/epoch_0073.pt
74.0,f1,dropout_p0.2,0.0,adam,0.2,False,small,0.017157377675175667,0.3208333333333333,0.1408632225512778,0.34090909090909094,0.7447968285431119,True,,snapshots_probe/small/f1/dropout_p0.2/epoch_0074.pt
75.0,f1,dropout_p0.2,0.0,adam,0.2,False,small,0.0243565384298563,0.3208333333333333,0.1408632225512778,0.34090909090909094,0.7447968285431119,True,,snapshots_probe/small/f1/dropout_p0.2/epoch_0075.pt
76.0,f1,dropout_p0.2,0.0,adam,0.2,False,small,0.013630789704620838,0.2986111111111111,0.13530766699572228,0.375,0.7435579781962338,True,,snapshots_probe/small/f1/dropout_p0.2/epoch_0076.pt
77.0,f1,dropout_p0.2,0.0,adam,0.2,False,small,0.009107489138841629,0.3208333333333333,0.13530766699572228,0.34090909090909094,0.7443012884043607,True,,snapshots_probe/small/f1/dropout_p0.2/epoch_0077.pt
78.0,f1,dropout_p0.2,0.0,adam,0.2,False,small,0.017577148973941803,0.3208333333333333,0.1408632225512778,0.34090909090909094,0.7447968285431119,True,,snapshots_probe/small/f1/dropout_p0.2/epoch_0078.pt
79.0,f1,dropout_p0.2,0.0,adam,0.2,False,small,0.012170030735433102,0.3125,0.14086322255127784,0.3541666666666667,0.7445490584737363,True,,snapshots_probe/small/f1/dropout_p0.2/epoch_0079.pt
80.0,f1,dropout_p0.2,0.0,adam,0.2,False,small,0.011408522725105286,0.33035714285714285,0.1408632225512778,0.325,0.7450445986124876,True,,snapshots_probe/small/f1/dropout_p0.2/epoch_0080.pt
81.0,f1,dropout_p0.2,0.0,adam,0.2,False,small,0.014859798364341259,0.3392857142857143,0.1478076669957223,0.35,0.7452923686818632,True,,snapshots_probe/small/f1/dropout_p0.2/epoch_0081.pt
82.0,f1,dropout_p0.2,0.0,adam,0.2,False,small,0.02800818718969822,0.29967948717948717,0.11447433366238895,0.2777777777777778,0.7445490584737363,True,,snapshots_probe/small/f1/dropout_p0.2/epoch_0082.pt
83.0,f1,dropout_p0.2,0.0,adam,0.2,False,small,0.014658854342997074,0.3208333333333333,0.13530766699572228,0.34090909090909094,0.7443012884043607,True,,snapshots_probe/small/f1/dropout_p0.2/epoch_0083.pt
84.0,f1,dropout_p0.2,0.0,adam,0.2,False,small,0.01383213885128498,0.3208333333333333,0.1408632225512778,0.34090909090909094,0.7447968285431119,True,,snapshots_probe/small/f1/dropout_p0.2/epoch_0084.pt
85.0,f1,dropout_p0.2,0.0,adam,0.2,False,small,0.010401161387562752,0.2569444444444444,0.11447433366238895,0.3571428571428571,0.7433102081268582,True,,snapshots_probe/small/f1/dropout_p0.2/epoch_0085.pt
86.0,f1,dropout_p0.2,0.0,adam,0.2,False,small,0.014955137856304646,0.3208333333333333,0.1408632225512778,0.34090909090909094,0.7447968285431119,True,,snapshots_probe/small/f1/dropout_p0.2/epoch_0086.pt
87.0,f1,dropout_p0.2,0.0,adam,0.2,False,small,0.010558046400547028,0.2708333333333333,0.1200298892179445,0.33333333333333337,0.7443012884043607,True,,snapshots_probe/small/f1/dropout_p0.2/epoch_0087.pt
88.0,f1,dropout_p0.2,0.0,adam,0.2,False,small,0.0252440944314003,0.3214285714285714,0.1478076669957223,0.375,0.744796828543112,True,,snapshots_probe/small/f1/dropout_p0.2/epoch_0088.pt
89.0,f1,dropout_p0.2,0.0,adam,0.2,False,small,0.013359153643250465,0.30514705882352944,0.1408632225512778,0.36538461538461536,0.7443012884043608,True,,snapshots_probe/small/f1/dropout_p0.2/epoch_0089.pt
90.0,f1,dropout_p0.2,0.0,adam,0.2,False,small,0.0091296611353755,0.3392857142857143,0.1478076669957223,0.35,0.7452923686818632,True,,snapshots_probe/small/f1/dropout_p0.2/epoch_0090.pt
91.0,f1,dropout_p0.2,0.0,adam,0.2,False,small,0.014484561048448086,0.30753968253968256,0.13530766699572228,0.3928571428571428,0.7433102081268582,True,,snapshots_probe/small/f1/dropout_p0.2/epoch_0091.pt
92.0,f1,dropout_p0.2,0.0,adam,0.2,False,small,0.01134864054620266,0.3392857142857143,0.1478076669957223,0.35,0.7452923686818632,True,,snapshots_probe/small/f1/dropout_p0.2/epoch_0092.pt
93.0,f1,dropout_p0.2,0.0,adam,0.2,False,small,0.02167586050927639,0.28809523809523807,0.1200298892179445,0.3409090909090909,0.7443012884043607,True,,snapshots_probe/small/f1/dropout_p0.2/epoch_0093.pt
94.0,f1,dropout_p0.2,0.0,adam,0.2,False,small,0.0190918929874897,0.26348039215686275,0.11447433366238895,0.34615384615384615,0.7435579781962339,True,,snapshots_probe/small/f1/dropout_p0.2/epoch_0094.pt
95.0,f1,dropout_p0.2,0.0,adam,0.2,False,small,0.007424484007060528,0.3392857142857143,0.1408632225512778,0.35,0.7447968285431119,True,,snapshots_probe/small/f1/dropout_p0.2/epoch_0095.pt
96.0,f1,dropout_p0.2,0.0,adam,0.2,False,small,0.014540010131895542,0.3138888888888889,0.13530766699572228,0.3181818181818182,0.7445490584737363,True,,snapshots_probe/small/f1/dropout_p0.2/epoch_0096.pt
97.0,f1,dropout_p0.2,0.0,adam,0.2,False,small,0.012271939776837826,0.34134615384615385,0.13530766699572228,0.3055555555555556,0.7447968285431119,True,,snapshots_probe/small/f1/dropout_p0.2/epoch_0097.pt
98.0,f1,dropout_p0.2,0.0,adam,0.2,False,small,0.017767496407032013,0.35119047619047616,0.1478076669957223,0.375,0.7450445986124875,True,,snapshots_probe/small/f1/dropout_p0.2/epoch_0098.pt
99.0,f1,dropout_p0.2,0.0,adam,0.2,False,small,0.011959818191826344,0.3125,0.13530766699572228,0.3541666666666667,0.7440535183349852,True,,snapshots_probe/small/f1/dropout_p0.2/epoch_0099.pt
100.0,f1,dropout_p0.2,0.0,adam,0.2,False,small,0.014748365618288517,0.3392857142857143,0.1408632225512778,0.35,0.7447968285431119,True,,snapshots_probe/small/f1/dropout_p0.2/epoch_0100.pt
1.0,f1,dropout_p0.3,0.0,adam,0.3,False,small,0.027154041454195976,0.3333333333333333,0.003948667324777887,0.0,0.4950445986124876,True,,snapshots_probe/small/f1/dropout_p0.3/epoch_0001.pt
2.0,f1,dropout_p0.3,0.0,adam,0.3,False,small,0.020674899220466614,0.325,0.08629483382691674,0.22727272727272727,0.6193012884043607,True,,snapshots_probe/small/f1/dropout_p0.3/epoch_0002.pt
3.0,f1,dropout_p0.3,0.0,adam,0.3,False,small,0.02285812422633171,0.2857142857142857,0.003948667324777887,0.0,0.4940535183349851,True,,snapshots_probe/small/f1/dropout_p0.3/epoch_0003.pt
4.0,f1,dropout_p0.3,0.0,adam,0.3,False,small,0.014982976950705051,0.3392857142857143,0.08629483382691674,0.225,0.6200445986124876,True,,snapshots_probe/small/f1/dropout_p0.3/epoch_0004.pt
5.0,f1,dropout_p0.3,0.0,adam,0.3,False,small,0.024894259870052338,0.2976190476190476,0.06546150049358342,0.2,0.6201684836471755,True,,snapshots_probe/small/f1/dropout_p0.3/epoch_0005.pt
6.0,f1,dropout_p0.3,0.0,adam,0.3,False,small,0.017311833798885345,0.375,0.08629483382691674,0.21875,0.6207879088206145,True,,snapshots_probe/small/f1/dropout_p0.3/epoch_0006.pt
7.0,f1,dropout_p0.3,0.0,adam,0.3,False,small,0.022328978404402733,0.3141025641025641,0.06546150049358342,0.19444444444444445,0.6201684836471755,True,,snapshots_probe/small/f1/dropout_p0.3/epoch_0007.pt
8.0,f1,dropout_p0.3,0.0,adam,0.3,False,small,0.02090703509747982,0.325,0.08629483382691674,0.22727272727272727,0.6200445986124876,True,,snapshots_probe/small/f1/dropout_p0.3/epoch_0008.pt
9.0,f1,dropout_p0.3,0.0,adam,0.3,False,small,0.016326509416103363,0.3557692307692308,0.08629483382691674,0.2222222222222222,0.6204162537165511,True,,snapshots_probe/small/f1/dropout_p0.3/epoch_0009.pt
10.0,f1,dropout_p0.3,0.0,adam,0.3,False,small,0.01749918982386589,0.2833333333333333,0.06546150049358342,0.20454545454545453,0.619796828543112,True,,snapshots_probe/small/f1/dropout_p0.3/epoch_0010.pt
11.0,f1,dropout_p0.3,0.0,adam,0.3,False,small,0.028230058029294014,0.2833333333333333,0.06546150049358342,0.20454545454545453,0.6194251734390486,True,,snapshots_probe/small/f1/dropout_p0.3/epoch_0011.pt
12.0,f1,dropout_p0.3,0.0,adam,0.3,False,small,0.025415679439902306,0.3392857142857143,0.08629483382691674,0.225,0.6200445986124876,True,,snapshots_probe/small/f1/dropout_p0.3/epoch_0012.pt
13.0,f1,dropout_p0.3,0.0,adam,0.3,False,small,0.02216205932199955,0.375,0.08629483382691674,0.21875,0.6207879088206145,True,,snapshots_probe/small/f1/dropout_p0.3/epoch_0013.pt
14.0,f1,dropout_p0.3,0.0,adam,0.3,False,small,0.019664552062749863,0.42500000000000004,0.08629483382691674,0.20833333333333334,0.6211595639246779,True,,snapshots_probe/small/f1/dropout_p0.3/epoch_0014.pt
15.0,f1,dropout_p0.3,0.0,adam,0.3,False,small,0.021604381501674652,0.3557692307692308,0.08629483382691674,0.2222222222222222,0.6207879088206145,True,,snapshots_probe/small/f1/dropout_p0.3/epoch_0015.pt
16.0,f1,dropout_p0.3,0.0,adam,0.3,False,small,0.03168569132685661,0.325,0.08629483382691674,0.22727272727272727,0.6200445986124876,True,,snapshots_probe/small/f1/dropout_p0.3/epoch_0016.pt
17.0,f1,dropout_p0.3,0.0,adam,0.3,False,small,0.011820108629763126,0.2976190476190476,0.06546150049358342,0.2,0.619796828543112,True,,snapshots_probe/small/f1/dropout_p0.3/epoch_0017.pt
18.0,f1,dropout_p0.3,0.0,adam,0.3,False,small,0.018233340233564377,0.2708333333333333,0.06546150049358342,0.20833333333333334,0.6190535183349851,True,,snapshots_probe/small/f1/dropout_p0.3/epoch_0018.pt
19.0,f1,dropout_p0.3,0.0,adam,0.3,False,small,0.017770495265722275,0.24122807017543857,0.06546150049358342,0.21666666666666667,0.6183102081268583,True,,snapshots_probe/small/f1/dropout_p0.3/epoch_0019.pt
20.0,f1,dropout_p0.3,0.0,adam,0.3,False,small,0.02748844400048256,0.325,0.08629483382691674,0.22727272727272727,0.6196729435084242,True,,snapshots_probe/small/f1/dropout_p0.3/epoch_0020.pt
21.0,f1,dropout_p0.3,0.0,adam,0.3,False,small,0.012136775068938732,0.3014705882352941,0.08629483382691674,0.23076923076923078,0.6193012884043607,True,,snapshots_probe/small/f1/dropout_p0.3/epoch_0021.pt
22.0,f1,dropout_p0.3,0.0,adam,0.3,False,small,0.021424321457743645,0.25,0.06546150049358342,0.2142857142857143,0.6183102081268583,True,,snapshots_probe/small/f1/dropout_p0.3/epoch_0022.pt
23.0,f1,dropout_p0.3,0.0,adam,0.3,False,small,0.02029550075531006,0.22916666666666666,0.05296150049358342,0.19642857142857142,0.6180624380574826,True,,snapshots_probe/small/f1/dropout_p0.3/epoch_0023.pt
24.0,f1,dropout_p0.3,0.0,adam,0.3,False,small,0.01887916959822178,0.2389705882352941,0.05296150049358342,0.1923076923076923,0.6180624380574826,True,,snapshots_probe/small/f1/dropout_p0.3/epoch_0024.pt
25.0,f1,dropout_p0.3,0.0,adam,0.3,False,small,0.011454274877905846,0.25,0.05296150049358342,0.1875,0.6188057482656095,True,,snapshots_probe/small/f1/dropout_p0.3/epoch_0025.pt
26.0,f1,dropout_p0.3,0.0,adam,0.3,False,small,0.015089979395270348,0.2708333333333333,0.06546150049358342,0.20833333333333334,0.6194251734390486,True,,snapshots_probe/small/f1/dropout_p0.3/epoch_0026.pt
27.0,f1,dropout_p0.3,0.0,adam,0.3,False,small,0.013711053878068924,0.2598039215686274,0.06546150049358342,0.21153846153846154,0.6186818632309217,True,,snapshots_probe/small/f1/dropout_p0.3/epoch_0027.pt
28.0,f1,dropout_p0.3,0.0,adam,0.3,False,small,0.013668019324541092,0.325,0.08629483382691674,0.22727272727272727,0.6196729435084242,True,,snapshots_probe/small/f1/dropout_p0.3/epoch_0028.pt
29.0,f1,dropout_p0.3,0.0,adam,0.3,False,small,0.026585908606648445,0.2976190476190476,0.06546150049358342,0.2,0.619796828543112,True,,snapshots_probe/small/f1/dropout_p0.3/epoch_0029.pt
30.0,f1,dropout_p0.3,0.0,adam,0.3,False,small,0.019175663590431213,0.275,0.08629483382691674,0.234375,0.6174430128840436,True,,snapshots_probe/small/f1/dropout_p0.3/epoch_0030.pt
31.0,f1,dropout_p0.3,0.0,adam,0.3,False,small,0.014660077169537544,0.22916666666666666,0.05296150049358342,0.19642857142857142,0.6176907829534193,True,,snapshots_probe/small/f1/dropout_p0.3/epoch_0031.pt
32.0,f1,dropout_p0.3,0.0,adam,0.3,False,small,0.03381340950727463,0.29166666666666663,0.08629483382691674,0.23214285714285715,0.6181863230921705,True,,snapshots_probe/small/f1/dropout_p0.3/epoch_0032.pt
33.0,f1,dropout_p0.3,0.0,adam,0.3,False,small,0.01754646748304367,0.2598039215686274,0.06546150049358342,0.21153846153846154,0.6183102081268583,True,,snapshots_probe/small/f1/dropout_p0.3/epoch_0033.pt
34.0,f1,dropout_p0.3,0.0,adam,0.3,False,small,0.027972016483545303,0.2598039215686274,0.06546150049358342,0.21153846153846154,0.6183102081268583,True,,snapshots_probe/small/f1/dropout_p0.3/epoch_0034.pt
35.0,f1,dropout_p0.3,0.0,adam,0.3,False,small,0.017753101885318756,0.25,0.06546150049358342,0.2142857142857143,0.6179385530227949,True,,snapshots_probe/small/f1/dropout_p0.3/epoch_0035.pt
36.0,f1,dropout_p0.3,0.0,adam,0.3,False,small,0.02752518653869629,0.2598039215686274,0.06546150049358342,0.21153846153846154,0.6186818632309217,True,,snapshots_probe/small/f1/dropout_p0.3/epoch_0036.pt
37.0,f1,dropout_p0.3,0.0,adam,0.3,False,small,0.01722889021039009,0.2708333333333333,0.06546150049358342,0.20833333333333334,0.6186818632309217,True,,snapshots_probe/small/f1/dropout_p0.3/epoch_0037.pt
38.0,f1,dropout_p0.3,0.0,adam,0.3,False,small,0.014474185183644295,0.22916666666666666,0.05296150049358342,0.19642857142857142,0.6180624380574826,True,,snapshots_probe/small/f1/dropout_p0.3/epoch_0038.pt
39.0,f1,dropout_p0.3,0.0,adam,0.3,False,small,0.012059721164405346,0.25,0.06546150049358342,0.2142857142857143,0.6183102081268583,True,,snapshots_probe/small/f1/dropout_p0.3/epoch_0039.pt
40.0,f1,dropout_p0.3,0.0,adam,0.3,False,small,0.01739635318517685,0.22916666666666666,0.05296150049358342,0.19642857142857142,0.6176907829534193,True,,snapshots_probe/small/f1/dropout_p0.3/epoch_0040.pt
41.0,f1,dropout_p0.3,0.0,adam,0.3,False,small,0.01743495464324951,0.25,0.05296150049358342,0.1875,0.6188057482656095,True,,snapshots_probe/small/f1/dropout_p0.3/epoch_0041.pt
42.0,f1,dropout_p0.3,0.0,adam,0.3,False,small,0.02913570962846279,0.2708333333333333,0.06546150049358342,0.20833333333333334,0.6190535183349851,True,,snapshots_probe/small/f1/dropout_p0.3/epoch_0042.pt
43.0,f1,dropout_p0.3,0.0,adam,0.3,False,small,0.015566139481961727,0.2708333333333333,0.06546150049358342,0.20833333333333334,0.6190535183349851,True,,snapshots_probe/small/f1/dropout_p0.3/epoch_0043.pt
44.0,f1,dropout_p0.3,0.0,adam,0.3,False,small,0.021712949499487877,0.2833333333333333,0.06546150049358342,0.20454545454545453,0.6194251734390486,True,,snapshots_probe/small/f1/dropout_p0.3/epoch_0044.pt
45.0,f1,dropout_p0.3,0.0,adam,0.3,False,small,0.012430553324520588,0.2625,0.05296150049358342,0.18181818181818182,0.619177403369673,True,,snapshots_probe/small/f1/dropout_p0.3/epoch_0045.pt
46.0,f1,dropout_p0.3,0.0,adam,0.3,False,small,0.013227210380136967,0.25,0.05296150049358342,0.1875,0.6188057482656095,True,,snapshots_probe/small/f1/dropout_p0.3/epoch_0046.pt
47.0,f1,dropout_p0.3,0.0,adam,0.3,False,small,0.01659608632326126,0.2389705882352941,0.05296150049358342,0.1923076923076923,0.6184340931615461,True,,snapshots_probe/small/f1/dropout_p0.3/epoch_0047.pt
48.0,f1,dropout_p0.3,0.0,adam,0.3,False,small,0.015446234494447708,0.2976190476190476,0.06546150049358342,0.2,0.619796828543112,True,,snapshots_probe/small/f1/dropout_p0.3/epoch_0048.pt
49.0,f1,dropout_p0.3,0.0,adam,0.3,False,small,0.030207563191652298,0.2598039215686274,0.06546150049358342,0.21153846153846154,0.6186818632309217,True,,snapshots_probe/small/f1/dropout_p0.3/epoch_0049.pt
50.0,f1,dropout_p0.3,0.0,adam,0.3,False,small,0.019744914025068283,0.2625,0.05296150049358342,0.18181818181818182,0.6195490584737364,True,,snapshots_probe/small/f1/dropout_p0.3/epoch_0050.pt
51.0,f1,dropout_p0.3,0.0,adam,0.3,False,small,0.016537941992282867,0.25,0.05296150049358342,0.1875,0.619177403369673,True,,snapshots_probe/small/f1/dropout_p0.3/epoch_0051.pt
52.0,f1,dropout_p0.3,0.0,adam,0.3,False,small,0.018185798078775406,0.2625,0.05296150049358342,0.18181818181818182,0.619177403369673,True,,snapshots_probe/small/f1/dropout_p0.3/epoch_0052.pt
53.0,f1,dropout_p0.3,0.0,adam,0.3,False,small,0.014038879424333572,0.25,0.05296150049358342,0.1875,0.6188057482656095,True,,snapshots_probe/small/f1/dropout_p0.3/epoch_0053.pt
54.0,f1,dropout_p0.3,0.0,adam,0.3,False,small,0.01412646472454071,0.25,0.05296150049358342,0.1875,0.6188057482656095,True,,snapshots_probe/small/f1/dropout_p0.3/epoch_0054.pt
55.0,f1,dropout_p0.3,0.0,adam,0.3,False,small,0.04848141968250275,0.2642857142857143,0.04462816716025008,0.15,0.6196729435084242,True,,snapshots_probe/small/f1/dropout_p0.3/epoch_0055.pt
56.0,f1,dropout_p0.3,0.0,adam,0.3,False,small,0.012687906622886658,0.2625,0.05296150049358342,0.18181818181818182,0.6195490584737364,True,,snapshots_probe/small/f1/dropout_p0.3/epoch_0056.pt
57.0,f1,dropout_p0.3,0.0,adam,0.3,False,small,0.0163210928440094,0.22916666666666666,0.05296150049358342,0.19642857142857142,0.6180624380574826,True,,snapshots_probe/small/f1/dropout_p0.3/epoch_0057.pt
58.0,f1,dropout_p0.3,0.0,adam,0.3,False,small,0.0210495013743639,0.25,0.05296150049358342,0.1875,0.6188057482656095,True,,snapshots_probe/small/f1/dropout_p0.3/epoch_0058.pt
59.0,f1,dropout_p0.3,0.0,adam,0.3,False,small,0.011549566872417927,0.2833333333333333,0.06546150049358342,0.20454545454545453,0.6190535183349851,True,,snapshots_probe/small/f1/dropout_p0.3/epoch_0059.pt
60.0,f1,dropout_p0.3,0.0,adam,0.3,False,small,0.018529051914811134,0.2389705882352941,0.05296150049358342,0.1923076923076923,0.6180624380574826,True,,snapshots_probe/small/f1/dropout_p0.3/epoch_0060.pt
61.0,f1,dropout_p0.3,0.0,adam,0.3,False,small,0.015023055486381054,0.2389705882352941,0.05296150049358342,0.1923076923076923,0.6184340931615461,True,,snapshots_probe/small/f1/dropout_p0.3/epoch_0061.pt
62.0,f1,dropout_p0.3,0.0,adam,0.3,False,small,0.0342731736600399,0.25,0.05296150049358342,0.1875,0.6188057482656095,True,,snapshots_probe/small/f1/dropout_p0.3/epoch_0062.pt
63.0,f1,dropout_p0.3,0.0,adam,0.3,False,small,0.017551753669977188,0.2389705882352941,0.05296150049358342,0.1923076923076923,0.6184340931615461,True,,snapshots_probe/small/f1/dropout_p0.3/epoch_0063.pt
64.0,f1,dropout_p0.3,0.0,adam,0.3,False,small,0.027942491695284843,0.2389705882352941,0.05296150049358342,0.1923076923076923,0.6184340931615461,True,,snapshots_probe/small/f1/dropout_p0.3/epoch_0064.pt
65.0,f1,dropout_p0.3,0.0,adam,0.3,False,small,0.014431572519242764,0.3141025641025641,0.06546150049358342,0.19444444444444445,0.619796828543112,True,,snapshots_probe/small/f1/dropout_p0.3/epoch_0065.pt
66.0,f1,dropout_p0.3,0.0,adam,0.3,False,small,0.012397621758282185,0.2932692307692308,0.05296150049358342,0.16666666666666669,0.6199207135777998,True,,snapshots_probe/small/f1/dropout_p0.3/epoch_0066.pt
67.0,f1,dropout_p0.3,0.0,adam,0.3,False,small,0.03336238116025925,0.22916666666666666,0.04462816716025008,0.19642857142857142,0.6174430128840436,True,,snapshots_probe/small/f1/dropout_p0.3/epoch_0067.pt
68.0,f1,dropout_p0.3,0.0,adam,0.3,False,small,0.015613028779625893,0.22039473684210525,0.05296150049358342,0.2,0.6173191278493558,True,,snapshots_probe/small/f1/dropout_p0.3/epoch_0068.pt
69.0,f1,dropout_p0.3,0.0,adam,0.3,False,small,0.02115522511303425,0.2598039215686274,0.06546150049358342,0.21153846153846154,0.6183102081268583,True,,snapshots_probe/small/f1/dropout_p0.3/epoch_0069.pt
70.0,f1,dropout_p0.3,0.0,adam,0.3,False,small,0.011644941754639149,0.2976190476190476,0.06546150049358342,0.2,0.6194251734390486,True,,snapshots_probe/small/f1/dropout_p0.3/epoch_0070.pt
71.0,f1,dropout_p0.3,0.0,adam,0.3,False,small,0.014906533062458038,0.2708333333333333,0.06546150049358342,0.20833333333333334,0.6190535183349851,True,,snapshots_probe/small/f1/dropout_p0.3/epoch_0071.pt
72.0,f1,dropout_p0.3,0.0,adam,0.3,False,small,0.01760542020201683,0.2833333333333333,0.06546150049358342,0.20454545454545453,0.6190535183349851,True,,snapshots_probe/small/f1/dropout_p0.3/epoch_0072.pt
73.0,f1,dropout_p0.3,0.0,adam,0.3,False,small,0.027416011318564415,0.29166666666666663,0.08629483382691674,0.23214285714285715,0.6185579781962339,True,,snapshots_probe/small/f1/dropout_p0.3/epoch_0073.pt
74.0,f1,dropout_p0.3,0.0,adam,0.3,False,small,0.013361969962716103,0.29166666666666663,0.08629483382691674,0.23214285714285715,0.6185579781962339,True,,snapshots_probe/small/f1/dropout_p0.3/epoch_0074.pt
75.0,f1,dropout_p0.3,0.0,adam,0.3,False,small,0.019978273659944534,0.3557692307692308,0.08629483382691674,0.2222222222222222,0.6204162537165511,True,,snapshots_probe/small/f1/dropout_p0.3/epoch_0075.pt
76.0,f1,dropout_p0.3,0.0,adam,0.3,False,small,0.02267024852335453,0.2708333333333333,0.06546150049358342,0.20833333333333334,0.6186818632309217,True,,snapshots_probe/small/f1/dropout_p0.3/epoch_0076.pt
77.0,f1,dropout_p0.3,0.0,adam,0.3,False,small,0.01146633829921484,0.29166666666666663,0.08629483382691674,0.23214285714285715,0.6181863230921705,True,,snapshots_probe/small/f1/dropout_p0.3/epoch_0077.pt
78.0,f1,dropout_p0.3,0.0,adam,0.3,False,small,0.016644133254885674,0.2708333333333333,0.06546150049358342,0.20833333333333334,0.6186818632309217,True,,snapshots_probe/small/f1/dropout_p0.3/epoch_0078.pt
79.0,f1,dropout_p0.3,0.0,adam,0.3,False,small,0.01895982213318348,0.2598039215686274,0.06546150049358342,0.21153846153846154,0.6183102081268583,True,,snapshots_probe/small/f1/dropout_p0.3/epoch_0079.pt
80.0,f1,dropout_p0.3,0.0,adam,0.3,False,small,0.01620079018175602,0.29166666666666663,0.08629483382691674,0.23214285714285715,0.6181863230921705,True,,snapshots_probe/small/f1/dropout_p0.3/epoch_0080.pt
81.0,f1,dropout_p0.3,0.0,adam,0.3,False,small,0.017063884064555168,0.3014705882352941,0.08629483382691674,0.23076923076923078,0.6185579781962339,True,,snapshots_probe/small/f1/dropout_p0.3/epoch_0081.pt
82.0,f1,dropout_p0.3,0.0,adam,0.3,False,small,0.020533090457320213,0.325,0.08629483382691674,0.22727272727272727,0.6196729435084242,True,,snapshots_probe/small/f1/dropout_p0.3/epoch_0082.pt
83.0,f1,dropout_p0.3,0.0,adam,0.3,False,small,0.021071089431643486,0.2976190476190476,0.06546150049358342,0.2,0.6194251734390486,True,,snapshots_probe/small/f1/dropout_p0.3/epoch_0083.pt
84.0,f1,dropout_p0.3,0.0,adam,0.3,False,small,0.021916741505265236,0.3392857142857143,0.08629483382691674,0.225,0.6196729435084242,True,,snapshots_probe/small/f1/dropout_p0.3/epoch_0084.pt
85.0,f1,dropout_p0.3,0.0,adam,0.3,False,small,0.033358797430992126,0.3392857142857143,0.08629483382691674,0.225,0.6196729435084242,True,,snapshots_probe/small/f1/dropout_p0.3/epoch_0085.pt
86.0,f1,dropout_p0.3,0.0,adam,0.3,False,small,0.018179792910814285,0.3125,0.08629483382691674,0.22916666666666666,0.6189296333002974,True,,snapshots_probe/small/f1/dropout_p0.3/epoch_0086.pt
87.0,f1,dropout_p0.3,0.0,adam,0.3,False,small,0.03366747125983238,0.3014705882352941,0.08629483382691674,0.23076923076923078,0.6185579781962339,True,,snapshots_probe/small/f1/dropout_p0.3/epoch_0087.pt
88.0,f1,dropout_p0.3,0.0,adam,0.3,False,small,0.01927618868649006,0.3125,0.08629483382691674,0.22916666666666666,0.6189296333002974,True,,snapshots_probe/small/f1/dropout_p0.3/epoch_0088.pt
89.0,f1,dropout_p0.3,0.0,adam,0.3,False,small,0.013299013487994671,0.3392857142857143,0.08629483382691674,0.225,0.6200445986124876,True,,snapshots_probe/small/f1/dropout_p0.3/epoch_0089.pt
90.0,f1,dropout_p0.3,0.0,adam,0.3,False,small,0.02742897905409336,0.2976190476190476,0.06546150049358342,0.2,0.6194251734390486,True,,snapshots_probe/small/f1/dropout_p0.3/epoch_0090.pt
91.0,f1,dropout_p0.3,0.0,adam,0.3,False,small,0.027371350675821304,0.325,0.08629483382691674,0.22727272727272727,0.6193012884043607,True,,snapshots_probe/small/f1/dropout_p0.3/epoch_0091.pt
92.0,f1,dropout_p0.3,0.0,adam,0.3,False,small,0.015439772047102451,0.3392857142857143,0.08629483382691674,0.225,0.6200445986124876,True,,snapshots_probe/small/f1/dropout_p0.3/epoch_0092.pt
93.0,f1,dropout_p0.3,0.0,adam,0.3,False,small,0.014634238556027412,0.3125,0.08629483382691674,0.22916666666666666,0.6189296333002974,True,,snapshots_probe/small/f1/dropout_p0.3/epoch_0093.pt
94.0,f1,dropout_p0.3,0.0,adam,0.3,False,small,0.019139526411890984,0.325,0.08629483382691674,0.22727272727272727,0.6193012884043607,True,,snapshots_probe/small/f1/dropout_p0.3/epoch_0094.pt
95.0,f1,dropout_p0.3,0.0,adam,0.3,False,small,0.01584404893219471,0.3125,0.08629483382691674,0.22916666666666666,0.6189296333002974,True,,snapshots_probe/small/f1/dropout_p0.3/epoch_0095.pt
96.0,f1,dropout_p0.3,0.0,adam,0.3,False,small,0.022036390379071236,0.325,0.08629483382691674,0.22727272727272727,0.6193012884043607,True,,snapshots_probe/small/f1/dropout_p0.3/epoch_0096.pt
97.0,f1,dropout_p0.3,0.0,adam,0.3,False,small,0.02001839689910412,0.29166666666666663,0.08629483382691674,0.23214285714285715,0.6181863230921705,True,,snapshots_probe/small/f1/dropout_p0.3/epoch_0097.pt
98.0,f1,dropout_p0.3,0.0,adam,0.3,False,small,0.022778183221817017,0.3014705882352941,0.08629483382691674,0.23076923076923078,0.6185579781962339,True,,snapshots_probe/small/f1/dropout_p0.3/epoch_0098.pt
99.0,f1,dropout_p0.3,0.0,adam,0.3,False,small,0.024453887715935707,0.325,0.08629483382691674,0.22727272727272727,0.6193012884043607,True,,snapshots_probe/small/f1/dropout_p0.3/epoch_0099.pt
100.0,f1,dropout_p0.3,0.0,adam,0.3,False,small,0.01738690584897995,0.325,0.08629483382691674,0.22727272727272727,0.6193012884043607,True,,snapshots_probe/small/f1/dropout_p0.3/epoch_0100.pt
1.0,f1,dropout_p0.5,0.0,adam,0.5,False,small,0.04016513004899025,0.3143939393939394,0.04462816716025008,0.07142857142857142,0.6211595639246779,True,,snapshots_probe/small/f1/dropout_p0.5/epoch_0001.pt
2.0,f1,dropout_p0.5,0.0,adam,0.5,False,small,0.045947007834911346,0.2857142857142857,0.003948667324777887,0.0,0.4950445986124876,True,,snapshots_probe/small/f1/dropout_p0.5/epoch_0002.pt
3.0,f1,dropout_p0.5,0.0,adam,0.5,False,small,0.03595627471804619,0.3076923076923077,0.003948667324777887,0.0,0.4950445986124876,True,,snapshots_probe/small/f1/dropout_p0.5/epoch_0003.pt
4.0,f1,dropout_p0.5,0.0,adam,0.5,False,small,0.028601255267858505,0.2857142857142857,0.003948667324777887,0.0,0.49454905847373637,True,,snapshots_probe/small/f1/dropout_p0.5/epoch_0004.pt
5.0,f1,dropout_p0.5,0.0,adam,0.5,False,small,0.04273379594087601,0.3557692307692308,0.08629483382691674,0.2222222222222222,0.6207879088206145,True,,snapshots_probe/small/f1/dropout_p0.5/epoch_0005.pt
6.0,f1,dropout_p0.5,0.0,adam,0.5,False,small,0.025845898315310478,0.2857142857142857,0.003948667324777887,0.0,0.49454905847373637,True,,snapshots_probe/small/f1/dropout_p0.5/epoch_0006.pt
7.0,f1,dropout_p0.5,0.0,adam,0.5,False,small,0.03067675605416298,0.27243589743589747,0.03867578620786913,0.1111111111111111,0.619796828543112,True,,snapshots_probe/small/f1/dropout_p0.5/epoch_0007.pt
8.0,f1,dropout_p0.5,0.0,adam,0.5,False,small,0.03501376882195473,0.3557692307692308,0.08629483382691674,0.2222222222222222,0.6207879088206145,True,,snapshots_probe/small/f1/dropout_p0.5/epoch_0008.pt
9.0,f1,dropout_p0.5,0.0,adam,0.5,False,small,0.03851809725165367,0.3125,0.05296150049358342,0.15625,0.6206640237859267,True,,snapshots_probe/small/f1/dropout_p0.5/epoch_0009.pt
10.0,f1,dropout_p0.5,0.0,adam,0.5,False,small,0.03911120444536209,0.3557692307692308,0.08629483382691674,0.2222222222222222,0.6207879088206145,True,,snapshots_probe/small/f1/dropout_p0.5/epoch_0010.pt
11.0,f1,dropout_p0.5,0.0,adam,0.5,False,small,0.0444938987493515,0.375,0.08629483382691674,0.21875,0.6211595639246779,True,,snapshots_probe/small/f1/dropout_p0.5/epoch_0011.pt
12.0,f1,dropout_p0.5,0.0,adam,0.5,False,small,0.029381126165390015,0.375,0.08629483382691674,0.21875,0.6211595639246779,True,,snapshots_probe/small/f1/dropout_p0.5/epoch_0012.pt
13.0,f1,dropout_p0.5,0.0,adam,0.5,False,small,0.02913140505552292,0.325,0.08629483382691674,0.22727272727272727,0.6200445986124876,True,,snapshots_probe/small/f1/dropout_p0.5/epoch_0013.pt
14.0,f1,dropout_p0.5,0.0,adam,0.5,False,small,0.03006626106798649,0.3557692307692308,0.08629483382691674,0.2222222222222222,0.6207879088206145,True,,snapshots_probe/small/f1/dropout_p0.5/epoch_0014.pt
15.0,f1,dropout_p0.5,0.0,adam,0.5,False,small,0.05143992602825165,0.2932692307692308,0.05296150049358342,0.16666666666666669,0.6202923686818632,True,,snapshots_probe/small/f1/dropout_p0.5/epoch_0015.pt
16.0,f1,dropout_p0.5,0.0,adam,0.5,False,small,0.033765215426683426,0.2932692307692308,0.05296150049358342,0.16666666666666669,0.6202923686818632,True,,snapshots_probe/small/f1/dropout_p0.5/epoch_0016.pt
17.0,f1,dropout_p0.5,0.0,adam,0.5,False,small,0.03879749774932861,0.3333333333333333,0.06546150049358342,0.1875,0.6205401387512388,True,,snapshots_probe/small/f1/dropout_p0.5/epoch_0017.pt
18.0,f1,dropout_p0.5,0.0,adam,0.5,False,small,0.03696438670158386,0.375,0.08629483382691674,0.21875,0.6211595639246779,True,,snapshots_probe/small/f1/dropout_p0.5/epoch_0018.pt
19.0,f1,dropout_p0.5,0.0,adam,0.5,False,small,0.02268437296152115,0.3333333333333333,0.06546150049358342,0.1875,0.6209117938553023,True,,snapshots_probe/small/f1/dropout_p0.5/epoch_0019.pt
20.0,f1,dropout_p0.5,0.0,adam,0.5,False,small,0.05972851440310478,0.325,0.08629483382691674,0.22727272727272727,0.6200445986124876,True,,snapshots_probe/small/f1/dropout_p0.5/epoch_0020.pt
21.0,f1,dropout_p0.5,0.0,adam,0.5,False,small,0.02220301516354084,0.2833333333333333,0.06546150049358342,0.20454545454545453,0.619796828543112,True,,snapshots_probe/small/f1/dropout_p0.5/epoch_0021.pt
22.0,f1,dropout_p0.5,0.0,adam,0.5,False,small,0.02829747274518013,0.3392857142857143,0.08629483382691674,0.225,0.6200445986124876,True,,snapshots_probe/small/f1/dropout_p0.5/epoch_0022.pt
23.0,f1,dropout_p0.5,0.0,adam,0.5,False,small,0.03457476198673248,0.3333333333333333,0.06546150049358342,0.1875,0.6205401387512388,True,,snapshots_probe/small/f1/dropout_p0.5/epoch_0023.pt
24.0,f1,dropout_p0.5,0.0,adam,0.5,False,small,0.028790896758437157,0.2767857142857143,0.05296150049358342,0.175,0.6199207135777998,True,,snapshots_probe/small/f1/dropout_p0.5/epoch_0024.pt
25.0,f1,dropout_p0.5,0.0,adam,0.5,False,small,0.02996356412768364,0.3125,0.08629483382691674,0.22916666666666666,0.6193012884043607,True,,snapshots_probe/small/f1/dropout_p0.5/epoch_0025.pt
26.0,f1,dropout_p0.5,0.0,adam,0.5,False,small,0.03490142151713371,0.2767857142857143,0.05296150049358342,0.175,0.6199207135777998,True,,snapshots_probe/small/f1/dropout_p0.5/epoch_0026.pt
27.0,f1,dropout_p0.5,0.0,adam,0.5,False,small,0.02687649615108967,0.325,0.08629483382691674,0.22727272727272727,0.6200445986124876,True,,snapshots_probe/small/f1/dropout_p0.5/epoch_0027.pt
28.0,f1,dropout_p0.5,0.0,adam,0.5,False,small,0.02775098942220211,0.2389705882352941,0.05296150049358342,0.1923076923076923,0.6184340931615461,True,,snapshots_probe/small/f1/dropout_p0.5/epoch_0028.pt
29.0,f1,dropout_p0.5,0.0,adam,0.5,False,small,0.03200314939022064,0.2833333333333333,0.06546150049358342,0.20454545454545453,0.619796828543112,True,,snapshots_probe/small/f1/dropout_p0.5/epoch_0029.pt
30.0,f1,dropout_p0.5,0.0,adam,0.5,False,small,0.053818900138139725,0.2625,0.05296150049358342,0.18181818181818182,0.6195490584737364,True,,snapshots_probe/small/f1/dropout_p0.5/epoch_0030.pt
31.0,f1,dropout_p0.5,0.0,adam,0.5,False,small,0.048081107437610626,0.3125,0.08629483382691674,0.22916666666666666,0.6193012884043607,True,,snapshots_probe/small/f1/dropout_p0.5/epoch_0031.pt
32.0,f1,dropout_p0.5,0.0,adam,0.5,False,small,0.04873978719115257,0.2598039215686274,0.06546150049358342,0.21153846153846154,0.6186818632309217,True,,snapshots_probe/small/f1/dropout_p0.5/epoch_0032.pt
33.0,f1,dropout_p0.5,0.0,adam,0.5,False,small,0.029368354007601738,0.325,0.08629483382691674,0.22727272727272727,0.6200445986124876,True,,snapshots_probe/small/f1/dropout_p0.5/epoch_0033.pt
34.0,f1,dropout_p0.5,0.0,adam,0.5,False,small,0.030061397701501846,0.2598039215686274,0.06546150049358342,0.21153846153846154,0.6190535183349851,True,,snapshots_probe/small/f1/dropout_p0.5/epoch_0034.pt
35.0,f1,dropout_p0.5,0.0,adam,0.5,False,small,0.03451776131987572,0.25,0.06546150049358342,0.2142857142857143,0.6186818632309217,True,,snapshots_probe/small/f1/dropout_p0.5/epoch_0035.pt
36.0,f1,dropout_p0.5,0.0,adam,0.5,False,small,0.0395357720553875,0.2833333333333333,0.06546150049358342,0.20454545454545453,0.6194251734390486,True,,snapshots_probe/small/f1/dropout_p0.5/epoch_0036.pt
37.0,f1,dropout_p0.5,0.0,adam,0.5,False,small,0.04767163097858429,0.325,0.08629483382691674,0.22727272727272727,0.6200445986124876,True,,snapshots_probe/small/f1/dropout_p0.5/epoch_0037.pt
38.0,f1,dropout_p0.5,0.0,adam,0.5,False,small,0.06833842396736145,0.3125,0.08629483382691674,0.22916666666666666,0.6196729435084242,True,,snapshots_probe/small/f1/dropout_p0.5/epoch_0038.pt
39.0,f1,dropout_p0.5,0.0,adam,0.5,False,small,0.04200425371527672,0.24122807017543857,0.06546150049358342,0.21666666666666667,0.6179385530227949,True,,snapshots_probe/small/f1/dropout_p0.5/epoch_0039.pt
40.0,f1,dropout_p0.5,0.0,adam,0.5,False,small,0.03676300495862961,0.28289473684210525,0.08629483382691674,0.23333333333333334,0.6181863230921705,True,,snapshots_probe/small/f1/dropout_p0.5/epoch_0040.pt
41.0,f1,dropout_p0.5,0.0,adam,0.5,False,small,0.0409855879843235,0.3125,0.08629483382691674,0.22916666666666666,0.6193012884043607,True,,snapshots_probe/small/f1/dropout_p0.5/epoch_0041.pt
42.0,f1,dropout_p0.5,0.0,adam,0.5,False,small,0.05668889731168747,0.29166666666666663,0.08629483382691674,0.23214285714285715,0.6189296333002974,True,,snapshots_probe/small/f1/dropout_p0.5/epoch_0042.pt
43.0,f1,dropout_p0.5,0.0,adam,0.5,False,small,0.030161136761307716,0.28289473684210525,0.08629483382691674,0.23333333333333334,0.6185579781962339,True,,snapshots_probe/small/f1/dropout_p0.5/epoch_0043.pt
44.0,f1,dropout_p0.5,0.0,adam,0.5,False,small,0.05443683639168739,0.3014705882352941,0.08629483382691674,0.23076923076923078,0.6189296333002974,True,,snapshots_probe/small/f1/dropout_p0.5/epoch_0044.pt
45.0,f1,dropout_p0.5,0.0,adam,0.5,False,small,0.026081645861268044,0.3392857142857143,0.08629483382691674,0.225,0.6204162537165511,True,,snapshots_probe/small/f1/dropout_p0.5/epoch_0045.pt
46.0,f1,dropout_p0.5,0.0,adam,0.5,False,small,0.032718461006879807,0.3014705882352941,0.08629483382691674,0.23076923076923078,0.6193012884043607,True,,snapshots_probe/small/f1/dropout_p0.5/epoch_0046.pt
47.0,f1,dropout_p0.5,0.0,adam,0.5,False,small,0.05299824848771095,0.3557692307692308,0.08629483382691674,0.2222222222222222,0.6204162537165511,True,,snapshots_probe/small/f1/dropout_p0.5/epoch_0047.pt
48.0,f1,dropout_p0.5,0.0,adam,0.5,False,small,0.03960256278514862,0.29166666666666663,0.08629483382691674,0.23214285714285715,0.6189296333002974,True,,snapshots_probe/small/f1/dropout_p0.5/epoch_0048.pt
49.0,f1,dropout_p0.5,0.0,adam,0.5,False,small,0.06065646559000015,0.2708333333333333,0.06546150049358342,0.20833333333333334,0.6190535183349851,True,,snapshots_probe/small/f1/dropout_p0.5/epoch_0049.pt
50.0,f1,dropout_p0.5,0.0,adam,0.5,False,small,0.03440779075026512,0.2598039215686274,0.06546150049358342,0.21153846153846154,0.6190535183349851,True,,snapshots_probe/small/f1/dropout_p0.5/epoch_0050.pt
51.0,f1,dropout_p0.5,0.0,adam,0.5,False,small,0.0664544627070427,0.3392857142857143,0.08629483382691674,0.225,0.6204162537165511,True,,snapshots_probe/small/f1/dropout_p0.5/epoch_0051.pt
52.0,f1,dropout_p0.5,0.0,adam,0.5,False,small,0.08751189708709717,0.3557692307692308,0.08629483382691674,0.2222222222222222,0.6204162537165511,True,,snapshots_probe/small/f1/dropout_p0.5/epoch_0052.pt
53.0,f1,dropout_p0.5,0.0,adam,0.5,False,small,0.03917410597205162,0.3557692307692308,0.08629483382691674,0.2222222222222222,0.6204162537165511,True,,snapshots_probe/small/f1/dropout_p0.5/epoch_0053.pt
54.0,f1,dropout_p0.5,0.0,adam,0.5,False,small,0.024842355400323868,0.3392857142857143,0.08629483382691674,0.225,0.6204162537165511,True,,snapshots_probe/small/f1/dropout_p0.5/epoch_0054.pt
55.0,f1,dropout_p0.5,0.0,adam,0.5,False,small,0.04814901575446129,0.325,0.08629483382691674,0.22727272727272727,0.6196729435084242,True,,snapshots_probe/small/f1/dropout_p0.5/epoch_0055.pt
56.0,f1,dropout_p0.5,0.0,adam,0.5,False,small,0.04618522897362709,0.3014705882352941,0.08629483382691674,0.23076923076923078,0.6189296333002974,True,,snapshots_probe/small/f1/dropout_p0.5/epoch_0056.pt
57.0,f1,dropout_p0.5,0.0,adam,0.5,False,small,0.03564392775297165,0.3392857142857143,0.08629483382691674,0.225,0.6196729435084242,True,,snapshots_probe/small/f1/dropout_p0.5/epoch_0057.pt
58.0,f1,dropout_p0.5,0.0,adam,0.5,False,small,0.04272603988647461,0.3014705882352941,0.08629483382691674,0.23076923076923078,0.6193012884043607,True,,snapshots_probe/small/f1/dropout_p0.5/epoch_0058.pt
59.0,f1,dropout_p0.5,0.0,adam,0.5,False,small,0.0366118960082531,0.2708333333333333,0.06546150049358342,0.20833333333333334,0.6190535183349851,True,,snapshots_probe/small/f1/dropout_p0.5/epoch_0059.pt
60.0,f1,dropout_p0.5,0.0,adam,0.5,False,small,0.04232984036207199,0.325,0.08629483382691674,0.22727272727272727,0.6200445986124876,True,,snapshots_probe/small/f1/dropout_p0.5/epoch_0060.pt
61.0,f1,dropout_p0.5,0.0,adam,0.5,False,small,0.05250367149710655,0.3014705882352941,0.08629483382691674,0.23076923076923078,0.6189296333002974,True,,snapshots_probe/small/f1/dropout_p0.5/epoch_0061.pt
62.0,f1,dropout_p0.5,0.0,adam,0.5,False,small,0.03744871914386749,0.3557692307692308,0.08629483382691674,0.2222222222222222,0.6207879088206145,True,,snapshots_probe/small/f1/dropout_p0.5/epoch_0062.pt
63.0,f1,dropout_p0.5,0.0,adam,0.5,False,small,0.04457539692521095,0.3125,0.08629483382691674,0.22916666666666666,0.6196729435084242,True,,snapshots_probe/small/f1/dropout_p0.5/epoch_0063.pt
64.0,f1,dropout_p0.5,0.0,adam,0.5,False,small,0.03607955947518349,0.3014705882352941,0.08629483382691674,0.23076923076923078,0.6193012884043607,True,,snapshots_probe/small/f1/dropout_p0.5/epoch_0064.pt
65.0,f1,dropout_p0.5,0.0,adam,0.5,False,small,0.0534030944108963,0.3125,0.08629483382691674,0.22916666666666666,0.6193012884043607,True,,snapshots_probe/small/f1/dropout_p0.5/epoch_0065.pt
66.0,f1,dropout_p0.5,0.0,adam,0.5,False,small,0.08728821575641632,0.3014705882352941,0.08629483382691674,0.23076923076923078,0.6189296333002974,True,,snapshots_probe/small/f1/dropout_p0.5/epoch_0066.pt
67.0,f1,dropout_p0.5,0.0,adam,0.5,False,small,0.04681244120001793,0.325,0.08629483382691674,0.22727272727272727,0.6196729435084242,True,,snapshots_probe/small/f1/dropout_p0.5/epoch_0067.pt
68.0,f1,dropout_p0.5,0.0,adam,0.5,False,small,0.052430640906095505,0.375,0.08629483382691674,0.21875,0.6204162537165511,True,,snapshots_probe/small/f1/dropout_p0.5/epoch_0068.pt
69.0,f1,dropout_p0.5,0.0,adam,0.5,False,small,0.07411331683397293,0.3557692307692308,0.08629483382691674,0.2222222222222222,0.6204162537165511,True,,snapshots_probe/small/f1/dropout_p0.5/epoch_0069.pt
70.0,f1,dropout_p0.5,0.0,adam,0.5,False,small,0.05549706891179085,0.3557692307692308,0.08629483382691674,0.2222222222222222,0.6200445986124876,True,,snapshots_probe/small/f1/dropout_p0.5/epoch_0070.pt
71.0,f1,dropout_p0.5,0.0,adam,0.5,False,small,0.04670017957687378,0.3125,0.08629483382691674,0.22916666666666666,0.6189296333002974,True,,snapshots_probe/small/f1/dropout_p0.5/epoch_0071.pt
72.0,f1,dropout_p0.5,0.0,adam,0.5,False,small,0.06120073050260544,0.3557692307692308,0.08629483382691674,0.2222222222222222,0.6200445986124876,True,,snapshots_probe/small/f1/dropout_p0.5/epoch_0072.pt
73.0,f1,dropout_p0.5,0.0,adam,0.5,False,small,0.0841926783323288,0.3557692307692308,0.08629483382691674,0.2222222222222222,0.6204162537165511,True,,snapshots_probe/small/f1/dropout_p0.5/epoch_0073.pt
74.0,f1,dropout_p0.5,0.0,adam,0.5,False,small,0.03904657065868378,0.3557692307692308,0.08629483382691674,0.2222222222222222,0.6204162537165511,True,,snapshots_probe/small/f1/dropout_p0.5/epoch_0074.pt
75.0,f1,dropout_p0.5,0.0,adam,0.5,False,small,0.0321575328707695,0.3125,0.08629483382691674,0.22916666666666666,0.6193012884043607,True,,snapshots_probe/small/f1/dropout_p0.5/epoch_0075.pt
76.0,f1,dropout_p0.5,0.0,adam,0.5,False,small,0.06322602927684784,0.28289473684210525,0.08629483382691674,0.23333333333333334,0.617814667988107,True,,snapshots_probe/small/f1/dropout_p0.5/epoch_0076.pt
77.0,f1,dropout_p0.5,0.0,adam,0.5,False,small,0.07137299329042435,0.3125,0.08629483382691674,0.22916666666666666,0.6189296333002974,True,,snapshots_probe/small/f1/dropout_p0.5/epoch_0077.pt
78.0,f1,dropout_p0.5,0.0,adam,0.5,False,small,0.05621371418237686,0.3125,0.08629483382691674,0.22916666666666666,0.6189296333002974,True,,snapshots_probe/small/f1/dropout_p0.5/epoch_0078.pt
79.0,f1,dropout_p0.5,0.0,adam,0.5,False,small,0.0644710436463356,0.3014705882352941,0.08629483382691674,0.23076923076923078,0.6185579781962339,True,,snapshots_probe/small/f1/dropout_p0.5/epoch_0079.pt
80.0,f1,dropout_p0.5,0.0,adam,0.5,False,small,0.05371134728193283,0.2833333333333333,0.06546150049358342,0.20454545454545453,0.6190535183349851,True,,snapshots_probe/small/f1/dropout_p0.5/epoch_0080.pt
81.0,f1,dropout_p0.5,0.0,adam,0.5,False,small,0.06105692312121391,0.325,0.08629483382691674,0.22727272727272727,0.6193012884043607,True,,snapshots_probe/small/f1/dropout_p0.5/epoch_0081.pt
82.0,f1,dropout_p0.5,0.0,adam,0.5,False,small,0.05069388821721077,0.28289473684210525,0.08629483382691674,0.23333333333333334,0.617814667988107,True,,snapshots_probe/small/f1/dropout_p0.5/epoch_0082.pt
83.0,f1,dropout_p0.5,0.0,adam,0.5,False,small,0.042274415493011475,0.3392857142857143,0.08629483382691674,0.225,0.6200445986124876,True,,snapshots_probe/small/f1/dropout_p0.5/epoch_0083.pt
84.0,f1,dropout_p0.5,0.0,adam,0.5,False,small,0.04538582265377045,0.22916666666666666,0.05296150049358342,0.19642857142857142,0.6176907829534193,True,,snapshots_probe/small/f1/dropout_p0.5/epoch_0084.pt
85.0,f1,dropout_p0.5,0.0,adam,0.5,False,small,0.06015019118785858,0.2598039215686274,0.06546150049358342,0.21153846153846154,0.6183102081268583,True,,snapshots_probe/small/f1/dropout_p0.5/epoch_0085.pt
86.0,f1,dropout_p0.5,0.0,adam,0.5,False,small,0.07122625410556793,0.2833333333333333,0.06546150049358342,0.20454545454545453,0.6194251734390486,True,,snapshots_probe/small/f1/dropout_p0.5/epoch_0086.pt
87.0,f1,dropout_p0.5,0.0,adam,0.5,False,small,0.06280528008937836,0.2833333333333333,0.06546150049358342,0.20454545454545453,0.6194251734390486,True,,snapshots_probe/small/f1/dropout_p0.5/epoch_0087.pt
88.0,f1,dropout_p0.5,0.0,adam,0.5,False,small,0.0486268475651741,0.325,0.08629483382691674,0.22727272727272727,0.6200445986124876,True,,snapshots_probe/small/f1/dropout_p0.5/epoch_0088.pt
89.0,f1,dropout_p0.5,0.0,adam,0.5,False,small,0.04261491075158119,0.3141025641025641,0.06546150049358342,0.19444444444444445,0.6205401387512388,True,,snapshots_probe/small/f1/dropout_p0.5/epoch_0089.pt
90.0,f1,dropout_p0.5,0.0,adam,0.5,False,small,0.06761617958545685,0.325,0.08629483382691674,0.22727272727272727,0.6200445986124876,True,,snapshots_probe/small/f1/dropout_p0.5/epoch_0090.pt
91.0,f1,dropout_p0.5,0.0,adam,0.5,False,small,0.05180397257208824,0.375,0.08629483382691674,0.21875,0.6211595639246779,True,,snapshots_probe/small/f1/dropout_p0.5/epoch_0091.pt
92.0,f1,dropout_p0.5,0.0,adam,0.5,False,small,0.06130124256014824,0.2598039215686274,0.06546150049358342,0.21153846153846154,0.6190535183349851,True,,snapshots_probe/small/f1/dropout_p0.5/epoch_0092.pt
93.0,f1,dropout_p0.5,0.0,adam,0.5,False,small,0.08134740591049194,0.2767857142857143,0.05296150049358342,0.175,0.6199207135777998,True,,snapshots_probe/small/f1/dropout_p0.5/epoch_0093.pt
94.0,f1,dropout_p0.5,0.0,adam,0.5,False,small,0.04679310694336891,0.2767857142857143,0.05296150049358342,0.175,0.6195490584737364,True,,snapshots_probe/small/f1/dropout_p0.5/epoch_0094.pt
95.0,f1,dropout_p0.5,0.0,adam,0.5,False,small,0.07556159794330597,0.2767857142857143,0.05296150049358342,0.175,0.6199207135777998,True,,snapshots_probe/small/f1/dropout_p0.5/epoch_0095.pt
96.0,f1,dropout_p0.5,0.0,adam,0.5,False,small,0.05020907521247864,0.2833333333333333,0.06546150049358342,0.20454545454545453,0.619796828543112,True,,snapshots_probe/small/f1/dropout_p0.5/epoch_0096.pt
97.0,f1,dropout_p0.5,0.0,adam,0.5,False,small,0.06269191950559616,0.3333333333333333,0.06546150049358342,0.1875,0.6205401387512388,True,,snapshots_probe/small/f1/dropout_p0.5/epoch_0097.pt
98.0,f1,dropout_p0.5,0.0,adam,0.5,False,small,0.04524531215429306,0.2708333333333333,0.06546150049358342,0.20833333333333334,0.6194251734390486,True,,snapshots_probe/small/f1/dropout_p0.5/epoch_0098.pt
99.0,f1,dropout_p0.5,0.0,adam,0.5,False,small,0.062070563435554504,0.3392857142857143,0.08629483382691674,0.225,0.6204162537165511,True,,snapshots_probe/small/f1/dropout_p0.5/epoch_0099.pt
100.0,f1,dropout_p0.5,0.0,adam,0.5,False,small,0.08336961269378662,0.325,0.08629483382691674,0.22727272727272727,0.6200445986124876,True,,snapshots_probe/small/f1/dropout_p0.5/epoch_0100.pt
1.0,f1,wd_lam0,0.0,adam,0.0,False,small,0.01882769726216793,0.3125,0.04462816716025008,0.15625,0.6200445986124876,True,,snapshots_probe/small/f1/wd_lam0/epoch_0001.pt
2.0,f1,wd_lam0,0.0,adam,0.0,False,small,0.008218522183597088,0.5340659340659341,0.2497245405685682,0.5555555555555556,0.8694251734390485,True,,snapshots_probe/small/f1/wd_lam0/epoch_0002.pt
3.0,f1,wd_lam0,0.0,adam,0.0,False,small,0.015061757527291775,0.548051948051948,0.2497245405685682,0.5,0.8696729435084242,True,,snapshots_probe/small/f1/wd_lam0/epoch_0003.pt
4.0,f1,wd_lam0,0.0,adam,0.0,False,small,0.013632375746965408,0.8214285714285714,0.3331300239740516,0.75,0.8712834489593656,True,,snapshots_probe/small/f1/wd_lam0/epoch_0004.pt
5.0,f1,wd_lam0,0.0,adam,0.0,False,small,0.0037577247712761164,0.7329545454545454,0.31973716683119446,0.736111111111111,0.8700445986124875,True,,snapshots_probe/small/f1/wd_lam0/epoch_0005.pt
6.0,f1,wd_lam0,0.0,adam,0.0,False,small,0.004632481839507818,0.8,0.3331300239740516,0.75,0.8705401387512388,True,,snapshots_probe/small/f1/wd_lam0/epoch_0006.pt
7.0,f1,wd_lam0,0.0,adam,0.0,False,small,0.0039523751474916935,0.7954545454545454,0.31646335730738495,0.75,0.8700445986124876,True,,snapshots_probe/small/f1/wd_lam0/epoch_0007.pt
8.0,f1,wd_lam0,0.0,adam,0.0,False,small,0.004556048195809126,0.7833333333333333,0.31646335730738495,0.75,0.8690535183349851,True,,snapshots_probe/small/f1/wd_lam0/epoch_0008.pt
9.0,f1,wd_lam0,0.0,adam,0.0,False,small,0.0053870114497840405,0.78125,0.31646335730738495,0.75,0.8688057482656095,True,,snapshots_probe/small/f1/wd_lam0/epoch_0009.pt
10.0,f1,wd_lam0,0.0,adam,0.0,False,small,0.00293991737999022,0.774390243902439,0.31646335730738495,0.75,0.8676907829534193,True,,snapshots_probe/small/f1/wd_lam0/epoch_0010.pt
11.0,f1,wd_lam0,0.0,adam,0.0,False,small,0.0027758488431572914,0.7763157894736842,0.39979669064071827,0.75,0.8688057482656095,True,,snapshots_probe/small/f1/wd_lam0/epoch_0011.pt
12.0,f1,wd_lam0,0.0,adam,0.0,False,small,0.003038253867998719,0.79,0.39979669064071827,0.75,0.8704162537165511,True,,snapshots_probe/small/f1/wd_lam0/epoch_0012.pt
13.0,f1,wd_lam0,0.0,adam,0.0,False,small,0.0033115940168499947,0.7844827586206897,0.3997966906407182,0.75,0.8699207135777997,True,,snapshots_probe/small/f1/wd_lam0/epoch_0013.pt
14.0,f1,wd_lam0,0.0,adam,0.0,False,small,0.003920054994523525,0.71875,0.3864038334978611,0.7410714285714286,0.8693012884043607,True,,snapshots_probe/small/f1/wd_lam0/epoch_0014.pt
15.0,f1,wd_lam0,0.0,adam,0.0,False,small,0.0020832631271332502,0.6857142857142857,0.3759871668311945,0.7291666666666666,0.8695490584737363,True,,snapshots_probe/small/f1/wd_lam0/epoch_0015.pt
16.0,f1,wd_lam0,0.0,adam,0.0,False,small,0.0055350554175674915,0.6833333333333333,0.3759871668311945,0.7307692307692307,0.8693012884043608,True,,snapshots_probe/small/f1/wd_lam0/epoch_0016.pt
17.0,f1,wd_lam0,0.0,adam,0.0,False,small,0.002656599972397089,0.6884615384615385,0.3759871668311945,0.7272727272727272,0.869796828543112,True,,snapshots_probe/small/f1/wd_lam0/epoch_0017.pt
18.0,f1,wd_lam0,0.0,adam,0.0,False,small,0.004433989990502596,0.682258064516129,0.3759871668311945,0.7314814814814814,0.869177403369673,True,,snapshots_probe/small/f1/wd_lam0/epoch_0018.pt
19.0,f1,wd_lam0,0.0,adam,0.0,False,small,0.00238528149202466,0.6844827586206896,0.37598716683119443,0.7300000000000001,0.8694251734390485,True,,snapshots_probe/small/f1/wd_lam0/epoch_0019.pt
20.0,f1,wd_lam0,0.0,adam,0.0,False,small,0.002103466307744384,0.6934782608695652,0.3759871668311945,0.7236842105263157,0.8701684836471754,True,,snapshots_probe/small/f1/wd_lam0/epoch_0020.pt
21.0,f1,wd_lam0,0.0,adam,0.0,False,small,0.00348208611831069,0.6976190476190476,0.30932050016452783,0.7205882352941176,0.8699207135777998,True,,snapshots_probe/small/f1/wd_lam0/epoch_0021.pt
22.0,f1,wd_lam0,0.0,adam,0.0,False,small,0.002281917491927743,0.6004901960784313,0.3009871668311945,0.673076923076923,0.8701684836471754,True,,snapshots_probe/small/f1/wd_lam0/epoch_0022.pt
23.0,f1,wd_lam0,0.0,adam,0.0,False,small,0.0023654755204916,0.5608465608465608,0.29416898501301264,0.6956521739130435,0.8686818632309217,True,,snapshots_probe/small/f1/wd_lam0/epoch_0023.pt
24.0,f1,wd_lam0,0.0,adam,0.0,False,small,0.004237623419612646,0.5916666666666667,0.2843205001645278,0.6875,0.8695490584737364,True,,snapshots_probe/small/f1/wd_lam0/epoch_0024.pt
25.0,f1,wd_lam0,0.0,adam,0.0,False,small,0.005704564042389393,0.5972222222222222,0.2926538334978611,0.6785714285714286,0.8701684836471755,True,,snapshots_probe/small/f1/wd_lam0/epoch_0025.pt
26.0,f1,wd_lam0,0.0,adam,0.0,False,small,0.002331632189452648,0.6166666666666667,0.3030705001645278,0.703125,0.8701684836471755,True,,snapshots_probe/small/f1/wd_lam0/epoch_0026.pt
27.0,f1,wd_lam0,0.0,adam,0.0,False,small,0.0028846438508480787,0.5776315789473685,0.2911657382597659,0.6833333333333333,0.8700445986124876,True,,snapshots_probe/small/f1/wd_lam0/epoch_0027.pt
28.0,f1,wd_lam0,0.0,adam,0.0,False,small,0.0031396071426570415,0.5776315789473685,0.2911657382597659,0.6833333333333333,0.8700445986124876,True,,snapshots_probe/small/f1/wd_lam0/epoch_0028.pt
29.0,f1,wd_lam0,0.0,adam,0.0,False,small,0.0022764839231967926,0.6166666666666667,0.3030705001645278,0.703125,0.8701684836471755,True,,snapshots_probe/small/f1/wd_lam0/epoch_0029.pt
30.0,f1,wd_lam0,0.0,adam,0.0,False,small,0.003148827236145735,0.5416666666666666,0.2724157382597659,0.6875,0.8688057482656094,True,,snapshots_probe/small/f1/wd_lam0/epoch_0030.pt
31.0,f1,wd_lam0,0.0,adam,0.0,False,small,0.002134796231985092,0.5726190476190476,0.2911657382597659,0.6911764705882353,0.869796828543112,True,,snapshots_probe/small/f1/wd_lam0/epoch_0031.pt
32.0,f1,wd_lam0,0.0,adam,0.0,False,small,0.00388827221468091,0.5684782608695652,0.2911657382597659,0.6973684210526315,0.8695490584737363,True,,snapshots_probe/small/f1/wd_lam0/epoch_0032.pt
33.0,f1,wd_lam0,0.0,adam,0.0,False,small,0.0036335207987576723,0.5704545454545454,0.2911657382597659,0.6944444444444444,0.8696729435084243,True,,snapshots_probe/small/f1/wd_lam0/epoch_0033.pt
34.0,f1,wd_lam0,0.0,adam,0.0,False,small,0.0021706935949623585,0.5704545454545454,0.2911657382597659,0.6944444444444444,0.8696729435084243,True,,snapshots_probe/small/f1/wd_lam0/epoch_0034.pt
35.0,f1,wd_lam0,0.0,adam,0.0,False,small,0.0043646362610161304,0.5704545454545454,0.2911657382597659,0.6944444444444444,0.8696729435084243,True,,snapshots_probe/small/f1/wd_lam0/epoch_0035.pt
36.0,f1,wd_lam0,0.0,adam,0.0,False,small,0.0020969032775610685,0.5726190476190476,0.2911657382597659,0.6911764705882353,0.869796828543112,True,,snapshots_probe/small/f1/wd_lam0/epoch_0036.pt
37.0,f1,wd_lam0,0.0,adam,0.0,False,small,0.004234792664647102,0.5726190476190476,0.28074907159309925,0.6911764705882353,0.8694251734390486,True,,snapshots_probe/small/f1/wd_lam0/epoch_0037.pt
38.0,f1,wd_lam0,0.0,adam,0.0,False,small,0.004137880634516478,0.5704545454545454,0.2911657382597659,0.6944444444444444,0.8696729435084243,True,,snapshots_probe/small/f1/wd_lam0/epoch_0038.pt
39.0,f1,wd_lam0,0.0,adam,0.0,False,small,0.002281614113599062,0.5684782608695652,0.2911657382597659,0.6973684210526315,0.8695490584737363,True,,snapshots_probe/small/f1/wd_lam0/epoch_0039.pt
40.0,f1,wd_lam0,0.0,adam,0.0,False,small,0.0031551558058708906,0.5776315789473685,0.2911657382597659,0.6833333333333333,0.8700445986124876,True,,snapshots_probe/small/f1/wd_lam0/epoch_0040.pt
41.0,f1,wd_lam0,0.0,adam,0.0,False,small,0.004372468683868647,0.5726190476190476,0.2911657382597659,0.6911764705882353,0.869796828543112,True,,snapshots_probe/small/f1/wd_lam0/epoch_0041.pt
42.0,f1,wd_lam0,0.0,adam,0.0,False,small,0.0024071638472378254,0.575,0.2911657382597659,0.6875,0.8699207135777998,True,,snapshots_probe/small/f1/wd_lam0/epoch_0042.pt
43.0,f1,wd_lam0,0.0,adam,0.0,False,small,0.004865438677370548,0.5776315789473685,0.28074907159309925,0.6833333333333333,0.8696729435084242,True,,snapshots_probe/small/f1/wd_lam0/epoch_0043.pt
44.0,f1,wd_lam0,0.0,adam,0.0,False,small,0.0022220173850655556,0.5704545454545454,0.28074907159309925,0.6944444444444444,0.8693012884043607,True,,snapshots_probe/small/f1/wd_lam0/epoch_0044.pt
45.0,f1,wd_lam0,0.0,adam,0.0,False,small,0.0025575505569577217,0.5476190476190477,0.2807490715930992,0.6764705882352942,0.8695490584737364,True,,snapshots_probe/small/f1/wd_lam0/epoch_0045.pt
46.0,f1,wd_lam0,0.0,adam,0.0,False,small,0.0027158691082149744,0.5684782608695652,0.2911657382597659,0.6973684210526315,0.8695490584737363,True,,snapshots_probe/small/f1/wd_lam0/epoch_0046.pt
47.0,f1,wd_lam0,0.0,adam,0.0,False,small,0.0025404440239071846,0.5776315789473685,0.2911657382597659,0.6833333333333333,0.8700445986124876,True,,snapshots_probe/small/f1/wd_lam0/epoch_0047.pt
48.0,f1,wd_lam0,0.0,adam,0.0,False,small,0.0021874234080314636,0.5684782608695652,0.2911657382597659,0.6973684210526315,0.8695490584737363,True,,snapshots_probe/small/f1/wd_lam0/epoch_0048.pt
49.0,f1,wd_lam0,0.0,adam,0.0,False,small,0.00342597090639174,0.5704545454545454,0.2911657382597659,0.6944444444444444,0.8696729435084243,True,,snapshots_probe/small/f1/wd_lam0/epoch_0049.pt
50.0,f1,wd_lam0,0.0,adam,0.0,False,small,0.003543630475178361,0.5776315789473685,0.2911657382597659,0.6833333333333333,0.8700445986124876,True,,snapshots_probe/small/f1/wd_lam0/epoch_0050.pt
51.0,f1,wd_lam0,0.0,adam,0.0,False,small,0.003180243307724595,0.5666666666666667,0.2911657382597659,0.7000000000000001,0.8694251734390486,True,,snapshots_probe/small/f1/wd_lam0/epoch_0051.pt
52.0,f1,wd_lam0,0.0,adam,0.0,False,small,0.002279066713526845,0.6496212121212122,0.31646335730738495,0.7222222222222221,0.8701684836471755,True,,snapshots_probe/small/f1/wd_lam0/epoch_0052.pt
53.0,f1,wd_lam0,0.0,adam,0.0,False,small,0.006787394173443317,0.6222222222222222,0.30307050016452775,0.6964285714285715,0.870416253716551,True,,snapshots_probe/small/f1/wd_lam0/epoch_0053.pt
54.0,f1,wd_lam0,0.0,adam,0.0,False,small,0.001984428847208619,0.6083333333333333,0.3030705001645278,0.7125,0.8696729435084242,True,,snapshots_probe/small/f1/wd_lam0/epoch_0054.pt
55.0,f1,wd_lam0,0.0,adam,0.0,False,small,0.0020458612125366926,0.7309782608695652,0.39979669064071827,0.7368421052631579,0.8707879088206144,True,,snapshots_probe/small/f1/wd_lam0/epoch_0055.pt
56.0,f1,wd_lam0,0.0,adam,0.0,False,small,0.002025347203016281,0.7351190476190477,0.3997966906407182,0.7352941176470588,0.8710356788899901,True,,snapshots_probe/small/f1/wd_lam0/epoch_0056.pt
57.0,f1,wd_lam0,0.0,adam,0.0,False,small,0.0018684001406654716,0.6567982456140351,0.31646335730738495,0.7166666666666667,0.8705401387512388,True,,snapshots_probe/small/f1/wd_lam0/epoch_0057.pt
58.0,f1,wd_lam0,0.0,adam,0.0,False,small,0.0027265120297670364,0.6101449275362318,0.3030705001645278,0.7105263157894737,0.8697968285431119,True,,snapshots_probe/small/f1/wd_lam0/epoch_0058.pt
59.0,f1,wd_lam0,0.0,adam,0.0,False,small,0.0027435331139713526,0.7375,0.39979669064071827,0.734375,0.8711595639246779,True,,snapshots_probe/small/f1/wd_lam0/epoch_0059.pt
60.0,f1,wd_lam0,0.0,adam,0.0,False,small,0.0023300987668335438,0.7401315789473684,0.39979669064071827,0.7333333333333333,0.8712834489593657,True,,snapshots_probe/small/f1/wd_lam0/epoch_0060.pt
61.0,f1,wd_lam0,0.0,adam,0.0,False,small,0.0022832213435322046,0.7351190476190477,0.3997966906407182,0.7352941176470588,0.8710356788899901,True,,snapshots_probe/small/f1/wd_lam0/epoch_0061.pt
62.0,f1,wd_lam0,0.0,adam,0.0,False,small,0.0026657951530069113,0.7351190476190477,0.3997966906407182,0.7352941176470588,0.8710356788899901,True,,snapshots_probe/small/f1/wd_lam0/epoch_0062.pt
63.0,f1,wd_lam0,0.0,adam,0.0,False,small,0.005131686106324196,0.7430555555555556,0.39979669064071827,0.7321428571428571,0.8714073339940535,True,,snapshots_probe/small/f1/wd_lam0/epoch_0063.pt
64.0,f1,wd_lam0,0.0,adam,0.0,False,small,0.002248176606371999,0.7351190476190477,0.4176538334978611,0.7352941176470588,0.8714073339940536,True,,snapshots_probe/small/f1/wd_lam0/epoch_0064.pt
65.0,f1,wd_lam0,0.0,adam,0.0,False,small,0.002169096376746893,0.7329545454545454,0.3997966906407182,0.736111111111111,0.8709117938553024,True,,snapshots_probe/small/f1/wd_lam0/epoch_0065.pt
66.0,f1,wd_lam0,0.0,adam,0.0,False,small,0.0033895375672727823,0.7401315789473684,0.4176538334978611,0.7333333333333333,0.871655104063429,True,,snapshots_probe/small/f1/wd_lam0/epoch_0066.pt
67.0,f1,wd_lam0,0.0,adam,0.0,False,small,0.0023286615032702684,0.7329545454545454,0.4176538334978611,0.736111111111111,0.8712834489593657,True,,snapshots_probe/small/f1/wd_lam0/epoch_0067.pt
68.0,f1,wd_lam0,0.0,adam,0.0,False,small,0.002174410969018936,0.5219298245614035,0.22697433366238895,0.48333333333333334,0.7447968285431119,True,,snapshots_probe/small/f1/wd_lam0/epoch_0068.pt
69.0,f1,wd_lam0,0.0,adam,0.0,False,small,0.002552366117015481,0.7401315789473684,0.4176538334978611,0.7333333333333333,0.871655104063429,True,,snapshots_probe/small/f1/wd_lam0/epoch_0069.pt
70.0,f1,wd_lam0,0.0,adam,0.0,False,small,0.002482167910784483,0.6517857142857143,0.3759871668311945,0.7205882352941175,0.8711595639246779,True,,snapshots_probe/small/f1/wd_lam0/epoch_0070.pt
71.0,f1,wd_lam0,0.0,adam,0.0,False,small,0.001890893909148872,0.6541666666666667,0.3759871668311945,0.71875,0.8712834489593656,True,,snapshots_probe/small/f1/wd_lam0/epoch_0071.pt
72.0,f1,wd_lam0,0.0,adam,0.0,False,small,0.0027741421945393085,0.6441666666666666,0.3759871668311945,0.726190476190476,0.8706640237859266,True,,snapshots_probe/small/f1/wd_lam0/epoch_0072.pt
73.0,f1,wd_lam0,0.0,adam,0.0,False,small,0.002025939989835024,0.6517857142857143,0.3759871668311945,0.7205882352941175,0.8711595639246779,True,,snapshots_probe/small/f1/wd_lam0/epoch_0073.pt
74.0,f1,wd_lam0,0.0,adam,0.0,False,small,0.0028375377878546715,0.7351190476190477,0.3997966906407182,0.7352941176470588,0.8710356788899901,True,,snapshots_probe/small/f1/wd_lam0/epoch_0074.pt
75.0,f1,wd_lam0,0.0,adam,0.0,False,small,0.002354555996134877,0.6541666666666667,0.3759871668311945,0.71875,0.8712834489593656,True,,snapshots_probe/small/f1/wd_lam0/epoch_0075.pt
76.0,f1,wd_lam0,0.0,adam,0.0,False,small,0.00208027521148324,0.6541666666666667,0.3759871668311945,0.71875,0.8712834489593656,True,,snapshots_probe/small/f1/wd_lam0/epoch_0076.pt
77.0,f1,wd_lam0,0.0,adam,0.0,False,small,0.0025422361213713884,0.6476449275362319,0.3759871668311945,0.7236842105263158,0.8709117938553023,True,,snapshots_probe/small/f1/wd_lam0/epoch_0077.pt
78.0,f1,wd_lam0,0.0,adam,0.0,False,small,0.002382823033258319,0.6441666666666666,0.3759871668311945,0.726190476190476,0.8706640237859266,True,,snapshots_probe/small/f1/wd_lam0/epoch_0078.pt
79.0,f1,wd_lam0,0.0,adam,0.0,False,small,0.003151106182485819,0.6517857142857143,0.3759871668311945,0.7205882352941175,0.8711595639246779,True,,snapshots_probe/small/f1/wd_lam0/epoch_0079.pt
80.0,f1,wd_lam0,0.0,adam,0.0,False,small,0.003335067769512534,0.6496212121212122,0.3759871668311945,0.7222222222222221,0.87103567888999,True,,snapshots_probe/small/f1/wd_lam0/epoch_0080.pt
81.0,f1,wd_lam0,0.0,adam,0.0,False,small,0.00337233510799706,0.6476449275362319,0.3759871668311945,0.7236842105263158,0.8709117938553023,True,,snapshots_probe/small/f1/wd_lam0/epoch_0081.pt
82.0,f1,wd_lam0,0.0,adam,0.0,False,small,0.002795618958771229,0.6541666666666667,0.3581300239740516,0.71875,0.8709117938553023,True,,snapshots_probe/small/f1/wd_lam0/epoch_0082.pt
83.0,f1,wd_lam0,0.0,adam,0.0,False,small,0.006741896737366915,0.6517857142857143,0.3759871668311945,0.7205882352941175,0.8711595639246779,True,,snapshots_probe/small/f1/wd_lam0/epoch_0083.pt
84.0,f1,wd_lam0,0.0,adam,0.0,False,small,0.00718697439879179,0.6517857142857143,0.35098716683119446,0.7205882352941175,0.8709117938553023,True,,snapshots_probe/small/f1/wd_lam0/epoch_0084.pt
85.0,f1,wd_lam0,0.0,adam,0.0,False,small,0.0019419050076976418,0.6517857142857143,0.35098716683119446,0.7205882352941175,0.8709117938553023,True,,snapshots_probe/small/f1/wd_lam0/epoch_0085.pt
86.0,f1,wd_lam0,0.0,adam,0.0,False,small,0.0026239361613988876,0.6517857142857143,0.3759871668311945,0.7205882352941175,0.8711595639246779,True,,snapshots_probe/small/f1/wd_lam0/epoch_0086.pt
87.0,f1,wd_lam0,0.0,adam,0.0,False,small,0.0021436980459839106,0.6476449275362319,0.3759871668311945,0.7236842105263158,0.8709117938553023,True,,snapshots_probe/small/f1/wd_lam0/epoch_0087.pt
88.0,f1,wd_lam0,0.0,adam,0.0,False,small,0.0021487048361450434,0.6496212121212122,0.3759871668311945,0.7222222222222221,0.87103567888999,True,,snapshots_probe/small/f1/wd_lam0/epoch_0088.pt
89.0,f1,wd_lam0,0.0,adam,0.0,False,small,0.002109823515638709,0.6496212121212122,0.35098716683119446,0.7222222222222221,0.8707879088206145,True,,snapshots_probe/small/f1/wd_lam0/epoch_0089.pt
90.0,f1,wd_lam0,0.0,adam,0.0,False,small,0.004438573494553566,0.6496212121212122,0.3759871668311945,0.7222222222222221,0.87103567888999,True,,snapshots_probe/small/f1/wd_lam0/epoch_0090.pt
91.0,f1,wd_lam0,0.0,adam,0.0,False,small,0.0023835094179958105,0.6541666666666667,0.35098716683119446,0.71875,0.8710356788899901,True,,snapshots_probe/small/f1/wd_lam0/epoch_0091.pt
92.0,f1,wd_lam0,0.0,adam,0.0,False,small,0.0026690864469856024,0.6458333333333333,0.31646335730738495,0.7249999999999999,0.8699207135777998,True,,snapshots_probe/small/f1/wd_lam0/epoch_0092.pt
93.0,f1,wd_lam0,0.0,adam,0.0,False,small,0.0020585632883012295,0.6541666666666667,0.35098716683119446,0.71875,0.8710356788899901,True,,snapshots_probe/small/f1/wd_lam0/epoch_0093.pt
94.0,f1,wd_lam0,0.0,adam,0.0,False,small,0.0023901828099042177,0.6476449275362319,0.35098716683119446,0.7236842105263158,0.8706640237859267,True,,snapshots_probe/small/f1/wd_lam0/epoch_0094.pt
95.0,f1,wd_lam0,0.0,adam,0.0,False,small,0.002271789824590087,0.6567982456140351,0.35098716683119446,0.7166666666666667,0.8711595639246779,True,,snapshots_probe/small/f1/wd_lam0/epoch_0095.pt
96.0,f1,wd_lam0,0.0,adam,0.0,False,small,0.0019881497137248516,0.6541666666666667,0.35098716683119446,0.71875,0.8710356788899901,True,,snapshots_probe/small/f1/wd_lam0/epoch_0096.pt
97.0,f1,wd_lam0,0.0,adam,0.0,False,small,0.002626130124554038,0.6517857142857143,0.35098716683119446,0.7205882352941175,0.8709117938553023,True,,snapshots_probe/small/f1/wd_lam0/epoch_0097.pt
98.0,f1,wd_lam0,0.0,adam,0.0,False,small,0.0024810319300740957,0.6517857142857143,0.35098716683119446,0.7205882352941175,0.8709117938553023,True,,snapshots_probe/small/f1/wd_lam0/epoch_0098.pt
99.0,f1,wd_lam0,0.0,adam,0.0,False,small,0.005313156638294458,0.6517857142857143,0.35098716683119446,0.7205882352941175,0.8709117938553023,True,,snapshots_probe/small/f1/wd_lam0/epoch_0099.pt
100.0,f1,wd_lam0,0.0,adam,0.0,False,small,0.0019993134774267673,0.6517857142857143,0.35098716683119446,0.7205882352941175,0.8709117938553023,True,,snapshots_probe/small/f1/wd_lam0/epoch_0100.pt
1.0,f1,wd_lam1e-5,0.0,adam,0.0,True,small,0.010625343769788742,0.2857142857142857,0.003948667324777887,0.0,0.4930624380574827,True,,snapshots_probe/small/f1/wd_lam1e-5/epoch_0001.pt
2.0,f1,wd_lam1e-5,0.0,adam,0.0,True,small,0.014941955916583538,0.4264705882352941,0.08629483382691674,0.25,0.6189296333002974,True,,snapshots_probe/small/f1/wd_lam1e-5/epoch_0002.pt
3.0,f1,wd_lam1e-5,0.0,adam,0.0,True,small,0.008703136816620827,0.5869565217391304,0.4186410003290556,0.5,0.744796828543112,True,,snapshots_probe/small/f1/wd_lam1e-5/epoch_0003.pt
4.0,f1,wd_lam1e-5,0.0,adam,0.0,True,small,0.010033965110778809,0.39285714285714285,0.2529615004935834,0.25,0.6183102081268583,True,,snapshots_probe/small/f1/wd_lam1e-5/epoch_0004.pt
5.0,f1,wd_lam1e-5,0.0,adam,0.0,True,small,0.004702289123088121,0.5740740740740741,0.4186410003290556,0.5,0.7435579781962339,True,,snapshots_probe/small/f1/wd_lam1e-5/epoch_0005.pt
6.0,f1,wd_lam1e-5,0.0,adam,0.0,True,small,0.008404075168073177,0.71875,0.3759871668311945,0.7410714285714286,0.8696729435084242,True,,snapshots_probe/small/f1/wd_lam1e-5/epoch_0006.pt
7.0,f1,wd_lam1e-5,0.0,adam,0.0,True,small,0.005273259710520506,0.7833333333333333,0.4009871668311945,0.75,0.8701684836471754,True,,snapshots_probe/small/f1/wd_lam1e-5/epoch_0007.pt
8.0,f1,wd_lam1e-5,0.0,adam,0.0,True,small,0.0050907377153635025,0.7803030303030303,0.40098716683119445,0.75,0.8697968285431119,True,,snapshots_probe/small/f1/wd_lam1e-5/epoch_0008.pt
9.0,f1,wd_lam1e-5,0.0,adam,0.0,True,small,0.005809422582387924,0.7785714285714286,0.6051538334978611,0.75,0.8704162537165511,True,,snapshots_probe/small/f1/wd_lam1e-5/epoch_0009.pt
10.0,f1,wd_lam1e-5,0.0,adam,0.0,True,small,0.004247728735208511,0.7803030303030303,0.6051538334978611,0.75,0.8706640237859267,True,,snapshots_probe/small/f1/wd_lam1e-5/epoch_0010.pt
11.0,f1,wd_lam1e-5,0.0,adam,0.0,True,small,0.002864097710698843,0.7844827586206897,0.6051538334978611,0.75,0.8711595639246779,True,,snapshots_probe/small/f1/wd_lam1e-5/epoch_0011.pt
12.0,f1,wd_lam1e-5,0.0,adam,0.0,True,small,0.003818182973191142,0.5606060606060606,0.4186410003290556,0.5,0.7420713577799801,True,,snapshots_probe/small/f1/wd_lam1e-5/epoch_0012.pt
13.0,f1,wd_lam1e-5,0.0,adam,0.0,True,small,0.002263900823891163,0.5540540540540541,0.4186410003290556,0.5,0.7410802775024777,True,,snapshots_probe/small/f1/wd_lam1e-5/epoch_0013.pt
14.0,f1,wd_lam1e-5,0.0,adam,0.0,True,small,0.002339255530387163,0.5689655172413793,0.25197433366238897,0.5,0.7423191278493558,True,,snapshots_probe/small/f1/wd_lam1e-5/epoch_0014.pt
15.0,f1,wd_lam1e-5,0.0,adam,0.0,True,small,0.00228650844655931,0.58,0.25197433366238897,0.5,0.742814667988107,True,,snapshots_probe/small/f1/wd_lam1e-5/epoch_0015.pt
16.0,f1,wd_lam1e-5,0.0,adam,0.0,True,small,0.0025967105757445097,0.7884615384615384,0.3581300239740516,0.75,0.8700445986124876,True,,snapshots_probe/small/f1/wd_lam1e-5/epoch_0016.pt
17.0,f1,wd_lam1e-5,0.0,adam,0.0,True,small,0.0045594945549964905,0.79,0.3759871668311945,0.75,0.8705401387512387,True,,snapshots_probe/small/f1/wd_lam1e-5/epoch_0017.pt
18.0,f1,wd_lam1e-5,0.0,adam,0.0,True,small,0.0023903273977339268,0.8409090909090909,0.42142857142857143,0.9125,0.9957879088206144,True,,snapshots_probe/small/f1/wd_lam1e-5/epoch_0018.pt
19.0,f1,wd_lam1e-5,0.0,adam,0.0,True,small,0.002188801532611251,0.8611111111111112,0.43333333333333335,0.9342105263157896,0.9962834489593656,True,,snapshots_probe/small/f1/wd_lam1e-5/epoch_0019.pt
20.0,f1,wd_lam1e-5,0.0,adam,0.0,True,small,0.004704620223492384,0.85,0.42692307692307696,0.9210526315789473,0.9960356788899901,True,,snapshots_probe/small/f1/wd_lam1e-5/epoch_0020.pt
21.0,f1,wd_lam1e-5,0.0,adam,0.0,True,small,0.0033435511868447065,0.7934782608695652,0.35098716683119446,0.75,0.8705401387512388,True,,snapshots_probe/small/f1/wd_lam1e-5/epoch_0021.pt
22.0,f1,wd_lam1e-5,0.0,adam,0.0,True,small,0.0018742055399343371,0.7954545454545454,0.35098716683119446,0.75,0.8706640237859267,True,,snapshots_probe/small/f1/wd_lam1e-5/epoch_0022.pt
23.0,f1,wd_lam1e-5,0.0,adam,0.0,True,small,0.0026117831002920866,0.7954545454545454,0.40098716683119445,0.75,0.8712834489593657,True,,snapshots_probe/small/f1/wd_lam1e-5/epoch_0023.pt
24.0,f1,wd_lam1e-5,0.0,adam,0.0,True,small,0.0024790209718048573,0.7954545454545454,0.40098716683119445,0.75,0.8712834489593657,True,,snapshots_probe/small/f1/wd_lam1e-5/epoch_0024.pt
25.0,f1,wd_lam1e-5,0.0,adam,0.0,True,small,0.0027157331351190805,0.7976190476190477,0.40098716683119445,0.75,0.8714073339940536,True,,snapshots_probe/small/f1/wd_lam1e-5/epoch_0025.pt
26.0,f1,wd_lam1e-5,0.0,adam,0.0,True,small,0.004968693479895592,0.7934782608695652,0.4009871668311945,0.75,0.871159563924678,True,,snapshots_probe/small/f1/wd_lam1e-5/epoch_0026.pt
27.0,f1,wd_lam1e-5,0.0,adam,0.0,True,small,0.002073013922199607,0.7916666666666666,0.4009871668311945,0.75,0.87103567888999,True,,snapshots_probe/small/f1/wd_lam1e-5/epoch_0027.pt
28.0,f1,wd_lam1e-5,0.0,adam,0.0,True,small,0.0026821368373930454,0.7884615384615384,0.3759871668311945,0.75,0.870416253716551,True,,snapshots_probe/small/f1/wd_lam1e-5/epoch_0028.pt
29.0,f1,wd_lam1e-5,0.0,adam,0.0,True,small,0.003004974452778697,0.7976190476190477,0.40098716683119445,0.75,0.8714073339940536,True,,snapshots_probe/small/f1/wd_lam1e-5/epoch_0029.pt
30.0,f1,wd_lam1e-5,0.0,adam,0.0,True,small,0.0036308502312749624,0.7934782608695652,0.4009871668311945,0.75,0.871159563924678,True,,snapshots_probe/small/f1/wd_lam1e-5/epoch_0030.pt
31.0,f1,wd_lam1e-5,0.0,adam,0.0,True,small,0.0022329934872686863,0.7954545454545454,0.40098716683119445,0.75,0.8712834489593657,True,,snapshots_probe/small/f1/wd_lam1e-5/epoch_0031.pt
32.0,f1,wd_lam1e-5,0.0,adam,0.0,True,small,0.002124854363501072,0.7916666666666666,0.4009871668311945,0.75,0.87103567888999,True,,snapshots_probe/small/f1/wd_lam1e-5/epoch_0032.pt
33.0,f1,wd_lam1e-5,0.0,adam,0.0,True,small,0.003314801724627614,0.7954545454545454,0.40098716683119445,0.75,0.8712834489593657,True,,snapshots_probe/small/f1/wd_lam1e-5/epoch_0033.pt
34.0,f1,wd_lam1e-5,0.0,adam,0.0,True,small,0.004805752541869879,0.7954545454545454,0.40098716683119445,0.75,0.8712834489593657,True,,snapshots_probe/small/f1/wd_lam1e-5/epoch_0034.pt
35.0,f1,wd_lam1e-5,0.0,adam,0.0,True,small,0.0030557354912161827,0.7934782608695652,0.4009871668311945,0.75,0.871159563924678,True,,snapshots_probe/small/f1/wd_lam1e-5/epoch_0035.pt
36.0,f1,wd_lam1e-5,0.0,adam,0.0,True,small,0.002001748653128743,0.7954545454545454,0.40098716683119445,0.75,0.8712834489593657,True,,snapshots_probe/small/f1/wd_lam1e-5/epoch_0036.pt
37.0,f1,wd_lam1e-5,0.0,adam,0.0,True,small,0.0021862885914742947,0.7954545454545454,0.40098716683119445,0.75,0.8712834489593657,True,,snapshots_probe/small/f1/wd_lam1e-5/epoch_0037.pt
38.0,f1,wd_lam1e-5,0.0,adam,0.0,True,small,0.0019101956859230995,0.7884615384615384,0.40098716683119445,0.75,0.8707879088206144,True,,snapshots_probe/small/f1/wd_lam1e-5/epoch_0038.pt
39.0,f1,wd_lam1e-5,0.0,adam,0.0,True,small,0.0028125415556132793,0.787037037037037,0.40098716683119445,0.75,0.8706640237859267,True,,snapshots_probe/small/f1/wd_lam1e-5/epoch_0039.pt
40.0,f1,wd_lam1e-5,0.0,adam,0.0,True,small,0.0024822759442031384,0.7934782608695652,0.4009871668311945,0.75,0.871159563924678,True,,snapshots_probe/small/f1/wd_lam1e-5/epoch_0040.pt
41.0,f1,wd_lam1e-5,0.0,adam,0.0,True,small,0.0021765953861176968,0.7844827586206897,0.40098716683119445,0.75,0.870416253716551,True,,snapshots_probe/small/f1/wd_lam1e-5/epoch_0041.pt
42.0,f1,wd_lam1e-5,0.0,adam,0.0,True,small,0.002252172911539674,0.7833333333333333,0.40098716683119445,0.75,0.8702923686818632,True,,snapshots_probe/small/f1/wd_lam1e-5/epoch_0042.pt
43.0,f1,wd_lam1e-5,0.0,adam,0.0,True,small,0.0035912273451685905,0.7833333333333333,0.40098716683119445,0.75,0.8702923686818632,True,,snapshots_probe/small/f1/wd_lam1e-5/epoch_0043.pt
44.0,f1,wd_lam1e-5,0.0,adam,0.0,True,small,0.0024449799675494432,0.7857142857142857,0.40098716683119445,0.75,0.8705401387512389,True,,snapshots_probe/small/f1/wd_lam1e-5/epoch_0044.pt
45.0,f1,wd_lam1e-5,0.0,adam,0.0,True,small,0.005176826845854521,0.7833333333333333,0.4426538334978611,0.75,0.8705401387512388,True,,snapshots_probe/small/f1/wd_lam1e-5/epoch_0045.pt
46.0,f1,wd_lam1e-5,0.0,adam,0.0,True,small,0.0023371251299977303,0.7844827586206897,0.40098716683119445,0.75,0.870416253716551,True,,snapshots_probe/small/f1/wd_lam1e-5/epoch_0046.pt
47.0,f1,wd_lam1e-5,0.0,adam,0.0,True,small,0.0023884011898189783,0.787037037037037,0.44265383349786114,0.75,0.8709117938553023,True,,snapshots_probe/small/f1/wd_lam1e-5/epoch_0047.pt
48.0,f1,wd_lam1e-5,0.0,adam,0.0,True,small,0.002180824289098382,0.787037037037037,0.40098716683119445,0.75,0.8706640237859267,True,,snapshots_probe/small/f1/wd_lam1e-5/epoch_0048.pt
49.0,f1,wd_lam1e-5,0.0,adam,0.0,True,small,0.0025284397415816784,0.787037037037037,0.44265383349786114,0.75,0.8709117938553023,True,,snapshots_probe/small/f1/wd_lam1e-5/epoch_0049.pt
50.0,f1,wd_lam1e-5,0.0,adam,0.0,True,small,0.002809236291795969,0.7844827586206897,0.44265383349786114,0.75,0.8706640237859267,True,,snapshots_probe/small/f1/wd_lam1e-5/epoch_0050.pt
51.0,f1,wd_lam1e-5,0.0,adam,0.0,True,small,0.0022425383795052767,0.787037037037037,0.44265383349786114,0.75,0.8709117938553023,True,,snapshots_probe/small/f1/wd_lam1e-5/epoch_0051.pt
52.0,f1,wd_lam1e-5,0.0,adam,0.0,True,small,0.002672168891876936,0.787037037037037,0.44265383349786114,0.75,0.8709117938553023,True,,snapshots_probe/small/f1/wd_lam1e-5/epoch_0052.pt
53.0,f1,wd_lam1e-5,0.0,adam,0.0,True,small,0.002550390549004078,0.7857142857142857,0.40098716683119445,0.75,0.8705401387512389,True,,snapshots_probe/small/f1/wd_lam1e-5/epoch_0053.pt
54.0,f1,wd_lam1e-5,0.0,adam,0.0,True,small,0.0025185616686940193,0.7844827586206897,0.44265383349786114,0.75,0.8706640237859267,True,,snapshots_probe/small/f1/wd_lam1e-5/epoch_0054.pt
55.0,f1,wd_lam1e-5,0.0,adam,0.0,True,small,0.002271293895319104,0.782258064516129,0.4009871668311945,0.75,0.8701684836471754,True,,snapshots_probe/small/f1/wd_lam1e-5/epoch_0055.pt
56.0,f1,wd_lam1e-5,0.0,adam,0.0,True,small,0.0022989206481724977,0.787037037037037,0.40098716683119445,0.75,0.8706640237859267,True,,snapshots_probe/small/f1/wd_lam1e-5/epoch_0056.pt
57.0,f1,wd_lam1e-5,0.0,adam,0.0,True,small,0.004205609671771526,0.7803030303030303,0.44265383349786114,0.75,0.8701684836471755,True,,snapshots_probe/small/f1/wd_lam1e-5/epoch_0057.pt
58.0,f1,wd_lam1e-5,0.0,adam,0.0,True,small,0.0037739051040261984,0.7844827586206897,0.40098716683119445,0.75,0.870416253716551,True,,snapshots_probe/small/f1/wd_lam1e-5/epoch_0058.pt
59.0,f1,wd_lam1e-5,0.0,adam,0.0,True,small,0.0036349170841276646,0.79,0.44265383349786114,0.75,0.8711595639246779,True,,snapshots_probe/small/f1/wd_lam1e-5/epoch_0059.pt
60.0,f1,wd_lam1e-5,0.0,adam,0.0,True,small,0.00211999099701643,0.7884615384615384,0.44265383349786114,0.75,0.87103567888999,True,,snapshots_probe/small/f1/wd_lam1e-5/epoch_0060.pt
61.0,f1,wd_lam1e-5,0.0,adam,0.0,True,small,0.0021998859010636806,0.7844827586206897,0.40098716683119445,0.75,0.870416253716551,True,,snapshots_probe/small/f1/wd_lam1e-5/epoch_0061.pt
62.0,f1,wd_lam1e-5,0.0,adam,0.0,True,small,0.0030011706985533237,0.7954545454545454,0.4426538334978611,0.75,0.8715312190287413,True,,snapshots_probe/small/f1/wd_lam1e-5/epoch_0062.pt
63.0,f1,wd_lam1e-5,0.0,adam,0.0,True,small,0.002633137395605445,0.7803030303030303,0.44265383349786114,0.75,0.8701684836471755,True,,snapshots_probe/small/f1/wd_lam1e-5/epoch_0063.pt
64.0,f1,wd_lam1e-5,0.0,adam,0.0,True,small,0.002648500958457589,0.8055555555555556,0.44265383349786114,0.75,0.8720267591674926,True,,snapshots_probe/small/f1/wd_lam1e-5/epoch_0064.pt
65.0,f1,wd_lam1e-5,0.0,adam,0.0,True,small,0.0022024610079824924,0.7884615384615384,0.44265383349786114,0.75,0.87103567888999,True,,snapshots_probe/small/f1/wd_lam1e-5/epoch_0065.pt
66.0,f1,wd_lam1e-5,0.0,adam,0.0,True,small,0.002121798926964402,0.7916666666666666,0.44265383349786114,0.75,0.8712834489593657,True,,snapshots_probe/small/f1/wd_lam1e-5/epoch_0066.pt
67.0,f1,wd_lam1e-5,0.0,adam,0.0,True,small,0.0023175368551164865,0.7857142857142857,0.44265383349786114,0.75,0.8707879088206145,True,,snapshots_probe/small/f1/wd_lam1e-5/epoch_0067.pt
68.0,f1,wd_lam1e-5,0.0,adam,0.0,True,small,0.0024905975442379713,0.7954545454545454,0.4426538334978611,0.75,0.8715312190287413,True,,snapshots_probe/small/f1/wd_lam1e-5/epoch_0068.pt
69.0,f1,wd_lam1e-5,0.0,adam,0.0,True,small,0.002015333157032728,0.7916666666666666,0.44265383349786114,0.75,0.8712834489593657,True,,snapshots_probe/small/f1/wd_lam1e-5/epoch_0069.pt
70.0,f1,wd_lam1e-5,0.0,adam,0.0,True,small,0.004041188396513462,0.7954545454545454,0.40098716683119445,0.75,0.8712834489593657,True,,snapshots_probe/small/f1/wd_lam1e-5/epoch_0070.pt
71.0,f1,wd_lam1e-5,0.0,adam,0.0,True,small,0.006808098405599594,0.7934782608695652,0.4009871668311945,0.75,0.871159563924678,True,,snapshots_probe/small/f1/wd_lam1e-5/epoch_0071.pt
72.0,f1,wd_lam1e-5,0.0,adam,0.0,True,small,0.002667810767889023,0.7934782608695652,0.44265383349786114,0.75,0.8714073339940536,True,,snapshots_probe/small/f1/wd_lam1e-5/epoch_0072.pt
73.0,f1,wd_lam1e-5,0.0,adam,0.0,True,small,0.003610838670283556,0.7916666666666666,0.44265383349786114,0.75,0.8712834489593657,True,,snapshots_probe/small/f1/wd_lam1e-5/epoch_0073.pt
74.0,f1,wd_lam1e-5,0.0,adam,0.0,True,small,0.005096143577247858,0.7954545454545454,0.4426538334978611,0.75,0.8715312190287413,True,,snapshots_probe/small/f1/wd_lam1e-5/epoch_0074.pt
75.0,f1,wd_lam1e-5,0.0,adam,0.0,True,small,0.0027563096955418587,0.7916666666666666,0.44265383349786114,0.75,0.8712834489593657,True,,snapshots_probe/small/f1/wd_lam1e-5/epoch_0075.pt
76.0,f1,wd_lam1e-5,0.0,adam,0.0,True,small,0.0038053549360483885,0.8088235294117647,0.4009871668311945,0.75,0.8719028741328048,True,,snapshots_probe/small/f1/wd_lam1e-5/epoch_0076.pt
77.0,f1,wd_lam1e-5,0.0,adam,0.0,True,small,0.0019467042293399572,0.7916666666666666,0.4009871668311945,0.75,0.87103567888999,True,,snapshots_probe/small/f1/wd_lam1e-5/epoch_0077.pt
78.0,f1,wd_lam1e-5,0.0,adam,0.0,True,small,0.004583768080919981,0.7976190476190477,0.40098716683119445,0.75,0.8714073339940536,True,,snapshots_probe/small/f1/wd_lam1e-5/epoch_0078.pt
79.0,f1,wd_lam1e-5,0.0,adam,0.0,True,small,0.0020853476598858833,0.7954545454545454,0.40098716683119445,0.75,0.8712834489593657,True,,snapshots_probe/small/f1/wd_lam1e-5/epoch_0079.pt
80.0,f1,wd_lam1e-5,0.0,adam,0.0,True,small,0.0050378055311739445,0.8,0.44265383349786114,0.75,0.8717789890981169,True,,snapshots_probe/small/f1/wd_lam1e-5/epoch_0080.pt
81.0,f1,wd_lam1e-5,0.0,adam,0.0,True,small,0.0028402628377079964,0.7954545454545454,0.4426538334978611,0.75,0.8715312190287413,True,,snapshots_probe/small/f1/wd_lam1e-5/epoch_0081.pt
82.0,f1,wd_lam1e-5,0.0,adam,0.0,True,small,0.0026276272255927324,0.7976190476190477,0.40098716683119445,0.75,0.8714073339940536,True,,snapshots_probe/small/f1/wd_lam1e-5/epoch_0082.pt
83.0,f1,wd_lam1e-5,0.0,adam,0.0,True,small,0.002463689772412181,0.8026315789473684,0.44265383349786114,0.75,0.8719028741328048,True,,snapshots_probe/small/f1/wd_lam1e-5/epoch_0083.pt
84.0,f1,wd_lam1e-5,0.0,adam,0.0,True,small,0.00322220241650939,0.8,0.44265383349786114,0.75,0.8717789890981169,True,,snapshots_probe/small/f1/wd_lam1e-5/epoch_0084.pt
85.0,f1,wd_lam1e-5,0.0,adam,0.0,True,small,0.003257640404626727,0.7934782608695652,0.44265383349786114,0.75,0.8714073339940536,True,,snapshots_probe/small/f1/wd_lam1e-5/epoch_0085.pt
86.0,f1,wd_lam1e-5,0.0,adam,0.0,True,small,0.006462925113737583,0.7954545454545454,0.4426538334978611,0.75,0.8715312190287413,True,,snapshots_probe/small/f1/wd_lam1e-5/epoch_0086.pt
87.0,f1,wd_lam1e-5,0.0,adam,0.0,True,small,0.0025413495022803545,0.7916666666666666,0.4009871668311945,0.75,0.87103567888999,True,,snapshots_probe/small/f1/wd_lam1e-5/epoch_0087.pt
88.0,f1,wd_lam1e-5,0.0,adam,0.0,True,small,0.003933644853532314,0.7976190476190477,0.40098716683119445,0.75,0.8714073339940536,True,,snapshots_probe/small/f1/wd_lam1e-5/epoch_0088.pt
89.0,f1,wd_lam1e-5,0.0,adam,0.0,True,small,0.0020501366816461086,0.7934782608695652,0.44265383349786114,0.75,0.8714073339940536,True,,snapshots_probe/small/f1/wd_lam1e-5/epoch_0089.pt
90.0,f1,wd_lam1e-5,0.0,adam,0.0,True,small,0.0026615350507199764,0.7916666666666666,0.44265383349786114,0.75,0.8712834489593657,True,,snapshots_probe/small/f1/wd_lam1e-5/epoch_0090.pt
91.0,f1,wd_lam1e-5,0.0,adam,0.0,True,small,0.0051019941456615925,0.7884615384615384,0.40098716683119445,0.75,0.8707879088206144,True,,snapshots_probe/small/f1/wd_lam1e-5/epoch_0091.pt
92.0,f1,wd_lam1e-5,0.0,adam,0.0,True,small,0.002288314513862133,0.7857142857142857,0.40098716683119445,0.75,0.8705401387512389,True,,snapshots_probe/small/f1/wd_lam1e-5/epoch_0092.pt
93.0,f1,wd_lam1e-5,0.0,adam,0.0,True,small,0.002473889384418726,0.7934782608695652,0.4009871668311945,0.75,0.871159563924678,True,,snapshots_probe/small/f1/wd_lam1e-5/epoch_0093.pt
94.0,f1,wd_lam1e-5,0.0,adam,0.0,True,small,0.002594470512121916,0.7934782608695652,0.44265383349786114,0.75,0.8714073339940536,True,,snapshots_probe/small/f1/wd_lam1e-5/epoch_0094.pt
95.0,f1,wd_lam1e-5,0.0,adam,0.0,True,small,0.003568529849871993,0.787037037037037,0.40098716683119445,0.75,0.8706640237859267,True,,snapshots_probe/small/f1/wd_lam1e-5/epoch_0095.pt
96.0,f1,wd_lam1e-5,0.0,adam,0.0,True,small,0.0034202125389128923,0.7884615384615384,0.40098716683119445,0.75,0.8707879088206144,True,,snapshots_probe/small/f1/wd_lam1e-5/epoch_0096.pt
97.0,f1,wd_lam1e-5,0.0,adam,0.0,True,small,0.002617503050714731,0.7976190476190477,0.40098716683119445,0.75,0.8714073339940536,True,,snapshots_probe/small/f1/wd_lam1e-5/epoch_0097.pt
98.0,f1,wd_lam1e-5,0.0,adam,0.0,True,small,0.0022469377145171165,0.7884615384615384,0.40098716683119445,0.75,0.8707879088206144,True,,snapshots_probe/small/f1/wd_lam1e-5/epoch_0098.pt
99.0,f1,wd_lam1e-5,0.0,adam,0.0,True,small,0.0017438078066334128,0.7954545454545454,0.40098716683119445,0.75,0.8712834489593657,True,,snapshots_probe/small/f1/wd_lam1e-5/epoch_0099.pt
100.0,f1,wd_lam1e-5,0.0,adam,0.0,True,small,0.001893246779218316,0.7916666666666666,0.4009871668311945,0.75,0.87103567888999,True,,snapshots_probe/small/f1/wd_lam1e-5/epoch_0100.pt
1.0,f1,wd_lam1e-4,0.0,adam,0.0,True,small,0.019203651696443558,0.6666666666666666,0.003948667324777887,0.0,0.49801783944499506,True,,snapshots_probe/small/f1/wd_lam1e-4/epoch_0001.pt
2.0,f1,wd_lam1e-4,0.0,adam,0.0,True,small,0.008369983173906803,0.4,0.003948667324777887,0.0,0.4960356788899901,True,,snapshots_probe/small/f1/wd_lam1e-4/epoch_0002.pt
3.0,f1,wd_lam1e-4,0.0,adam,0.0,True,small,0.008998946286737919,0.2857142857142857,0.003948667324777887,0.0,0.49355797819623387,True,,snapshots_probe/small/f1/wd_lam1e-4/epoch_0003.pt
4.0,f1,wd_lam1e-4,0.0,adam,0.0,True,small,0.0074865310452878475,0.41666666666666663,0.1279615004935834,0.25,0.6184340931615461,True,,snapshots_probe/small/f1/wd_lam1e-4/epoch_0004.pt
5.0,f1,wd_lam1e-4,0.0,adam,0.0,True,small,0.006517024710774422,0.6052631578947368,0.2936410003290556,0.5,0.7450445986124876,True,,snapshots_probe/small/f1/wd_lam1e-4/epoch_0005.pt
6.0,f1,wd_lam1e-4,0.0,adam,0.0,True,small,0.004572040401399136,0.625,0.29364100032905555,0.5,0.7460356788899901,True,,snapshots_probe/small/f1/wd_lam1e-4/epoch_0006.pt
7.0,f1,wd_lam1e-4,0.0,adam,0.0,True,small,0.004055736120790243,0.4,0.1279615004935834,0.25,0.6176907829534193,True,,snapshots_probe/small/f1/wd_lam1e-4/epoch_0007.pt
8.0,f1,wd_lam1e-4,0.0,adam,0.0,True,small,0.005795023404061794,0.3804347826086957,0.1279615004935834,0.25,0.6165758176412289,True,,snapshots_probe/small/f1/wd_lam1e-4/epoch_0008.pt
9.0,f1,wd_lam1e-4,0.0,adam,0.0,True,small,0.003684076014906168,0.39285714285714285,0.1279615004935834,0.25,0.6173191278493558,True,,snapshots_probe/small/f1/wd_lam1e-4/epoch_0009.pt
10.0,f1,wd_lam1e-4,0.0,adam,0.0,True,small,0.00505659356713295,0.42407407407407405,0.18947433366238894,0.46739130434782605,0.7418235877106045,True,,snapshots_probe/small/f1/wd_lam1e-4/epoch_0010.pt
11.0,f1,wd_lam1e-4,0.0,adam,0.0,True,small,0.005582597106695175,0.43,0.18947433366238894,0.4642857142857143,0.7423191278493557,True,,snapshots_probe/small/f1/wd_lam1e-4/epoch_0011.pt
12.0,f1,wd_lam1e-4,0.0,adam,0.0,True,small,0.005057900678366423,0.41666666666666663,0.1724288791169344,0.4264705882352941,0.7423191278493557,True,,snapshots_probe/small/f1/wd_lam1e-4/epoch_0012.pt
13.0,f1,wd_lam1e-4,0.0,adam,0.0,True,small,0.0027166479267179966,0.4444444444444444,0.1825298892179445,0.4285714285714286,0.7438057482656094,True,,snapshots_probe/small/f1/wd_lam1e-4/epoch_0013.pt
14.0,f1,wd_lam1e-4,0.0,adam,0.0,True,small,0.0038964063860476017,0.45,0.18947433366238894,0.453125,0.7435579781962339,True,,snapshots_probe/small/f1/wd_lam1e-4/epoch_0014.pt
15.0,f1,wd_lam1e-4,0.0,adam,0.0,True,small,0.004453635774552822,0.48026315789473684,0.19840290509096037,0.4666666666666667,0.7440535183349851,True,,snapshots_probe/small/f1/wd_lam1e-4/epoch_0015.pt
16.0,f1,wd_lam1e-4,0.0,adam,0.0,True,small,0.004475754220038652,0.4552631578947368,0.18947433366238894,0.45,0.7438057482656095,True,,snapshots_probe/small/f1/wd_lam1e-4/epoch_0016.pt
17.0,f1,wd_lam1e-4,0.0,adam,0.0,True,small,0.005339219234883785,0.48026315789473684,0.19840290509096037,0.4666666666666667,0.7440535183349851,True,,snapshots_probe/small/f1/wd_lam1e-4/epoch_0017.pt
18.0,f1,wd_lam1e-4,0.0,adam,0.0,True,small,0.0030269245617091656,0.47023809523809523,0.19840290509096037,0.47058823529411764,0.7435579781962339,True,,snapshots_probe/small/f1/wd_lam1e-4/epoch_0018.pt
19.0,f1,wd_lam1e-4,0.0,adam,0.0,True,small,0.006472161505371332,0.44166666666666665,0.19840290509096037,0.4807692307692308,0.7413280475718533,True,,snapshots_probe/small/f1/wd_lam1e-4/epoch_0019.pt
20.0,f1,wd_lam1e-4,0.0,adam,0.0,True,small,0.0036807279102504253,0.475,0.19840290509096037,0.46875,0.7438057482656095,True,,snapshots_probe/small/f1/wd_lam1e-4/epoch_0020.pt
21.0,f1,wd_lam1e-4,0.0,adam,0.0,True,small,0.004589126445353031,0.455,0.19840290509096037,0.47619047619047616,0.7425668979187314,True,,snapshots_probe/small/f1/wd_lam1e-4/epoch_0021.pt
22.0,f1,wd_lam1e-4,0.0,adam,0.0,True,small,0.0036500426940619946,0.46195652173913043,0.19840290509096037,0.4736842105263158,0.7430624380574826,True,,snapshots_probe/small/f1/wd_lam1e-4/epoch_0022.pt
23.0,f1,wd_lam1e-4,0.0,adam,0.0,True,small,0.0032382982317358255,0.44907407407407407,0.19840290509096037,0.4782608695652174,0.7420713577799801,True,,snapshots_probe/small/f1/wd_lam1e-4/epoch_0023.pt
24.0,f1,wd_lam1e-4,0.0,adam,0.0,True,small,0.004064546432346106,0.455,0.19840290509096037,0.47619047619047616,0.7425668979187314,True,,snapshots_probe/small/f1/wd_lam1e-4/epoch_0024.pt
25.0,f1,wd_lam1e-4,0.0,adam,0.0,True,small,0.0023714557755738497,0.4519230769230769,0.19840290509096037,0.47727272727272724,0.7423191278493558,True,,snapshots_probe/small/f1/wd_lam1e-4/epoch_0025.pt
26.0,f1,wd_lam1e-4,0.0,adam,0.0,True,small,0.0037673108745366335,0.4519230769230769,0.19840290509096037,0.47727272727272724,0.7423191278493558,True,,snapshots_probe/small/f1/wd_lam1e-4/epoch_0026.pt
27.0,f1,wd_lam1e-4,0.0,adam,0.0,True,small,0.003659258596599102,0.43,0.18947433366238894,0.4642857142857143,0.7423191278493557,True,,snapshots_probe/small/f1/wd_lam1e-4/epoch_0027.pt
28.0,f1,wd_lam1e-4,0.0,adam,0.0,True,small,0.008688738569617271,0.4519230769230769,0.19840290509096037,0.47727272727272724,0.7423191278493558,True,,snapshots_probe/small/f1/wd_lam1e-4/epoch_0028.pt
29.0,f1,wd_lam1e-4,0.0,adam,0.0,True,small,0.003430187702178955,0.4583333333333333,0.19840290509096037,0.47500000000000003,0.742814667988107,True,,snapshots_probe/small/f1/wd_lam1e-4/epoch_0029.pt
30.0,f1,wd_lam1e-4,0.0,adam,0.0,True,small,0.002490473445504904,0.455,0.19840290509096037,0.47619047619047616,0.7425668979187314,True,,snapshots_probe/small/f1/wd_lam1e-4/epoch_0030.pt
31.0,f1,wd_lam1e-4,0.0,adam,0.0,True,small,0.0058177984319627285,0.49666666666666665,0.22697433366238895,0.4880952380952381,0.7433102081268583,True,,snapshots_probe/small/f1/wd_lam1e-4/epoch_0031.pt
32.0,f1,wd_lam1e-4,0.0,adam,0.0,True,small,0.005861987359821796,0.44166666666666665,0.19840290509096037,0.4807692307692308,0.7413280475718533,True,,snapshots_probe/small/f1/wd_lam1e-4/epoch_0032.pt
33.0,f1,wd_lam1e-4,0.0,adam,0.0,True,small,0.0021773995831608772,0.455,0.19840290509096037,0.47619047619047616,0.7425668979187314,True,,snapshots_probe/small/f1/wd_lam1e-4/epoch_0033.pt
34.0,f1,wd_lam1e-4,0.0,adam,0.0,True,small,0.009664290584623814,0.4519230769230769,0.19840290509096037,0.47727272727272724,0.7423191278493558,True,,snapshots_probe/small/f1/wd_lam1e-4/epoch_0034.pt
35.0,f1,wd_lam1e-4,0.0,adam,0.0,True,small,0.0022781305015087128,0.4464285714285714,0.19840290509096037,0.47916666666666663,0.7418235877106045,True,,snapshots_probe/small/f1/wd_lam1e-4/epoch_0035.pt
36.0,f1,wd_lam1e-4,0.0,adam,0.0,True,small,0.003204920794814825,0.47023809523809523,0.19840290509096037,0.47058823529411764,0.7435579781962339,True,,snapshots_probe/small/f1/wd_lam1e-4/epoch_0036.pt
37.0,f1,wd_lam1e-4,0.0,adam,0.0,True,small,0.0028263044077903032,0.5036231884057971,0.2103076669957223,0.4868421052631579,0.7433102081268582,True,,snapshots_probe/small/f1/wd_lam1e-4/epoch_0037.pt
38.0,f1,wd_lam1e-4,0.0,adam,0.0,True,small,0.002403231570497155,0.5277777777777778,0.2103076669957223,0.48214285714285715,0.7445490584737363,True,,snapshots_probe/small/f1/wd_lam1e-4/epoch_0038.pt
39.0,f1,wd_lam1e-4,0.0,adam,0.0,True,small,0.002721319906413555,0.5119047619047619,0.2103076669957223,0.4852941176470588,0.7438057482656095,True,,snapshots_probe/small/f1/wd_lam1e-4/epoch_0039.pt
40.0,f1,wd_lam1e-4,0.0,adam,0.0,True,small,0.005609599873423576,0.5166666666666666,0.2103076669957223,0.484375,0.7440535183349852,True,,snapshots_probe/small/f1/wd_lam1e-4/epoch_0040.pt
41.0,f1,wd_lam1e-4,0.0,adam,0.0,True,small,0.0027894307859241962,0.5166666666666666,0.2103076669957223,0.484375,0.7440535183349852,True,,snapshots_probe/small/f1/wd_lam1e-4/epoch_0041.pt
42.0,f1,wd_lam1e-4,0.0,adam,0.0,True,small,0.005590903107076883,0.4861111111111111,0.19840290509096037,0.4642857142857143,0.7443012884043607,True,,snapshots_probe/small/f1/wd_lam1e-4/epoch_0042.pt
43.0,f1,wd_lam1e-4,0.0,adam,0.0,True,small,0.004832591861486435,0.4971428571428571,0.26348716683119444,0.6666666666666667,0.8685579781962337,True,,snapshots_probe/small/f1/wd_lam1e-4/epoch_0043.pt
44.0,f1,wd_lam1e-4,0.0,adam,0.0,True,small,0.004535876680165529,0.55,0.2103076669957223,0.47727272727272724,0.7452923686818633,True,,snapshots_probe/small/f1/wd_lam1e-4/epoch_0044.pt
45.0,f1,wd_lam1e-4,0.0,adam,0.0,True,small,0.0033497787080705166,0.5277777777777778,0.2103076669957223,0.48214285714285715,0.7445490584737363,True,,snapshots_probe/small/f1/wd_lam1e-4/epoch_0045.pt
46.0,f1,wd_lam1e-4,0.0,adam,0.0,True,small,0.0029499181546270847,0.5075757575757576,0.2103076669957223,0.4861111111111111,0.7435579781962339,True,,snapshots_probe/small/f1/wd_lam1e-4/epoch_0046.pt
47.0,f1,wd_lam1e-4,0.0,adam,0.0,True,small,0.0046669719740748405,0.5219298245614035,0.2103076669957223,0.48333333333333334,0.7443012884043607,True,,snapshots_probe/small/f1/wd_lam1e-4/epoch_0047.pt
48.0,f1,wd_lam1e-4,0.0,adam,0.0,True,small,0.0020319295581430197,0.5119047619047619,0.2103076669957223,0.4852941176470588,0.7438057482656095,True,,snapshots_probe/small/f1/wd_lam1e-4/epoch_0048.pt
49.0,f1,wd_lam1e-4,0.0,adam,0.0,True,small,0.0067212567664682865,0.5416666666666666,0.2103076669957223,0.47916666666666663,0.7450445986124876,True,,snapshots_probe/small/f1/wd_lam1e-4/epoch_0049.pt
50.0,f1,wd_lam1e-4,0.0,adam,0.0,True,small,0.0025947645772248507,0.4861111111111111,0.19840290509096037,0.4642857142857143,0.7443012884043607,True,,snapshots_probe/small/f1/wd_lam1e-4/epoch_0050.pt
51.0,f1,wd_lam1e-4,0.0,adam,0.0,True,small,0.0028326434548944235,0.49264705882352944,0.19840290509096037,0.46153846153846156,0.7445490584737363,True,,snapshots_probe/small/f1/wd_lam1e-4/epoch_0051.pt
52.0,f1,wd_lam1e-4,0.0,adam,0.0,True,small,0.002217085799202323,0.5,0.19840290509096037,0.45833333333333337,0.744796828543112,True,,snapshots_probe/small/f1/wd_lam1e-4/epoch_0052.pt
53.0,f1,wd_lam1e-4,0.0,adam,0.0,True,small,0.002912163734436035,0.6071428571428571,0.2843205001645278,0.59375,0.8706640237859267,True,,snapshots_probe/small/f1/wd_lam1e-4/epoch_0053.pt
54.0,f1,wd_lam1e-4,0.0,adam,0.0,True,small,0.00351327913813293,0.5178571428571428,0.19840290509096037,0.45,0.7452923686818632,True,,snapshots_probe/small/f1/wd_lam1e-4/epoch_0054.pt
55.0,f1,wd_lam1e-4,0.0,adam,0.0,True,small,0.0024207578971982002,0.49264705882352944,0.19840290509096037,0.46153846153846156,0.7445490584737363,True,,snapshots_probe/small/f1/wd_lam1e-4/epoch_0055.pt
56.0,f1,wd_lam1e-4,0.0,adam,0.0,True,small,0.0028376728296279907,0.475,0.19840290509096037,0.46875,0.7438057482656095,True,,snapshots_probe/small/f1/wd_lam1e-4/epoch_0056.pt
57.0,f1,wd_lam1e-4,0.0,adam,0.0,True,small,0.0026097155641764402,0.475,0.19840290509096037,0.46875,0.7438057482656095,True,,snapshots_probe/small/f1/wd_lam1e-4/epoch_0057.pt
58.0,f1,wd_lam1e-4,0.0,adam,0.0,True,small,0.002537903841584921,0.5555555555555556,0.28074907159309925,0.6607142857142857,0.8699207135777998,True,,snapshots_probe/small/f1/wd_lam1e-4/epoch_0058.pt
59.0,f1,wd_lam1e-4,0.0,adam,0.0,True,small,0.0022928921971470118,0.47023809523809523,0.19840290509096037,0.47058823529411764,0.7435579781962339,True,,snapshots_probe/small/f1/wd_lam1e-4/epoch_0059.pt
60.0,f1,wd_lam1e-4,0.0,adam,0.0,True,small,0.0033309769351035357,0.5083333333333333,0.19840290509096037,0.45454545454545453,0.7450445986124876,True,,snapshots_probe/small/f1/wd_lam1e-4/epoch_0060.pt
61.0,f1,wd_lam1e-4,0.0,adam,0.0,True,small,0.005341297946870327,0.5347744360902256,0.27241573825976584,0.65,0.8695490584737364,True,,snapshots_probe/small/f1/wd_lam1e-4/epoch_0061.pt
62.0,f1,wd_lam1e-4,0.0,adam,0.0,True,small,0.002319738268852234,0.5178571428571428,0.19840290509096037,0.45,0.7452923686818632,True,,snapshots_probe/small/f1/wd_lam1e-4/epoch_0062.pt
63.0,f1,wd_lam1e-4,0.0,adam,0.0,True,small,0.004164519719779491,0.475,0.19840290509096037,0.46875,0.7438057482656095,True,,snapshots_probe/small/f1/wd_lam1e-4/epoch_0063.pt
64.0,f1,wd_lam1e-4,0.0,adam,0.0,True,small,0.0031431596726179123,0.55,0.2103076669957223,0.47727272727272724,0.7452923686818633,True,,snapshots_probe/small/f1/wd_lam1e-4/epoch_0064.pt
65.0,f1,wd_lam1e-4,0.0,adam,0.0,True,small,0.0025603112298995256,0.49264705882352944,0.19840290509096037,0.46153846153846156,0.7445490584737363,True,,snapshots_probe/small/f1/wd_lam1e-4/epoch_0065.pt
66.0,f1,wd_lam1e-4,0.0,adam,0.0,True,small,0.00813714973628521,0.475,0.18947433366238894,0.4375,0.7445490584737364,True,,snapshots_probe/small/f1/wd_lam1e-4/epoch_0066.pt
67.0,f1,wd_lam1e-4,0.0,adam,0.0,True,small,0.006050909403711557,0.49264705882352944,0.19840290509096037,0.46153846153846156,0.7445490584737363,True,,snapshots_probe/small/f1/wd_lam1e-4/epoch_0067.pt
68.0,f1,wd_lam1e-4,0.0,adam,0.0,True,small,0.0025316933169960976,0.475,0.19840290509096037,0.46875,0.7438057482656095,True,,snapshots_probe/small/f1/wd_lam1e-4/epoch_0068.pt
69.0,f1,wd_lam1e-4,0.0,adam,0.0,True,small,0.0022155623883008957,0.49264705882352944,0.19840290509096037,0.46153846153846156,0.7445490584737363,True,,snapshots_probe/small/f1/wd_lam1e-4/epoch_0069.pt
70.0,f1,wd_lam1e-4,0.0,adam,0.0,True,small,0.0036400111857801676,0.4409090909090909,0.18947433366238894,0.45833333333333337,0.7430624380574826,True,,snapshots_probe/small/f1/wd_lam1e-4/epoch_0070.pt
71.0,f1,wd_lam1e-4,0.0,adam,0.0,True,small,0.002365034306421876,0.5555555555555556,0.28074907159309925,0.6607142857142857,0.8699207135777998,True,,snapshots_probe/small/f1/wd_lam1e-4/epoch_0071.pt
72.0,f1,wd_lam1e-4,0.0,adam,0.0,True,small,0.0025923920329660177,0.47023809523809523,0.19840290509096037,0.47058823529411764,0.7435579781962339,True,,snapshots_probe/small/f1/wd_lam1e-4/epoch_0072.pt
73.0,f1,wd_lam1e-4,0.0,adam,0.0,True,small,0.00335039128549397,0.4409090909090909,0.18947433366238894,0.45833333333333337,0.7430624380574826,True,,snapshots_probe/small/f1/wd_lam1e-4/epoch_0073.pt
74.0,f1,wd_lam1e-4,0.0,adam,0.0,True,small,0.0027595863211899996,0.5343137254901961,0.2103076669957223,0.4807692307692308,0.7447968285431119,True,,snapshots_probe/small/f1/wd_lam1e-4/epoch_0074.pt
75.0,f1,wd_lam1e-4,0.0,adam,0.0,True,small,0.004907868802547455,0.475,0.18947433366238894,0.4375,0.7445490584737364,True,,snapshots_probe/small/f1/wd_lam1e-4/epoch_0075.pt
76.0,f1,wd_lam1e-4,0.0,adam,0.0,True,small,0.005023396573960781,0.5083333333333333,0.19840290509096037,0.45454545454545453,0.7450445986124876,True,,snapshots_probe/small/f1/wd_lam1e-4/epoch_0076.pt
77.0,f1,wd_lam1e-4,0.0,adam,0.0,True,small,0.0033057357650250196,0.48026315789473684,0.19840290509096037,0.4666666666666667,0.7440535183349851,True,,snapshots_probe/small/f1/wd_lam1e-4/epoch_0077.pt
78.0,f1,wd_lam1e-4,0.0,adam,0.0,True,small,0.0035605281591415405,0.5343137254901961,0.2103076669957223,0.4807692307692308,0.7447968285431119,True,,snapshots_probe/small/f1/wd_lam1e-4/epoch_0078.pt
79.0,f1,wd_lam1e-4,0.0,adam,0.0,True,small,0.0027027486357837915,0.5416666666666666,0.2103076669957223,0.47916666666666663,0.7450445986124876,True,,snapshots_probe/small/f1/wd_lam1e-4/epoch_0079.pt
80.0,f1,wd_lam1e-4,0.0,adam,0.0,True,small,0.0025168738793581724,0.5416666666666666,0.22697433366238895,0.47916666666666663,0.7455401387512389,True,,snapshots_probe/small/f1/wd_lam1e-4/epoch_0080.pt
81.0,f1,wd_lam1e-4,0.0,adam,0.0,True,small,0.0028756409883499146,0.48026315789473684,0.19840290509096037,0.4666666666666667,0.7440535183349851,True,,snapshots_probe/small/f1/wd_lam1e-4/epoch_0081.pt
82.0,f1,wd_lam1e-4,0.0,adam,0.0,True,small,0.0033308512065559626,0.5277777777777778,0.22697433366238895,0.48214285714285715,0.7450445986124876,True,,snapshots_probe/small/f1/wd_lam1e-4/epoch_0082.pt
83.0,f1,wd_lam1e-4,0.0,adam,0.0,True,small,0.0038952978793531656,0.4676470588235294,0.18947433366238894,0.4423076923076923,0.7443012884043607,True,,snapshots_probe/small/f1/wd_lam1e-4/epoch_0083.pt
84.0,f1,wd_lam1e-4,0.0,adam,0.0,True,small,0.003907386213541031,0.5219298245614035,0.22697433366238895,0.48333333333333334,0.7447968285431119,True,,snapshots_probe/small/f1/wd_lam1e-4/epoch_0084.pt
85.0,f1,wd_lam1e-4,0.0,adam,0.0,True,small,0.0020936927758157253,0.5,0.2103076669957223,0.45833333333333337,0.7452923686818633,True,,snapshots_probe/small/f1/wd_lam1e-4/epoch_0085.pt
86.0,f1,wd_lam1e-4,0.0,adam,0.0,True,small,0.0024347789585590363,0.5219298245614035,0.22697433366238895,0.48333333333333334,0.7447968285431119,True,,snapshots_probe/small/f1/wd_lam1e-4/epoch_0086.pt
87.0,f1,wd_lam1e-4,0.0,adam,0.0,True,small,0.0032780629117041826,0.49264705882352944,0.2103076669957223,0.46153846153846156,0.7450445986124876,True,,snapshots_probe/small/f1/wd_lam1e-4/epoch_0087.pt
88.0,f1,wd_lam1e-4,0.0,adam,0.0,True,small,0.0030727554112672806,0.475,0.19840290509096037,0.4375,0.7450445986124876,True,,snapshots_probe/small/f1/wd_lam1e-4/epoch_0088.pt
89.0,f1,wd_lam1e-4,0.0,adam,0.0,True,small,0.003917521797120571,0.6083333333333333,0.31973716683119446,0.6590909090909091,0.8711595639246779,True,,snapshots_probe/small/f1/wd_lam1e-4/epoch_0089.pt
90.0,f1,wd_lam1e-4,0.0,adam,0.0,True,small,0.00340905855409801,0.5416666666666666,0.2103076669957223,0.4375,0.7462834489593657,True,,snapshots_probe/small/f1/wd_lam1e-4/epoch_0090.pt
91.0,f1,wd_lam1e-4,0.0,adam,0.0,True,small,0.0045779310166835785,0.55,0.22697433366238895,0.47727272727272724,0.7457879088206144,True,,snapshots_probe/small/f1/wd_lam1e-4/epoch_0091.pt
92.0,f1,wd_lam1e-4,0.0,adam,0.0,True,small,0.0020722770132124424,0.5416666666666666,0.22697433366238895,0.47916666666666663,0.7455401387512389,True,,snapshots_probe/small/f1/wd_lam1e-4/epoch_0092.pt
93.0,f1,wd_lam1e-4,0.0,adam,0.0,True,small,0.002325819106772542,0.4676470588235294,0.19840290509096037,0.4423076923076923,0.744796828543112,True,,snapshots_probe/small/f1/wd_lam1e-4/epoch_0093.pt
94.0,f1,wd_lam1e-4,0.0,adam,0.0,True,small,0.004566214047372341,0.5083333333333333,0.2103076669957223,0.45454545454545453,0.7455401387512388,True,,snapshots_probe/small/f1/wd_lam1e-4/epoch_0094.pt
95.0,f1,wd_lam1e-4,0.0,adam,0.0,True,small,0.003249392146244645,0.5,0.2103076669957223,0.45833333333333337,0.7452923686818633,True,,snapshots_probe/small/f1/wd_lam1e-4/epoch_0095.pt
96.0,f1,wd_lam1e-4,0.0,adam,0.0,True,small,0.002312338910996914,0.5178571428571428,0.2103076669957223,0.45,0.7457879088206144,True,,snapshots_probe/small/f1/wd_lam1e-4/epoch_0096.pt
97.0,f1,wd_lam1e-4,0.0,adam,0.0,True,small,0.004761324729770422,0.5705128205128205,0.22697433366238895,0.4722222222222222,0.7462834489593657,True,,snapshots_probe/small/f1/wd_lam1e-4/epoch_0097.pt
98.0,f1,wd_lam1e-4,0.0,adam,0.0,True,small,0.0028146784752607346,0.5416666666666666,0.22697433366238895,0.47916666666666663,0.7455401387512389,True,,snapshots_probe/small/f1/wd_lam1e-4/epoch_0098.pt
99.0,f1,wd_lam1e-4,0.0,adam,0.0,True,small,0.006688596215099096,0.55,0.22697433366238895,0.47727272727272724,0.7457879088206144,True,,snapshots_probe/small/f1/wd_lam1e-4/epoch_0099.pt
100.0,f1,wd_lam1e-4,0.0,adam,0.0,True,small,0.0025074342265725136,0.4676470588235294,0.19840290509096037,0.4423076923076923,0.744796828543112,True,,snapshots_probe/small/f1/wd_lam1e-4/epoch_0100.pt
1.0,f1,wd_lam1e-3,0.0,adam,0.0,True,small,0.015989355742931366,0.8,0.003948667324777887,0.0,0.4990089197224975,True,,snapshots_probe/small/f1/wd_lam1e-3/epoch_0001.pt
2.0,f1,wd_lam1e-3,0.0,adam,0.0,True,small,0.012974266894161701,0.625,0.1279615004935834,0.25,0.6228939544103073,True,,snapshots_probe/small/f1/wd_lam1e-3/epoch_0002.pt
3.0,f1,wd_lam1e-3,0.0,adam,0.0,True,small,0.013751058839261532,0.6166666666666667,0.25197433366238897,0.45833333333333337,0.7472745292368683,True,,snapshots_probe/small/f1/wd_lam1e-3/epoch_0003.pt
4.0,f1,wd_lam1e-3,0.0,adam,0.0,True,small,0.013104334473609924,0.5972222222222222,0.22697433366238895,0.4,0.7470267591674926,True,,snapshots_probe/small/f1/wd_lam1e-3/epoch_0004.pt
5.0,f1,wd_lam1e-3,0.0,adam,0.0,True,small,0.007492500357329845,0.5416666666666666,0.22697433366238895,0.4375,0.7462834489593657,True,,snapshots_probe/small/f1/wd_lam1e-3/epoch_0005.pt
6.0,f1,wd_lam1e-3,0.0,adam,0.0,True,small,0.007407674100250006,0.39166666666666666,0.15673623842429368,0.375,0.7452923686818631,True,,snapshots_probe/small/f1/wd_lam1e-3/epoch_0006.pt
7.0,f1,wd_lam1e-3,0.0,adam,0.0,True,small,0.008635392412543297,0.3302631578947368,0.1478076669957223,0.43333333333333335,0.7430624380574826,True,,snapshots_probe/small/f1/wd_lam1e-3/epoch_0007.pt
8.0,f1,wd_lam1e-3,0.0,adam,0.0,True,small,0.015075091272592545,0.325,0.08629483382691674,0.22727272727272727,0.6189296333002974,True,,snapshots_probe/small/f1/wd_lam1e-3/epoch_0008.pt
9.0,f1,wd_lam1e-3,0.0,adam,0.0,True,small,0.006835548207163811,0.23333333333333334,0.06546150049358342,0.21875,0.617195242814668,True,,snapshots_probe/small/f1/wd_lam1e-3/epoch_0009.pt
10.0,f1,wd_lam1e-3,0.0,adam,0.0,True,small,0.006508256308734417,0.19871794871794873,0.06546150049358342,0.22727272727272727,0.614593657086224,True,,snapshots_probe/small/f1/wd_lam1e-3/epoch_0010.pt
11.0,f1,wd_lam1e-3,0.0,adam,0.0,True,small,0.006905045825988054,0.213768115942029,0.06546150049358342,0.2236842105263158,0.6157086223984143,True,,snapshots_probe/small/f1/wd_lam1e-3/epoch_0011.pt
12.0,f1,wd_lam1e-3,0.0,adam,0.0,True,small,0.005933905951678753,0.20833333333333331,0.06546150049358342,0.225,0.6153369672943508,True,,snapshots_probe/small/f1/wd_lam1e-3/epoch_0012.pt
13.0,f1,wd_lam1e-3,0.0,adam,0.0,True,small,0.008189809508621693,0.26136363636363635,0.08629483382691674,0.2361111111111111,0.6166997026759168,True,,snapshots_probe/small/f1/wd_lam1e-3/epoch_0013.pt
14.0,f1,wd_lam1e-3,0.0,adam,0.0,True,small,0.007868773303925991,0.26751207729468596,0.12697433366238894,0.39473684210526316,0.7415758176412288,True,,snapshots_probe/small/f1/wd_lam1e-3/epoch_0014.pt
15.0,f1,wd_lam1e-3,0.0,adam,0.0,True,small,0.005653657950460911,0.22028985507246374,0.10293587212392741,0.368421052631579,0.7410802775024776,True,,snapshots_probe/small/f1/wd_lam1e-3/epoch_0015.pt
16.0,f1,wd_lam1e-3,0.0,adam,0.0,True,small,0.008395463228225708,0.2815656565656566,0.12102195271000799,0.3214285714285714,0.7423191278493557,True,,snapshots_probe/small/f1/wd_lam1e-3/epoch_0016.pt
17.0,f1,wd_lam1e-3,0.0,adam,0.0,True,small,0.0062295133247971535,0.37407407407407406,0.1654358721239274,0.41304347826086957,0.7405847373637264,True,,snapshots_probe/small/f1/wd_lam1e-3/epoch_0017.pt
18.0,f1,wd_lam1e-3,0.0,adam,0.0,True,small,0.008747050538659096,0.24166666666666667,0.12376920545726074,0.41346153846153844,0.7395936570862239,True,,snapshots_probe/small/f1/wd_lam1e-3/epoch_0018.pt
19.0,f1,wd_lam1e-3,0.0,adam,0.0,True,small,0.007362335920333862,0.42028985507246375,0.1825298892179445,0.4473684210526316,0.7425668979187313,True,,snapshots_probe/small/f1/wd_lam1e-3/epoch_0019.pt
20.0,f1,wd_lam1e-3,0.0,adam,0.0,True,small,0.007101116236299276,0.42692307692307696,0.18947433366238894,0.46590909090909094,0.7420713577799802,True,,snapshots_probe/small/f1/wd_lam1e-3/epoch_0020.pt
21.0,f1,wd_lam1e-3,0.0,adam,0.0,True,small,0.006186470855027437,0.42028985507246375,0.1825298892179445,0.4473684210526316,0.7425668979187313,True,,snapshots_probe/small/f1/wd_lam1e-3/epoch_0021.pt
22.0,f1,wd_lam1e-3,0.0,adam,0.0,True,small,0.007622166536748409,0.42424242424242425,0.1825298892179445,0.4444444444444444,0.742814667988107,True,,snapshots_probe/small/f1/wd_lam1e-3/epoch_0022.pt
23.0,f1,wd_lam1e-3,0.0,adam,0.0,True,small,0.008252894505858421,0.41333333333333333,0.1825298892179445,0.4523809523809524,0.7420713577799801,True,,snapshots_probe/small/f1/wd_lam1e-3/epoch_0023.pt
24.0,f1,wd_lam1e-3,0.0,adam,0.0,True,small,0.009354767389595509,0.42857142857142855,0.1825298892179445,0.4411764705882353,0.7430624380574826,True,,snapshots_probe/small/f1/wd_lam1e-3/epoch_0024.pt
25.0,f1,wd_lam1e-3,0.0,adam,0.0,True,small,0.006401596125215292,0.5595238095238095,0.3343205001645278,0.6979166666666666,0.8695490584737364,True,,snapshots_probe/small/f1/wd_lam1e-3/epoch_0025.pt
26.0,f1,wd_lam1e-3,0.0,adam,0.0,True,small,0.00943617895245552,0.5448994252873564,0.32598716683119444,0.6900000000000001,0.8691774033696729,True,,snapshots_probe/small/f1/wd_lam1e-3/epoch_0026.pt
27.0,f1,wd_lam1e-3,0.0,adam,0.0,True,small,0.020390072837471962,0.5604166666666667,0.32598716683119444,0.65625,0.8702923686818632,True,,snapshots_probe/small/f1/wd_lam1e-3/epoch_0027.pt
28.0,f1,wd_lam1e-3,0.0,adam,0.0,True,small,0.006690142210572958,0.5416666666666666,0.31916898501301266,0.6964285714285714,0.8684340931615461,True,,snapshots_probe/small/f1/wd_lam1e-3/epoch_0028.pt
29.0,f1,wd_lam1e-3,0.0,adam,0.0,True,small,0.005933849141001701,0.5474537037037037,0.32598716683119444,0.6847826086956522,0.8694251734390486,True,,snapshots_probe/small/f1/wd_lam1e-3/epoch_0029.pt
30.0,f1,wd_lam1e-3,0.0,adam,0.0,True,small,0.006063214037567377,0.5448994252873564,0.31916898501301266,0.6900000000000001,0.8688057482656094,True,,snapshots_probe/small/f1/wd_lam1e-3/epoch_0030.pt
31.0,f1,wd_lam1e-3,0.0,adam,0.0,True,small,0.00861880462616682,0.54375,0.31916898501301266,0.6923076923076924,0.8686818632309216,True,,snapshots_probe/small/f1/wd_lam1e-3/epoch_0031.pt
32.0,f1,wd_lam1e-3,0.0,adam,0.0,True,small,0.00567073468118906,0.5474537037037037,0.32598716683119444,0.6847826086956522,0.8694251734390486,True,,snapshots_probe/small/f1/wd_lam1e-3/epoch_0032.pt
33.0,f1,wd_lam1e-3,0.0,adam,0.0,True,small,0.005313193425536156,0.5488782051282051,0.31916898501301266,0.6818181818181819,0.8691774033696729,True,,snapshots_probe/small/f1/wd_lam1e-3/epoch_0033.pt
34.0,f1,wd_lam1e-3,0.0,adam,0.0,True,small,0.0061055016703903675,0.5448994252873564,0.31916898501301266,0.6900000000000001,0.8688057482656094,True,,snapshots_probe/small/f1/wd_lam1e-3/epoch_0034.pt
35.0,f1,wd_lam1e-3,0.0,adam,0.0,True,small,0.006853348575532436,0.5461309523809523,0.32598716683119444,0.6875,0.8693012884043608,True,,snapshots_probe/small/f1/wd_lam1e-3/epoch_0035.pt
36.0,f1,wd_lam1e-3,0.0,adam,0.0,True,small,0.012056301347911358,0.5558712121212122,0.31916898501301266,0.6666666666666666,0.8696729435084242,True,,snapshots_probe/small/f1/wd_lam1e-3/epoch_0036.pt
37.0,f1,wd_lam1e-3,0.0,adam,0.0,True,small,0.008600227534770966,0.5504166666666667,0.31916898501301266,0.6785714285714285,0.8693012884043606,True,,snapshots_probe/small/f1/wd_lam1e-3/epoch_0037.pt
38.0,f1,wd_lam1e-3,0.0,adam,0.0,True,small,0.007152569945901632,0.5474537037037037,0.32598716683119444,0.6847826086956522,0.8694251734390486,True,,snapshots_probe/small/f1/wd_lam1e-3/epoch_0038.pt
39.0,f1,wd_lam1e-3,0.0,adam,0.0,True,small,0.006223378237336874,0.5461309523809523,0.32598716683119444,0.6875,0.8693012884043608,True,,snapshots_probe/small/f1/wd_lam1e-3/epoch_0039.pt
40.0,f1,wd_lam1e-3,0.0,adam,0.0,True,small,0.007246087305247784,0.5488782051282051,0.31916898501301266,0.6818181818181819,0.8691774033696729,True,,snapshots_probe/small/f1/wd_lam1e-3/epoch_0040.pt
41.0,f1,wd_lam1e-3,0.0,adam,0.0,True,small,0.007427147589623928,0.5654761904761905,0.32598716683119444,0.6875000000000001,0.8696729435084242,True,,snapshots_probe/small/f1/wd_lam1e-3/epoch_0041.pt
42.0,f1,wd_lam1e-3,0.0,adam,0.0,True,small,0.01286446675658226,0.567287784679089,0.32598716683119444,0.6842105263157894,0.8697968285431119,True,,snapshots_probe/small/f1/wd_lam1e-3/epoch_0042.pt
43.0,f1,wd_lam1e-3,0.0,adam,0.0,True,small,0.005598818883299828,0.567287784679089,0.3343205001645278,0.6842105263157894,0.8701684836471755,True,,snapshots_probe/small/f1/wd_lam1e-3/epoch_0043.pt
44.0,f1,wd_lam1e-3,0.0,adam,0.0,True,small,0.006451992783695459,0.5204545454545455,0.25654272238675,0.6666666666666666,0.8685579781962338,True,,snapshots_probe/small/f1/wd_lam1e-3/epoch_0044.pt
45.0,f1,wd_lam1e-3,0.0,adam,0.0,True,small,0.007311115972697735,0.5134615384615384,0.27182050016452775,0.6818181818181818,0.8686818632309218,True,,snapshots_probe/small/f1/wd_lam1e-3/epoch_0045.pt
46.0,f1,wd_lam1e-3,0.0,adam,0.0,True,small,0.006105230189859867,0.4409090909090909,0.1825298892179445,0.45833333333333337,0.7425668979187313,True,,snapshots_probe/small/f1/wd_lam1e-3/epoch_0046.pt
47.0,f1,wd_lam1e-3,0.0,adam,0.0,True,small,0.007044531404972076,0.4552631578947368,0.18947433366238894,0.45,0.7438057482656095,True,,snapshots_probe/small/f1/wd_lam1e-3/epoch_0047.pt
48.0,f1,wd_lam1e-3,0.0,adam,0.0,True,small,0.005180025938898325,0.4409090909090909,0.18947433366238894,0.45833333333333337,0.7430624380574826,True,,snapshots_probe/small/f1/wd_lam1e-3/epoch_0048.pt
49.0,f1,wd_lam1e-3,0.0,adam,0.0,True,small,0.006578012369573116,0.42028985507246375,0.17697433366238896,0.4473684210526316,0.7420713577799802,True,,snapshots_probe/small/f1/wd_lam1e-3/epoch_0049.pt
50.0,f1,wd_lam1e-3,0.0,adam,0.0,True,small,0.006572473328560591,0.42692307692307696,0.18947433366238894,0.46590909090909094,0.7420713577799802,True,,snapshots_probe/small/f1/wd_lam1e-3/epoch_0050.pt
51.0,f1,wd_lam1e-3,0.0,adam,0.0,True,small,0.005280330311506987,0.41666666666666663,0.1825298892179445,0.45,0.7423191278493558,True,,snapshots_probe/small/f1/wd_lam1e-3/epoch_0051.pt
52.0,f1,wd_lam1e-3,0.0,adam,0.0,True,small,0.008075292222201824,0.41025641025641024,0.17697433366238896,0.45454545454545453,0.7413280475718533,True,,snapshots_probe/small/f1/wd_lam1e-3/epoch_0052.pt
53.0,f1,wd_lam1e-3,0.0,adam,0.0,True,small,0.006130393594503403,0.4583333333333333,0.17697433366238896,0.4166666666666667,0.7438057482656095,True,,snapshots_probe/small/f1/wd_lam1e-3/epoch_0053.pt
54.0,f1,wd_lam1e-3,0.0,adam,0.0,True,small,0.005790269933640957,0.4676470588235294,0.18947433366238894,0.4423076923076923,0.7443012884043607,True,,snapshots_probe/small/f1/wd_lam1e-3/epoch_0054.pt
55.0,f1,wd_lam1e-3,0.0,adam,0.0,True,small,0.005142644513398409,0.43859649122807015,0.17697433366238896,0.43333333333333335,0.7430624380574827,True,,snapshots_probe/small/f1/wd_lam1e-3/epoch_0055.pt
56.0,f1,wd_lam1e-3,0.0,adam,0.0,True,small,0.008012521080672741,0.42028985507246375,0.1825298892179445,0.4473684210526316,0.7425668979187313,True,,snapshots_probe/small/f1/wd_lam1e-3/epoch_0056.pt
57.0,f1,wd_lam1e-3,0.0,adam,0.0,True,small,0.009378569200634956,0.475,0.18947433366238894,0.4375,0.7445490584737364,True,,snapshots_probe/small/f1/wd_lam1e-3/epoch_0057.pt
58.0,f1,wd_lam1e-3,0.0,adam,0.0,True,small,0.006801983341574669,0.4583333333333333,0.17697433366238896,0.4166666666666667,0.7438057482656095,True,,snapshots_probe/small/f1/wd_lam1e-3/epoch_0058.pt
59.0,f1,wd_lam1e-3,0.0,adam,0.0,True,small,0.009163127280771732,0.4444444444444444,0.1825298892179445,0.4285714285714286,0.7438057482656094,True,,snapshots_probe/small/f1/wd_lam1e-3/epoch_0059.pt
60.0,f1,wd_lam1e-3,0.0,adam,0.0,True,small,0.006904196459800005,0.45098039215686275,0.1825298892179445,0.4230769230769231,0.7440535183349851,True,,snapshots_probe/small/f1/wd_lam1e-3/epoch_0060.pt
61.0,f1,wd_lam1e-3,0.0,adam,0.0,True,small,0.008071733638644218,0.4444444444444444,0.1825298892179445,0.4285714285714286,0.7438057482656094,True,,snapshots_probe/small/f1/wd_lam1e-3/epoch_0061.pt
62.0,f1,wd_lam1e-3,0.0,adam,0.0,True,small,0.005979621782898903,0.45098039215686275,0.1825298892179445,0.4230769230769231,0.7440535183349851,True,,snapshots_probe/small/f1/wd_lam1e-3/epoch_0062.pt
63.0,f1,wd_lam1e-3,0.0,adam,0.0,True,small,0.006542776711285114,0.4552631578947368,0.1825298892179445,0.45,0.7433102081268583,True,,snapshots_probe/small/f1/wd_lam1e-3/epoch_0063.pt
64.0,f1,wd_lam1e-3,0.0,adam,0.0,True,small,0.014216892421245575,0.5151515151515151,0.1825298892179445,0.35714285714285715,0.7455401387512388,True,,snapshots_probe/small/f1/wd_lam1e-3/epoch_0064.pt
65.0,f1,wd_lam1e-3,0.0,adam,0.0,True,small,0.00731168407946825,0.4444444444444444,0.1825298892179445,0.4285714285714286,0.7438057482656094,True,,snapshots_probe/small/f1/wd_lam1e-3/epoch_0065.pt
66.0,f1,wd_lam1e-3,0.0,adam,0.0,True,small,0.0053352429531514645,0.43333333333333335,0.17697433366238896,0.4375,0.742814667988107,True,,snapshots_probe/small/f1/wd_lam1e-3/epoch_0066.pt
67.0,f1,wd_lam1e-3,0.0,adam,0.0,True,small,0.0052462173625826836,0.47619047619047616,0.1825298892179445,0.4,0.744796828543112,True,,snapshots_probe/small/f1/wd_lam1e-3/epoch_0067.pt
68.0,f1,wd_lam1e-3,0.0,adam,0.0,True,small,0.00519665889441967,0.4444444444444444,0.17697433366238896,0.4285714285714286,0.7433102081268582,True,,snapshots_probe/small/f1/wd_lam1e-3/epoch_0068.pt
69.0,f1,wd_lam1e-3,0.0,adam,0.0,True,small,0.005059883464127779,0.4583333333333333,0.17697433366238896,0.4166666666666667,0.7438057482656095,True,,snapshots_probe/small/f1/wd_lam1e-3/epoch_0069.pt
70.0,f1,wd_lam1e-3,0.0,adam,0.0,True,small,0.017116717994213104,0.4444444444444444,0.1825298892179445,0.4285714285714286,0.7438057482656094,True,,snapshots_probe/small/f1/wd_lam1e-3/epoch_0070.pt
71.0,f1,wd_lam1e-3,0.0,adam,0.0,True,small,0.005802122876048088,0.4583333333333333,0.1825298892179445,0.4166666666666667,0.7443012884043607,True,,snapshots_probe/small/f1/wd_lam1e-3/epoch_0071.pt
72.0,f1,wd_lam1e-3,0.0,adam,0.0,True,small,0.00561016658321023,0.5333333333333333,0.1825298892179445,0.33333333333333337,0.7457879088206145,True,,snapshots_probe/small/f1/wd_lam1e-3/epoch_0072.pt
73.0,f1,wd_lam1e-3,0.0,adam,0.0,True,small,0.01544297207146883,0.45098039215686275,0.17697433366238896,0.4230769230769231,0.7435579781962338,True,,snapshots_probe/small/f1/wd_lam1e-3/epoch_0073.pt
74.0,f1,wd_lam1e-3,0.0,adam,0.0,True,small,0.007016775663942099,0.49047619047619045,0.24416898501301262,0.625,0.8683102081268583,True,,snapshots_probe/small/f1/wd_lam1e-3/epoch_0074.pt
75.0,f1,wd_lam1e-3,0.0,adam,0.0,True,small,0.00501767685636878,0.5029761904761905,0.25654272238675,0.5833333333333334,0.8694251734390486,True,,snapshots_probe/small/f1/wd_lam1e-3/epoch_0075.pt
76.0,f1,wd_lam1e-3,0.0,adam,0.0,True,small,0.005405017640441656,0.4931077694235589,0.24416898501301265,0.6166666666666667,0.8684340931615461,True,,snapshots_probe/small/f1/wd_lam1e-3/epoch_0076.pt
77.0,f1,wd_lam1e-3,0.0,adam,0.0,True,small,0.0170720424503088,0.49047619047619045,0.25654272238675,0.625,0.8689296333002974,True,,snapshots_probe/small/f1/wd_lam1e-3/epoch_0077.pt
78.0,f1,wd_lam1e-3,0.0,adam,0.0,True,small,0.0065504941157996655,0.5071428571428571,0.25654272238675,0.5681818181818182,0.8695490584737363,True,,snapshots_probe/small/f1/wd_lam1e-3/epoch_0078.pt
79.0,f1,wd_lam1e-3,0.0,adam,0.0,True,small,0.00594243872910738,0.496031746031746,0.25654272238675,0.6071428571428571,0.8691774033696729,True,,snapshots_probe/small/f1/wd_lam1e-3/epoch_0079.pt
80.0,f1,wd_lam1e-3,0.0,adam,0.0,True,small,0.006408395245671272,0.5338235294117647,0.2718205001645278,0.6346153846153846,0.869796828543112,True,,snapshots_probe/small/f1/wd_lam1e-3/epoch_0080.pt
81.0,f1,wd_lam1e-3,0.0,adam,0.0,True,small,0.005594555288553238,0.45098039215686275,0.17697433366238896,0.4230769230769231,0.7435579781962338,True,,snapshots_probe/small/f1/wd_lam1e-3/epoch_0081.pt
82.0,f1,wd_lam1e-3,0.0,adam,0.0,True,small,0.0062972488813102245,0.496031746031746,0.24416898501301265,0.6071428571428571,0.8685579781962339,True,,snapshots_probe/small/f1/wd_lam1e-3/epoch_0082.pt
83.0,f1,wd_lam1e-3,0.0,adam,0.0,True,small,0.007034942042082548,0.5238095238095238,0.26348716683119444,0.5909090909090909,0.8697968285431119,True,,snapshots_probe/small/f1/wd_lam1e-3/epoch_0083.pt
84.0,f1,wd_lam1e-3,0.0,adam,0.0,True,small,0.005930204875767231,0.4444444444444444,0.1825298892179445,0.4285714285714286,0.7438057482656094,True,,snapshots_probe/small/f1/wd_lam1e-3/epoch_0084.pt
85.0,f1,wd_lam1e-3,0.0,adam,0.0,True,small,0.007489694748073816,0.4444444444444444,0.17697433366238896,0.4285714285714286,0.7433102081268582,True,,snapshots_probe/small/f1/wd_lam1e-3/epoch_0085.pt
86.0,f1,wd_lam1e-3,0.0,adam,0.0,True,small,0.005823158659040928,0.45098039215686275,0.17697433366238896,0.4230769230769231,0.7435579781962338,True,,snapshots_probe/small/f1/wd_lam1e-3/epoch_0086.pt
87.0,f1,wd_lam1e-3,0.0,adam,0.0,True,small,0.008626135997474194,0.4583333333333333,0.1825298892179445,0.4166666666666667,0.7443012884043607,True,,snapshots_probe/small/f1/wd_lam1e-3/epoch_0087.pt
88.0,f1,wd_lam1e-3,0.0,adam,0.0,True,small,0.015068852342665195,0.475,0.1825298892179445,0.4375,0.7440535183349851,True,,snapshots_probe/small/f1/wd_lam1e-3/epoch_0088.pt
89.0,f1,wd_lam1e-3,0.0,adam,0.0,True,small,0.006548585835844278,0.4583333333333333,0.1825298892179445,0.4166666666666667,0.7443012884043607,True,,snapshots_probe/small/f1/wd_lam1e-3/epoch_0089.pt
90.0,f1,wd_lam1e-3,0.0,adam,0.0,True,small,0.0068311975337564945,0.4464285714285714,0.17697433366238896,0.3958333333333333,0.7440535183349851,True,,snapshots_probe/small/f1/wd_lam1e-3/epoch_0090.pt
91.0,f1,wd_lam1e-3,0.0,adam,0.0,True,small,0.007745695766061544,0.4444444444444444,0.1825298892179445,0.4285714285714286,0.7438057482656094,True,,snapshots_probe/small/f1/wd_lam1e-3/epoch_0091.pt
92.0,f1,wd_lam1e-3,0.0,adam,0.0,True,small,0.00818795245140791,0.43253968253968256,0.17697433366238896,0.4107142857142857,0.7435579781962338,True,,snapshots_probe/small/f1/wd_lam1e-3/epoch_0092.pt
93.0,f1,wd_lam1e-3,0.0,adam,0.0,True,small,0.0053292918018996716,0.45098039215686275,0.1825298892179445,0.4230769230769231,0.7440535183349851,True,,snapshots_probe/small/f1/wd_lam1e-3/epoch_0093.pt
94.0,f1,wd_lam1e-3,0.0,adam,0.0,True,small,0.006408308632671833,0.45098039215686275,0.17697433366238896,0.4230769230769231,0.7435579781962338,True,,snapshots_probe/small/f1/wd_lam1e-3/epoch_0094.pt
95.0,f1,wd_lam1e-3,0.0,adam,0.0,True,small,0.007967489771544933,0.43253968253968256,0.17697433366238896,0.4107142857142857,0.7435579781962338,True,,snapshots_probe/small/f1/wd_lam1e-3/epoch_0095.pt
96.0,f1,wd_lam1e-3,0.0,adam,0.0,True,small,0.005439002998173237,0.45098039215686275,0.1825298892179445,0.4230769230769231,0.7440535183349851,True,,snapshots_probe/small/f1/wd_lam1e-3/epoch_0096.pt
97.0,f1,wd_lam1e-3,0.0,adam,0.0,True,small,0.0052191405557096004,0.43253968253968256,0.17697433366238896,0.4107142857142857,0.7435579781962338,True,,snapshots_probe/small/f1/wd_lam1e-3/epoch_0097.pt
98.0,f1,wd_lam1e-3,0.0,adam,0.0,True,small,0.015594965778291225,0.45476190476190476,0.17242887911693439,0.38636363636363635,0.7438057482656095,True,,snapshots_probe/small/f1/wd_lam1e-3/epoch_0098.pt
99.0,f1,wd_lam1e-3,0.0,adam,0.0,True,small,0.0055340989492833614,0.4464285714285714,0.17242887911693439,0.3958333333333333,0.7435579781962338,True,,snapshots_probe/small/f1/wd_lam1e-3/epoch_0099.pt
100.0,f1,wd_lam1e-3,0.0,adam,0.0,True,small,0.005455085542052984,0.4464285714285714,0.17697433366238896,0.3958333333333333,0.7440535183349851,True,,snapshots_probe/small/f1/wd_lam1e-3/epoch_0100.pt
1.0,f1,wd_lam1e-2,0.0,adam,0.0,True,small,0.0251451525837183,0.4,0.003948667324777887,0.0,0.49554013875123887,True,,snapshots_probe/small/f1/wd_lam1e-2/epoch_0001.pt
2.0,f1,wd_lam1e-2,0.0,adam,0.0,True,small,0.03682605177164078,0.2375,0.034211500493583416,0.16666666666666669,0.6176907829534193,True,,snapshots_probe/small/f1/wd_lam1e-2/epoch_0002.pt
3.0,f1,wd_lam1e-2,0.0,adam,0.0,True,small,0.0203517097979784,0.4583333333333333,0.08629483382691674,0.2,0.6219028741328048,True,,snapshots_probe/small/f1/wd_lam1e-2/epoch_0003.pt
4.0,f1,wd_lam1e-2,0.0,adam,0.0,True,small,0.022467054426670074,0.4583333333333333,0.08629483382691674,0.2,0.6219028741328048,True,,snapshots_probe/small/f1/wd_lam1e-2/epoch_0004.pt
5.0,f1,wd_lam1e-2,0.0,adam,0.0,True,small,0.017929932102560997,0.42500000000000004,0.08629483382691674,0.20833333333333334,0.6215312190287413,True,,snapshots_probe/small/f1/wd_lam1e-2/epoch_0005.pt
6.0,f1,wd_lam1e-2,0.0,adam,0.0,True,small,0.01863158494234085,0.4583333333333333,0.08629483382691674,0.2,0.6219028741328048,True,,snapshots_probe/small/f1/wd_lam1e-2/epoch_0006.pt
7.0,f1,wd_lam1e-2,0.0,adam,0.0,True,small,0.01816626265645027,0.4583333333333333,0.08629483382691674,0.2,0.6219028741328048,True,,snapshots_probe/small/f1/wd_lam1e-2/epoch_0007.pt
8.0,f1,wd_lam1e-2,0.0,adam,0.0,True,small,0.02238650433719158,0.42500000000000004,0.08629483382691674,0.20833333333333334,0.6215312190287413,True,,snapshots_probe/small/f1/wd_lam1e-2/epoch_0008.pt
9.0,f1,wd_lam1e-2,0.0,adam,0.0,True,small,0.03274206817150116,0.42500000000000004,0.08629483382691674,0.20833333333333334,0.6215312190287413,True,,snapshots_probe/small/f1/wd_lam1e-2/epoch_0009.pt
10.0,f1,wd_lam1e-2,0.0,adam,0.0,True,small,0.01883394829928875,0.4583333333333333,0.08629483382691674,0.2,0.6219028741328048,True,,snapshots_probe/small/f1/wd_lam1e-2/epoch_0010.pt
11.0,f1,wd_lam1e-2,0.0,adam,0.0,True,small,0.030183734372258186,0.4583333333333333,0.08629483382691674,0.2,0.6219028741328048,True,,snapshots_probe/small/f1/wd_lam1e-2/epoch_0011.pt
12.0,f1,wd_lam1e-2,0.0,adam,0.0,True,small,0.02330649644136429,0.4807692307692308,0.1279615004935834,0.25,0.6206640237859267,True,,snapshots_probe/small/f1/wd_lam1e-2/epoch_0012.pt
13.0,f1,wd_lam1e-2,0.0,adam,0.0,True,small,0.017578141763806343,0.3557692307692308,0.08629483382691674,0.2222222222222222,0.6204162537165511,True,,snapshots_probe/small/f1/wd_lam1e-2/epoch_0013.pt
14.0,f1,wd_lam1e-2,0.0,adam,0.0,True,small,0.01720343716442585,0.375,0.08629483382691674,0.21875,0.6207879088206145,True,,snapshots_probe/small/f1/wd_lam1e-2/epoch_0014.pt
15.0,f1,wd_lam1e-2,0.0,adam,0.0,True,small,0.018931381404399872,0.375,0.08629483382691674,0.21875,0.6207879088206145,True,,snapshots_probe/small/f1/wd_lam1e-2/epoch_0015.pt
16.0,f1,wd_lam1e-2,0.0,adam,0.0,True,small,0.018407922238111496,0.42500000000000004,0.1279615004935834,0.20833333333333334,0.6221506442021804,True,,snapshots_probe/small/f1/wd_lam1e-2/epoch_0016.pt
17.0,f1,wd_lam1e-2,0.0,adam,0.0,True,small,0.04912605509161949,0.42500000000000004,0.08629483382691674,0.20833333333333334,0.6215312190287413,True,,snapshots_probe/small/f1/wd_lam1e-2/epoch_0017.pt
18.0,f1,wd_lam1e-2,0.0,adam,0.0,True,small,0.01841903291642666,0.3416666666666667,0.19840290509096037,0.38636363636363635,0.7455401387512388,True,,snapshots_probe/small/f1/wd_lam1e-2/epoch_0018.pt
19.0,f1,wd_lam1e-2,0.0,adam,0.0,True,small,0.02181660570204258,0.34134615384615385,0.1825298892179445,0.3055555555555556,0.7455401387512388,True,,snapshots_probe/small/f1/wd_lam1e-2/epoch_0019.pt
20.0,f1,wd_lam1e-2,0.0,adam,0.0,True,small,0.02181118167936802,0.42500000000000004,0.08629483382691674,0.20833333333333334,0.6215312190287413,True,,snapshots_probe/small/f1/wd_lam1e-2/epoch_0020.pt
21.0,f1,wd_lam1e-2,0.0,adam,0.0,True,small,0.032218314707279205,0.42500000000000004,0.08629483382691674,0.20833333333333334,0.6215312190287413,True,,snapshots_probe/small/f1/wd_lam1e-2/epoch_0021.pt
22.0,f1,wd_lam1e-2,0.0,adam,0.0,True,small,0.019265659153461456,0.4083333333333333,0.19840290509096037,0.2916666666666667,0.7467789890981169,True,,snapshots_probe/small/f1/wd_lam1e-2/epoch_0022.pt
23.0,f1,wd_lam1e-2,0.0,adam,0.0,True,small,0.01775972731411457,0.5151515151515151,0.32340290509096037,0.35714285714285715,0.746778989098117,True,,snapshots_probe/small/f1/wd_lam1e-2/epoch_0023.pt
24.0,f1,wd_lam1e-2,0.0,adam,0.0,True,small,0.019307024776935577,0.5151515151515151,0.32340290509096037,0.35714285714285715,0.746778989098117,True,,snapshots_probe/small/f1/wd_lam1e-2/epoch_0024.pt
25.0,f1,wd_lam1e-2,0.0,adam,0.0,True,small,0.018451206386089325,0.4880952380952381,0.31447433366238897,0.34375,0.7462834489593657,True,,snapshots_probe/small/f1/wd_lam1e-2/epoch_0025.pt
26.0,f1,wd_lam1e-2,0.0,adam,0.0,True,small,0.019298173487186432,0.3630952380952381,0.18947433366238894,0.3125,0.7460356788899901,True,,snapshots_probe/small/f1/wd_lam1e-2/epoch_0026.pt
27.0,f1,wd_lam1e-2,0.0,adam,0.0,True,small,0.02244800142943859,0.35119047619047616,0.1478076669957223,0.375,0.744796828543112,True,,snapshots_probe/small/f1/wd_lam1e-2/epoch_0027.pt
28.0,f1,wd_lam1e-2,0.0,adam,0.0,True,small,0.017427248880267143,0.35416666666666663,0.13530766699572228,0.28125,0.7450445986124876,True,,snapshots_probe/small/f1/wd_lam1e-2/epoch_0028.pt
29.0,f1,wd_lam1e-2,0.0,adam,0.0,True,small,0.02323843538761139,0.5032467532467533,0.31447433366238897,0.3214285714285714,0.7465312190287414,True,,snapshots_probe/small/f1/wd_lam1e-2/epoch_0029.pt
30.0,f1,wd_lam1e-2,0.0,adam,0.0,True,small,0.027522169053554535,0.35416666666666663,0.1825298892179445,0.28125,0.7457879088206145,True,,snapshots_probe/small/f1/wd_lam1e-2/epoch_0030.pt
31.0,f1,wd_lam1e-2,0.0,adam,0.0,True,small,0.02189547009766102,0.3977272727272727,0.08629483382691674,0.2142857142857143,0.6211595639246779,True,,snapshots_probe/small/f1/wd_lam1e-2/epoch_0031.pt
32.0,f1,wd_lam1e-2,0.0,adam,0.0,True,small,0.016531024128198624,0.3977272727272727,0.08629483382691674,0.2142857142857143,0.6211595639246779,True,,snapshots_probe/small/f1/wd_lam1e-2/epoch_0032.pt
33.0,f1,wd_lam1e-2,0.0,adam,0.0,True,small,0.018740233033895493,0.3977272727272727,0.08629483382691674,0.2142857142857143,0.6211595639246779,True,,snapshots_probe/small/f1/wd_lam1e-2/epoch_0033.pt
34.0,f1,wd_lam1e-2,0.0,adam,0.0,True,small,0.020655639469623566,0.3977272727272727,0.1279615004935834,0.2142857142857143,0.6217789890981169,True,,snapshots_probe/small/f1/wd_lam1e-2/epoch_0034.pt
35.0,f1,wd_lam1e-2,0.0,adam,0.0,True,small,0.018413014709949493,0.3977272727272727,0.1279615004935834,0.2142857142857143,0.6217789890981169,True,,snapshots_probe/small/f1/wd_lam1e-2/epoch_0035.pt
36.0,f1,wd_lam1e-2,0.0,adam,0.0,True,small,0.022786729037761688,0.3977272727272727,0.1279615004935834,0.2142857142857143,0.6217789890981169,True,,snapshots_probe/small/f1/wd_lam1e-2/epoch_0036.pt
37.0,f1,wd_lam1e-2,0.0,adam,0.0,True,small,0.024515392258763313,0.3977272727272727,0.1279615004935834,0.2142857142857143,0.6217789890981169,True,,snapshots_probe/small/f1/wd_lam1e-2/epoch_0037.pt
38.0,f1,wd_lam1e-2,0.0,adam,0.0,True,small,0.02009742520749569,0.375,0.1279615004935834,0.21875,0.6210356788899901,True,,snapshots_probe/small/f1/wd_lam1e-2/epoch_0038.pt
39.0,f1,wd_lam1e-2,0.0,adam,0.0,True,small,0.01747814007103443,0.35416666666666663,0.13530766699572228,0.28125,0.7447968285431119,True,,snapshots_probe/small/f1/wd_lam1e-2/epoch_0039.pt
40.0,f1,wd_lam1e-2,0.0,adam,0.0,True,small,0.018474528566002846,0.35416666666666663,0.13530766699572228,0.28125,0.7447968285431119,True,,snapshots_probe/small/f1/wd_lam1e-2/epoch_0040.pt
41.0,f1,wd_lam1e-2,0.0,adam,0.0,True,small,0.018560318276286125,0.35416666666666663,0.13530766699572228,0.28125,0.7447968285431119,True,,snapshots_probe/small/f1/wd_lam1e-2/epoch_0041.pt
42.0,f1,wd_lam1e-2,0.0,adam,0.0,True,small,0.01965639740228653,0.35416666666666663,0.1825298892179445,0.28125,0.7455401387512388,True,,snapshots_probe/small/f1/wd_lam1e-2/epoch_0042.pt
43.0,f1,wd_lam1e-2,0.0,adam,0.0,True,small,0.02551095560193062,0.3782467532467533,0.1408632225512778,0.2857142857142857,0.7455401387512389,True,,snapshots_probe/small/f1/wd_lam1e-2/epoch_0043.pt
44.0,f1,wd_lam1e-2,0.0,adam,0.0,True,small,0.01681920327246189,0.3977272727272727,0.08629483382691674,0.2142857142857143,0.6211595639246779,True,,snapshots_probe/small/f1/wd_lam1e-2/epoch_0044.pt
45.0,f1,wd_lam1e-2,0.0,adam,0.0,True,small,0.019192833453416824,0.35416666666666663,0.13530766699572228,0.28125,0.7450445986124876,True,,snapshots_probe/small/f1/wd_lam1e-2/epoch_0045.pt
46.0,f1,wd_lam1e-2,0.0,adam,0.0,True,small,0.021839050576090813,0.33440170940170943,0.12697433366238894,0.2777777777777778,0.744053518334985,True,,snapshots_probe/small/f1/wd_lam1e-2/epoch_0046.pt
47.0,f1,wd_lam1e-2,0.0,adam,0.0,True,small,0.018476564437150955,0.35416666666666663,0.1825298892179445,0.28125,0.7455401387512388,True,,snapshots_probe/small/f1/wd_lam1e-2/epoch_0047.pt
48.0,f1,wd_lam1e-2,0.0,adam,0.0,True,small,0.01712591014802456,0.34134615384615385,0.13076221245026773,0.3055555555555556,0.7443012884043607,True,,snapshots_probe/small/f1/wd_lam1e-2/epoch_0048.pt
49.0,f1,wd_lam1e-2,0.0,adam,0.0,True,small,0.018438661471009254,0.35416666666666663,0.13530766699572228,0.28125,0.7450445986124876,True,,snapshots_probe/small/f1/wd_lam1e-2/epoch_0049.pt
50.0,f1,wd_lam1e-2,0.0,adam,0.0,True,small,0.01668722927570343,0.3977272727272727,0.08629483382691674,0.2142857142857143,0.6211595639246779,True,,snapshots_probe/small/f1/wd_lam1e-2/epoch_0050.pt
51.0,f1,wd_lam1e-2,0.0,adam,0.0,True,small,0.018319010734558105,0.375,0.08629483382691674,0.21875,0.6204162537165511,True,,snapshots_probe/small/f1/wd_lam1e-2/epoch_0051.pt
52.0,f1,wd_lam1e-2,0.0,adam,0.0,True,small,0.01859947293996811,0.375,0.1279615004935834,0.21875,0.6210356788899901,True,,snapshots_probe/small/f1/wd_lam1e-2/epoch_0052.pt
53.0,f1,wd_lam1e-2,0.0,adam,0.0,True,small,0.017722131684422493,0.42500000000000004,0.08629483382691674,0.20833333333333334,0.6215312190287413,True,,snapshots_probe/small/f1/wd_lam1e-2/epoch_0053.pt
54.0,f1,wd_lam1e-2,0.0,adam,0.0,True,small,0.017543544992804527,0.42500000000000004,0.1279615004935834,0.20833333333333334,0.6221506442021804,True,,snapshots_probe/small/f1/wd_lam1e-2/epoch_0054.pt
55.0,f1,wd_lam1e-2,0.0,adam,0.0,True,small,0.01959097944200039,0.3977272727272727,0.1279615004935834,0.2142857142857143,0.6217789890981169,True,,snapshots_probe/small/f1/wd_lam1e-2/epoch_0055.pt
56.0,f1,wd_lam1e-2,0.0,adam,0.0,True,small,0.019887739792466164,0.3977272727272727,0.08629483382691674,0.2142857142857143,0.6211595639246779,True,,snapshots_probe/small/f1/wd_lam1e-2/epoch_0056.pt
57.0,f1,wd_lam1e-2,0.0,adam,0.0,True,small,0.018840938806533813,0.3977272727272727,0.08629483382691674,0.2142857142857143,0.6211595639246779,True,,snapshots_probe/small/f1/wd_lam1e-2/epoch_0057.pt
58.0,f1,wd_lam1e-2,0.0,adam,0.0,True,small,0.02050548419356346,0.4583333333333333,0.08629483382691674,0.2,0.6219028741328048,True,,snapshots_probe/small/f1/wd_lam1e-2/epoch_0058.pt
59.0,f1,wd_lam1e-2,0.0,adam,0.0,True,small,0.017567062750458717,0.42500000000000004,0.08629483382691674,0.20833333333333334,0.6215312190287413,True,,snapshots_probe/small/f1/wd_lam1e-2/epoch_0059.pt
60.0,f1,wd_lam1e-2,0.0,adam,0.0,True,small,0.022388814017176628,0.42500000000000004,0.08629483382691674,0.20833333333333334,0.6215312190287413,True,,snapshots_probe/small/f1/wd_lam1e-2/epoch_0060.pt
61.0,f1,wd_lam1e-2,0.0,adam,0.0,True,small,0.0172908753156662,0.3782467532467533,0.1408632225512778,0.2857142857142857,0.7452923686818632,True,,snapshots_probe/small/f1/wd_lam1e-2/epoch_0061.pt
62.0,f1,wd_lam1e-2,0.0,adam,0.0,True,small,0.02115771174430847,0.3977272727272727,0.08629483382691674,0.2142857142857143,0.6207879088206145,True,,snapshots_probe/small/f1/wd_lam1e-2/epoch_0062.pt
63.0,f1,wd_lam1e-2,0.0,adam,0.0,True,small,0.016694001853466034,0.35027472527472525,0.1408632225512778,0.3333333333333333,0.7447968285431119,True,,snapshots_probe/small/f1/wd_lam1e-2/epoch_0063.pt
64.0,f1,wd_lam1e-2,0.0,adam,0.0,True,small,0.021622691303491592,0.42500000000000004,0.08629483382691674,0.20833333333333334,0.6215312190287413,True,,snapshots_probe/small/f1/wd_lam1e-2/epoch_0064.pt
65.0,f1,wd_lam1e-2,0.0,adam,0.0,True,small,0.01689486764371395,0.375,0.08629483382691674,0.21875,0.6204162537165511,True,,snapshots_probe/small/f1/wd_lam1e-2/epoch_0065.pt
66.0,f1,wd_lam1e-2,0.0,adam,0.0,True,small,0.02539062686264515,0.33035714285714285,0.13076221245026773,0.325,0.7440535183349851,True,,snapshots_probe/small/f1/wd_lam1e-2/epoch_0066.pt
67.0,f1,wd_lam1e-2,0.0,adam,0.0,True,small,0.018449220806360245,0.3557692307692308,0.08629483382691674,0.2222222222222222,0.6200445986124876,True,,snapshots_probe/small/f1/wd_lam1e-2/epoch_0067.pt
68.0,f1,wd_lam1e-2,0.0,adam,0.0,True,small,0.02004849724471569,0.3630952380952381,0.13530766699572228,0.3125,0.7447968285431119,True,,snapshots_probe/small/f1/wd_lam1e-2/epoch_0068.pt
69.0,f1,wd_lam1e-2,0.0,adam,0.0,True,small,0.022575579583644867,0.42500000000000004,0.08629483382691674,0.20833333333333334,0.6211595639246779,True,,snapshots_probe/small/f1/wd_lam1e-2/epoch_0069.pt
70.0,f1,wd_lam1e-2,0.0,adam,0.0,True,small,0.017671650275588036,0.42500000000000004,0.08629483382691674,0.20833333333333334,0.6215312190287413,True,,snapshots_probe/small/f1/wd_lam1e-2/epoch_0070.pt
71.0,f1,wd_lam1e-2,0.0,adam,0.0,True,small,0.01716335490345955,0.42500000000000004,0.08629483382691674,0.20833333333333334,0.6215312190287413,True,,snapshots_probe/small/f1/wd_lam1e-2/epoch_0071.pt
72.0,f1,wd_lam1e-2,0.0,adam,0.0,True,small,0.016733316704630852,0.42500000000000004,0.08629483382691674,0.20833333333333334,0.6215312190287413,True,,snapshots_probe/small/f1/wd_lam1e-2/epoch_0072.pt
73.0,f1,wd_lam1e-2,0.0,adam,0.0,True,small,0.01747066341340542,0.42500000000000004,0.08629483382691674,0.20833333333333334,0.6215312190287413,True,,snapshots_probe/small/f1/wd_lam1e-2/epoch_0073.pt
74.0,f1,wd_lam1e-2,0.0,adam,0.0,True,small,0.01888701505959034,0.3630952380952381,0.1408632225512778,0.3125,0.7450445986124876,True,,snapshots_probe/small/f1/wd_lam1e-2/epoch_0074.pt
75.0,f1,wd_lam1e-2,0.0,adam,0.0,True,small,0.018415335565805435,0.3977272727272727,0.08629483382691674,0.2142857142857143,0.6207879088206145,True,,snapshots_probe/small/f1/wd_lam1e-2/epoch_0075.pt
76.0,f1,wd_lam1e-2,0.0,adam,0.0,True,small,0.02002829872071743,0.3977272727272727,0.08629483382691674,0.2142857142857143,0.6211595639246779,True,,snapshots_probe/small/f1/wd_lam1e-2/epoch_0076.pt
77.0,f1,wd_lam1e-2,0.0,adam,0.0,True,small,0.01938440091907978,0.35416666666666663,0.13076221245026773,0.28125,0.7445490584737363,True,,snapshots_probe/small/f1/wd_lam1e-2/epoch_0077.pt
78.0,f1,wd_lam1e-2,0.0,adam,0.0,True,small,0.01906699873507023,0.35027472527472525,0.13530766699572228,0.3333333333333333,0.7445490584737363,True,,snapshots_probe/small/f1/wd_lam1e-2/epoch_0078.pt
79.0,f1,wd_lam1e-2,0.0,adam,0.0,True,small,0.028887763619422913,0.3977272727272727,0.08629483382691674,0.2142857142857143,0.6207879088206145,True,,snapshots_probe/small/f1/wd_lam1e-2/epoch_0079.pt
80.0,f1,wd_lam1e-2,0.0,adam,0.0,True,small,0.020658908411860466,0.3977272727272727,0.08629483382691674,0.2142857142857143,0.6211595639246779,True,,snapshots_probe/small/f1/wd_lam1e-2/epoch_0080.pt
81.0,f1,wd_lam1e-2,0.0,adam,0.0,True,small,0.018262069672346115,0.3782467532467533,0.1825298892179445,0.2857142857142857,0.7457879088206145,True,,snapshots_probe/small/f1/wd_lam1e-2/epoch_0081.pt
82.0,f1,wd_lam1e-2,0.0,adam,0.0,True,small,0.018020667135715485,0.3977272727272727,0.08629483382691674,0.2142857142857143,0.6207879088206145,True,,snapshots_probe/small/f1/wd_lam1e-2/epoch_0082.pt
83.0,f1,wd_lam1e-2,0.0,adam,0.0,True,small,0.01744353584945202,0.35027472527472525,0.1408632225512778,0.3333333333333333,0.7447968285431119,True,,snapshots_probe/small/f1/wd_lam1e-2/epoch_0083.pt
84.0,f1,wd_lam1e-2,0.0,adam,0.0,True,small,0.02989773638546467,0.35027472527472525,0.1408632225512778,0.3333333333333333,0.7447968285431119,True,,snapshots_probe/small/f1/wd_lam1e-2/epoch_0084.pt
85.0,f1,wd_lam1e-2,0.0,adam,0.0,True,small,0.021107058972120285,0.35027472527472525,0.13530766699572228,0.3333333333333333,0.7445490584737363,True,,snapshots_probe/small/f1/wd_lam1e-2/epoch_0085.pt
86.0,f1,wd_lam1e-2,0.0,adam,0.0,True,small,0.024725401774048805,0.3782467532467533,0.13530766699572228,0.2857142857142857,0.7450445986124876,True,,snapshots_probe/small/f1/wd_lam1e-2/epoch_0086.pt
87.0,f1,wd_lam1e-2,0.0,adam,0.0,True,small,0.0180455781519413,0.3630952380952381,0.1408632225512778,0.3125,0.7450445986124876,True,,snapshots_probe/small/f1/wd_lam1e-2/epoch_0087.pt
88.0,f1,wd_lam1e-2,0.0,adam,0.0,True,small,0.020246829837560654,0.3782467532467533,0.1408632225512778,0.2857142857142857,0.7452923686818632,True,,snapshots_probe/small/f1/wd_lam1e-2/epoch_0088.pt
89.0,f1,wd_lam1e-2,0.0,adam,0.0,True,small,0.02193894237279892,0.5270833333333333,0.26559755644158406,0.5,0.8701684836471755,True,,snapshots_probe/small/f1/wd_lam1e-2/epoch_0089.pt
90.0,f1,wd_lam1e-2,0.0,adam,0.0,True,small,0.018159184604883194,0.49851190476190477,0.2634871668311945,0.525,0.8699207135777998,True,,snapshots_probe/small/f1/wd_lam1e-2/epoch_0090.pt
91.0,f1,wd_lam1e-2,0.0,adam,0.0,True,small,0.01628216728568077,0.4770833333333333,0.26348716683119444,0.609375,0.8691774033696729,True,,snapshots_probe/small/f1/wd_lam1e-2/epoch_0091.pt
92.0,f1,wd_lam1e-2,0.0,adam,0.0,True,small,0.018161626532673836,0.4992997198879552,0.2718205001645278,0.596153846153846,0.869796828543112,True,,snapshots_probe/small/f1/wd_lam1e-2/epoch_0092.pt
93.0,f1,wd_lam1e-2,0.0,adam,0.0,True,small,0.017499476671218872,0.5173992673992673,0.2718205001645278,0.5277777777777778,0.8702923686818632,True,,snapshots_probe/small/f1/wd_lam1e-2/epoch_0093.pt
94.0,f1,wd_lam1e-2,0.0,adam,0.0,True,small,0.016691075637936592,0.5029761904761905,0.27182050016452775,0.5833333333333334,0.8699207135777998,True,,snapshots_probe/small/f1/wd_lam1e-2/epoch_0094.pt
95.0,f1,wd_lam1e-2,0.0,adam,0.0,True,small,0.024690592661499977,0.5119047619047619,0.2718205001645278,0.5499999999999999,0.8701684836471754,True,,snapshots_probe/small/f1/wd_lam1e-2/epoch_0095.pt
96.0,f1,wd_lam1e-2,0.0,adam,0.0,True,small,0.017806410789489746,0.49851190476190477,0.25666898501301266,0.525,0.8696729435084242,True,,snapshots_probe/small/f1/wd_lam1e-2/epoch_0096.pt
97.0,f1,wd_lam1e-2,0.0,adam,0.0,True,small,0.03077838197350502,0.5119047619047619,0.2718205001645278,0.5499999999999999,0.8701684836471754,True,,snapshots_probe/small/f1/wd_lam1e-2/epoch_0097.pt
98.0,f1,wd_lam1e-2,0.0,adam,0.0,True,small,0.01843853108584881,0.48333333333333334,0.3055555555555556,0.625,0.9925668979187314,True,,snapshots_probe/small/f1/wd_lam1e-2/epoch_0098.pt
99.0,f1,wd_lam1e-2,0.0,adam,0.0,True,small,0.021025221794843674,0.496031746031746,0.26348716683119444,0.6071428571428571,0.8694251734390485,True,,snapshots_probe/small/f1/wd_lam1e-2/epoch_0099.pt
100.0,f1,wd_lam1e-2,0.0,adam,0.0,True,small,0.01715228706598282,0.4931077694235589,0.26348716683119444,0.6166666666666667,0.8693012884043607,True,,snapshots_probe/small/f1/wd_lam1e-2/epoch_0100.pt
,f2,base_adam,0.0,adam,0.0,False,small,,,,,,False,Missing experiment directory: snapshots_probe/small/f2/base_adam,
,f2,base_sgd,0.0,sgd,0.0,False,small,,,,,,False,Missing experiment directory: snapshots_probe/small/f2/base_sgd,
,f2,0.1_adam,0.1,adam,0.0,False,small,,,,,,False,Missing experiment directory: snapshots_probe/small/f2/0.1_adam,
,f2,0.1_sgd,0.1,sgd,0.0,False,small,,,,,,False,Missing experiment directory: snapshots_probe/small/f2/0.1_sgd,
,f2,0.1_adam_dp,0.1,adam,0.2,False,small,,,,,,False,Missing experiment directory: snapshots_probe/small/f2/0.1_adam_dp,
,f2,0.1_adam_wd,0.1,adam,0.0,True,small,,,,,,False,Missing experiment directory: snapshots_probe/small/f2/0.1_adam_wd,
,f2,0.1_adam_dp_wd,0.1,adam,0.2,True,small,,,,,,False,Missing experiment directory: snapshots_probe/small/f2/0.1_adam_dp_wd,
,f2,0.1_sgd_dp,0.1,sgd,0.2,False,small,,,,,,False,Missing experiment directory: snapshots_probe/small/f2/0.1_sgd_dp,
,f2,0.1_sgd_dp_wd,0.1,sgd,0.2,True,small,,,,,,False,Missing experiment directory: snapshots_probe/small/f2/0.1_sgd_dp_wd,
,f2,0.2_adam,0.2,adam,0.0,False,small,,,,,,False,Missing experiment directory: snapshots_probe/small/f2/0.2_adam,
,f2,0.2_sgd,0.2,sgd,0.0,False,small,,,,,,False,Missing experiment directory: snapshots_probe/small/f2/0.2_sgd,
,f2,0.2_adam_dp,0.2,adam,0.2,False,small,,,,,,False,Missing experiment directory: snapshots_probe/small/f2/0.2_adam_dp,
,f2,0.2_adam_wd,0.2,adam,0.0,True,small,,,,,,False,Missing experiment directory: snapshots_probe/small/f2/0.2_adam_wd,
,f2,0.2_adam_dp_wd,0.2,adam,0.2,True,small,,,,,,False,Missing experiment directory: snapshots_probe/small/f2/0.2_adam_dp_wd,
,f2,0.2_sgd_dp,0.2,sgd,0.2,False,small,,,,,,False,Missing experiment directory: snapshots_probe/small/f2/0.2_sgd_dp,
,f2,0.2_sgd_dp_wd,0.2,sgd,0.2,True,small,,,,,,False,Missing experiment directory: snapshots_probe/small/f2/0.2_sgd_dp_wd,
,f2,0.5_adam,0.5,adam,0.0,False,small,,,,,,False,Missing experiment directory: snapshots_probe/small/f2/0.5_adam,
,f2,0.5_sgd,0.5,sgd,0.0,False,small,,,,,,False,Missing experiment directory: snapshots_probe/small/f2/0.5_sgd,
,f2,0.5_adam_dp,0.5,adam,0.2,False,small,,,,,,False,Missing experiment directory: snapshots_probe/small/f2/0.5_adam_dp,
,f2,0.5_adam_wd,0.5,adam,0.0,True,small,,,,,,False,Missing experiment directory: snapshots_probe/small/f2/0.5_adam_wd,
,f2,0.5_adam_dp_wd,0.5,adam,0.2,True,small,,,,,,False,Missing experiment directory: snapshots_probe/small/f2/0.5_adam_dp_wd,
,f2,0.5_sgd_dp,0.5,sgd,0.2,False,small,,,,,,False,Missing experiment directory: snapshots_probe/small/f2/0.5_sgd_dp,
,f2,0.5_sgd_dp_wd,0.5,sgd,0.2,True,small,,,,,,False,Missing experiment directory: snapshots_probe/small/f2/0.5_sgd_dp_wd,
,f2,1.0_adam,1.0,adam,0.0,False,small,,,,,,False,Missing experiment directory: snapshots_probe/small/f2/1.0_adam,
,f2,1.0_sgd,1.0,sgd,0.0,False,small,,,,,,False,Missing experiment directory: snapshots_probe/small/f2/1.0_sgd,
,f2,1.0_adam_dp,1.0,adam,0.2,False,small,,,,,,False,Missing experiment directory: snapshots_probe/small/f2/1.0_adam_dp,
,f2,1.0_adam_wd,1.0,adam,0.0,True,small,,,,,,False,Missing experiment directory: snapshots_probe/small/f2/1.0_adam_wd,
,f2,1.0_adam_dp_wd,1.0,adam,0.2,True,small,,,,,,False,Missing experiment directory: snapshots_probe/small/f2/1.0_adam_dp_wd,
,f2,1.0_sgd_dp,1.0,sgd,0.2,False,small,,,,,,False,Missing experiment directory: snapshots_probe/small/f2/1.0_sgd_dp,
,f2,1.0_sgd_dp_wd,1.0,sgd,0.2,True,small,,,,,,False,Missing experiment directory: snapshots_probe/small/f2/1.0_sgd_dp_wd,
,f2,base_sgd_dp,0.0,sgd,0.2,False,small,,,,,,False,Missing experiment directory: snapshots_probe/small/f2/base_sgd_dp,
,f2,base_sgd_wd,0.0,sgd,0.0,True,small,,,,,,False,Missing experiment directory: snapshots_probe/small/f2/base_sgd_wd,
,f2,base_sgd_dp_wd,0.0,sgd,0.2,True,small,,,,,,False,Missing experiment directory: snapshots_probe/small/f2/base_sgd_dp_wd,
,f2,0.1_sgd_wd,0.1,sgd,0.0,True,small,,,,,,False,Missing experiment directory: snapshots_probe/small/f2/0.1_sgd_wd,
,f2,0.2_sgd_wd,0.2,sgd,0.0,True,small,,,,,,False,Missing experiment directory: snapshots_probe/small/f2/0.2_sgd_wd,
,f2,0.5_sgd_wd,0.5,sgd,0.0,True,small,,,,,,False,Missing experiment directory: snapshots_probe/small/f2/0.5_sgd_wd,
,f2,1.0_sgd_wd,1.0,sgd,0.0,True,small,,,,,,False,Missing experiment directory: snapshots_probe/small/f2/1.0_sgd_wd,
,f2,dropout_p0.0,0.0,adam,0.0,False,small,,,,,,False,Missing experiment directory: snapshots_probe/small/f2/dropout_p0.0,
,f2,dropout_p0.1,0.0,adam,0.1,False,small,,,,,,False,Missing experiment directory: snapshots_probe/small/f2/dropout_p0.1,
,f2,dropout_p0.2,0.0,adam,0.2,False,small,,,,,,False,Missing experiment directory: snapshots_probe/small/f2/dropout_p0.2,
,f2,dropout_p0.3,0.0,adam,0.3,False,small,,,,,,False,Missing experiment directory: snapshots_probe/small/f2/dropout_p0.3,
,f2,dropout_p0.5,0.0,adam,0.5,False,small,,,,,,False,Missing experiment directory: snapshots_probe/small/f2/dropout_p0.5,
,f2,wd_lam0,0.0,adam,0.0,False,small,,,,,,False,Missing experiment directory: snapshots_probe/small/f2/wd_lam0,
,f2,wd_lam1e-5,0.0,adam,0.0,True,small,,,,,,False,Missing experiment directory: snapshots_probe/small/f2/wd_lam1e-5,
,f2,wd_lam1e-4,0.0,adam,0.0,True,small,,,,,,False,Missing experiment directory: snapshots_probe/small/f2/wd_lam1e-4,
,f2,wd_lam1e-3,0.0,adam,0.0,True,small,,,,,,False,Missing experiment directory: snapshots_probe/small/f2/wd_lam1e-3,
,f2,wd_lam1e-2,0.0,adam,0.0,True,small,,,,,,False,Missing experiment directory: snapshots_probe/small/f2/wd_lam1e-2,
,f3,base_adam,0.0,adam,0.0,False,small,,,,,,False,Missing experiment directory: snapshots_probe/small/f3/base_adam,
,f3,base_sgd,0.0,sgd,0.0,False,small,,,,,,False,Missing experiment directory: snapshots_probe/small/f3/base_sgd,
,f3,0.1_adam,0.1,adam,0.0,False,small,,,,,,False,Missing experiment directory: snapshots_probe/small/f3/0.1_adam,
,f3,0.1_sgd,0.1,sgd,0.0,False,small,,,,,,False,Missing experiment directory: snapshots_probe/small/f3/0.1_sgd,
,f3,0.1_adam_dp,0.1,adam,0.2,False,small,,,,,,False,Missing experiment directory: snapshots_probe/small/f3/0.1_adam_dp,
,f3,0.1_adam_wd,0.1,adam,0.0,True,small,,,,,,False,Missing experiment directory: snapshots_probe/small/f3/0.1_adam_wd,
,f3,0.1_adam_dp_wd,0.1,adam,0.2,True,small,,,,,,False,Missing experiment directory: snapshots_probe/small/f3/0.1_adam_dp_wd,
,f3,0.1_sgd_dp,0.1,sgd,0.2,False,small,,,,,,False,Missing experiment directory: snapshots_probe/small/f3/0.1_sgd_dp,
,f3,0.1_sgd_dp_wd,0.1,sgd,0.2,True,small,,,,,,False,Missing experiment directory: snapshots_probe/small/f3/0.1_sgd_dp_wd,
,f3,0.2_adam,0.2,adam,0.0,False,small,,,,,,False,Missing experiment directory: snapshots_probe/small/f3/0.2_adam,
,f3,0.2_sgd,0.2,sgd,0.0,False,small,,,,,,False,Missing experiment directory: snapshots_probe/small/f3/0.2_sgd,
,f3,0.2_adam_dp,0.2,adam,0.2,False,small,,,,,,False,Missing experiment directory: snapshots_probe/small/f3/0.2_adam_dp,
,f3,0.2_adam_wd,0.2,adam,0.0,True,small,,,,,,False,Missing experiment directory: snapshots_probe/small/f3/0.2_adam_wd,
,f3,0.2_adam_dp_wd,0.2,adam,0.2,True,small,,,,,,False,Missing experiment directory: snapshots_probe/small/f3/0.2_adam_dp_wd,
,f3,0.2_sgd_dp,0.2,sgd,0.2,False,small,,,,,,False,Missing experiment directory: snapshots_probe/small/f3/0.2_sgd_dp,
,f3,0.2_sgd_dp_wd,0.2,sgd,0.2,True,small,,,,,,False,Missing experiment directory: snapshots_probe/small/f3/0.2_sgd_dp_wd,
,f3,0.5_adam,0.5,adam,0.0,False,small,,,,,,False,Missing experiment directory: snapshots_probe/small/f3/0.5_adam,
,f3,0.5_sgd,0.5,sgd,0.0,False,small,,,,,,False,Missing experiment directory: snapshots_probe/small/f3/0.5_sgd,
,f3,0.5_adam_dp,0.5,adam,0.2,False,small,,,,,,False,Missing experiment directory: snapshots_probe/small/f3/0.5_adam_dp,
,f3,0.5_adam_wd,0.5,adam,0.0,True,small,,,,,,False,Missing experiment directory: snapshots_probe/small/f3/0.5_adam_wd,
,f3,0.5_adam_dp_wd,0.5,adam,0.2,True,small,,,,,,False,Missing experiment directory: snapshots_probe/small/f3/0.5_adam_dp_wd,
,f3,0.5_sgd_dp,0.5,sgd,0.2,False,small,,,,,,False,Missing experiment directory: snapshots_probe/small/f3/0.5_sgd_dp,
,f3,0.5_sgd_dp_wd,0.5,sgd,0.2,True,small,,,,,,False,Missing experiment directory: snapshots_probe/small/f3/0.5_sgd_dp_wd,
,f3,1.0_adam,1.0,adam,0.0,False,small,,,,,,False,Missing experiment directory: snapshots_probe/small/f3/1.0_adam,
,f3,1.0_sgd,1.0,sgd,0.0,False,small,,,,,,False,Missing experiment directory: snapshots_probe/small/f3/1.0_sgd,
,f3,1.0_adam_dp,1.0,adam,0.2,False,small,,,,,,False,Missing experiment directory: snapshots_probe/small/f3/1.0_adam_dp,
,f3,1.0_adam_wd,1.0,adam,0.0,True,small,,,,,,False,Missing experiment directory: snapshots_probe/small/f3/1.0_adam_wd,
,f3,1.0_adam_dp_wd,1.0,adam,0.2,True,small,,,,,,False,Missing experiment directory: snapshots_probe/small/f3/1.0_adam_dp_wd,
,f3,1.0_sgd_dp,1.0,sgd,0.2,False,small,,,,,,False,Missing experiment directory: snapshots_probe/small/f3/1.0_sgd_dp,
,f3,1.0_sgd_dp_wd,1.0,sgd,0.2,True,small,,,,,,False,Missing experiment directory: snapshots_probe/small/f3/1.0_sgd_dp_wd,
,f3,base_sgd_dp,0.0,sgd,0.2,False,small,,,,,,False,Missing experiment directory: snapshots_probe/small/f3/base_sgd_dp,
,f3,base_sgd_wd,0.0,sgd,0.0,True,small,,,,,,False,Missing experiment directory: snapshots_probe/small/f3/base_sgd_wd,
,f3,base_sgd_dp_wd,0.0,sgd,0.2,True,small,,,,,,False,Missing experiment directory: snapshots_probe/small/f3/base_sgd_dp_wd,
,f3,0.1_sgd_wd,0.1,sgd,0.0,True,small,,,,,,False,Missing experiment directory: snapshots_probe/small/f3/0.1_sgd_wd,
,f3,0.2_sgd_wd,0.2,sgd,0.0,True,small,,,,,,False,Missing experiment directory: snapshots_probe/small/f3/0.2_sgd_wd,
,f3,0.5_sgd_wd,0.5,sgd,0.0,True,small,,,,,,False,Missing experiment directory: snapshots_probe/small/f3/0.5_sgd_wd,
,f3,1.0_sgd_wd,1.0,sgd,0.0,True,small,,,,,,False,Missing experiment directory: snapshots_probe/small/f3/1.0_sgd_wd,
,f3,dropout_p0.0,0.0,adam,0.0,False,small,,,,,,False,Missing experiment directory: snapshots_probe/small/f3/dropout_p0.0,
,f3,dropout_p0.1,0.0,adam,0.1,False,small,,,,,,False,Missing experiment directory: snapshots_probe/small/f3/dropout_p0.1,
,f3,dropout_p0.2,0.0,adam,0.2,False,small,,,,,,False,Missing experiment directory: snapshots_probe/small/f3/dropout_p0.2,
,f3,dropout_p0.3,0.0,adam,0.3,False,small,,,,,,False,Missing experiment directory: snapshots_probe/small/f3/dropout_p0.3,
,f3,dropout_p0.5,0.0,adam,0.5,False,small,,,,,,False,Missing experiment directory: snapshots_probe/small/f3/dropout_p0.5,
,f3,wd_lam0,0.0,adam,0.0,False,small,,,,,,False,Missing experiment directory: snapshots_probe/small/f3/wd_lam0,
,f3,wd_lam1e-5,0.0,adam,0.0,True,small,,,,,,False,Missing experiment directory: snapshots_probe/small/f3/wd_lam1e-5,
,f3,wd_lam1e-4,0.0,adam,0.0,True,small,,,,,,False,Missing experiment directory: snapshots_probe/small/f3/wd_lam1e-4,
,f3,wd_lam1e-3,0.0,adam,0.0,True,small,,,,,,False,Missing experiment directory: snapshots_probe/small/f3/wd_lam1e-3,
,f3,wd_lam1e-2,0.0,adam,0.0,True,small,,,,,,False,Missing experiment directory: snapshots_probe/small/f3/wd_lam1e-2,
,f4,base_adam,0.0,adam,0.0,False,small,,,,,,False,Missing experiment directory: snapshots_probe/small/f4/base_adam,
,f4,base_sgd,0.0,sgd,0.0,False,small,,,,,,False,Missing experiment directory: snapshots_probe/small/f4/base_sgd,
,f4,0.1_adam,0.1,adam,0.0,False,small,,,,,,False,Missing experiment directory: snapshots_probe/small/f4/0.1_adam,
,f4,0.1_sgd,0.1,sgd,0.0,False,small,,,,,,False,Missing experiment directory: snapshots_probe/small/f4/0.1_sgd,
,f4,0.1_adam_dp,0.1,adam,0.2,False,small,,,,,,False,Missing experiment directory: snapshots_probe/small/f4/0.1_adam_dp,
,f4,0.1_adam_wd,0.1,adam,0.0,True,small,,,,,,False,Missing experiment directory: snapshots_probe/small/f4/0.1_adam_wd,
,f4,0.1_adam_dp_wd,0.1,adam,0.2,True,small,,,,,,False,Missing experiment directory: snapshots_probe/small/f4/0.1_adam_dp_wd,
,f4,0.1_sgd_dp,0.1,sgd,0.2,False,small,,,,,,False,Missing experiment directory: snapshots_probe/small/f4/0.1_sgd_dp,
,f4,0.1_sgd_dp_wd,0.1,sgd,0.2,True,small,,,,,,False,Missing experiment directory: snapshots_probe/small/f4/0.1_sgd_dp_wd,
,f4,0.2_adam,0.2,adam,0.0,False,small,,,,,,False,Missing experiment directory: snapshots_probe/small/f4/0.2_adam,
,f4,0.2_sgd,0.2,sgd,0.0,False,small,,,,,,False,Missing experiment directory: snapshots_probe/small/f4/0.2_sgd,
,f4,0.2_adam_dp,0.2,adam,0.2,False,small,,,,,,False,Missing experiment directory: snapshots_probe/small/f4/0.2_adam_dp,
,f4,0.2_adam_wd,0.2,adam,0.0,True,small,,,,,,False,Missing experiment directory: snapshots_probe/small/f4/0.2_adam_wd,
,f4,0.2_adam_dp_wd,0.2,adam,0.2,True,small,,,,,,False,Missing experiment directory: snapshots_probe/small/f4/0.2_adam_dp_wd,
,f4,0.2_sgd_dp,0.2,sgd,0.2,False,small,,,,,,False,Missing experiment directory: snapshots_probe/small/f4/0.2_sgd_dp,
,f4,0.2_sgd_dp_wd,0.2,sgd,0.2,True,small,,,,,,False,Missing experiment directory: snapshots_probe/small/f4/0.2_sgd_dp_wd,
,f4,0.5_adam,0.5,adam,0.0,False,small,,,,,,False,Missing experiment directory: snapshots_probe/small/f4/0.5_adam,
,f4,0.5_sgd,0.5,sgd,0.0,False,small,,,,,,False,Missing experiment directory: snapshots_probe/small/f4/0.5_sgd,
,f4,0.5_adam_dp,0.5,adam,0.2,False,small,,,,,,False,Missing experiment directory: snapshots_probe/small/f4/0.5_adam_dp,
,f4,0.5_adam_wd,0.5,adam,0.0,True,small,,,,,,False,Missing experiment directory: snapshots_probe/small/f4/0.5_adam_wd,
,f4,0.5_adam_dp_wd,0.5,adam,0.2,True,small,,,,,,False,Missing experiment directory: snapshots_probe/small/f4/0.5_adam_dp_wd,
,f4,0.5_sgd_dp,0.5,sgd,0.2,False,small,,,,,,False,Missing experiment directory: snapshots_probe/small/f4/0.5_sgd_dp,
,f4,0.5_sgd_dp_wd,0.5,sgd,0.2,True,small,,,,,,False,Missing experiment directory: snapshots_probe/small/f4/0.5_sgd_dp_wd,
,f4,1.0_adam,1.0,adam,0.0,False,small,,,,,,False,Missing experiment directory: snapshots_probe/small/f4/1.0_adam,
,f4,1.0_sgd,1.0,sgd,0.0,False,small,,,,,,False,Missing experiment directory: snapshots_probe/small/f4/1.0_sgd,
,f4,1.0_adam_dp,1.0,adam,0.2,False,small,,,,,,False,Missing experiment directory: snapshots_probe/small/f4/1.0_adam_dp,
,f4,1.0_adam_wd,1.0,adam,0.0,True,small,,,,,,False,Missing experiment directory: snapshots_probe/small/f4/1.0_adam_wd,
,f4,1.0_adam_dp_wd,1.0,adam,0.2,True,small,,,,,,False,Missing experiment directory: snapshots_probe/small/f4/1.0_adam_dp_wd,
,f4,1.0_sgd_dp,1.0,sgd,0.2,False,small,,,,,,False,Missing experiment directory: snapshots_probe/small/f4/1.0_sgd_dp,
,f4,1.0_sgd_dp_wd,1.0,sgd,0.2,True,small,,,,,,False,Missing experiment directory: snapshots_probe/small/f4/1.0_sgd_dp_wd,
,f4,base_sgd_dp,0.0,sgd,0.2,False,small,,,,,,False,Missing experiment directory: snapshots_probe/small/f4/base_sgd_dp,
,f4,base_sgd_wd,0.0,sgd,0.0,True,small,,,,,,False,Missing experiment directory: snapshots_probe/small/f4/base_sgd_wd,
,f4,base_sgd_dp_wd,0.0,sgd,0.2,True,small,,,,,,False,Missing experiment directory: snapshots_probe/small/f4/base_sgd_dp_wd,
,f4,0.1_sgd_wd,0.1,sgd,0.0,True,small,,,,,,False,Missing experiment directory: snapshots_probe/small/f4/0.1_sgd_wd,
,f4,0.2_sgd_wd,0.2,sgd,0.0,True,small,,,,,,False,Missing experiment directory: snapshots_probe/small/f4/0.2_sgd_wd,
,f4,0.5_sgd_wd,0.5,sgd,0.0,True,small,,,,,,False,Missing experiment directory: snapshots_probe/small/f4/0.5_sgd_wd,
,f4,1.0_sgd_wd,1.0,sgd,0.0,True,small,,,,,,False,Missing experiment directory: snapshots_probe/small/f4/1.0_sgd_wd,
,f4,dropout_p0.0,0.0,adam,0.0,False,small,,,,,,False,Missing experiment directory: snapshots_probe/small/f4/dropout_p0.0,
,f4,dropout_p0.1,0.0,adam,0.1,False,small,,,,,,False,Missing experiment directory: snapshots_probe/small/f4/dropout_p0.1,
,f4,dropout_p0.2,0.0,adam,0.2,False,small,,,,,,False,Missing experiment directory: snapshots_probe/small/f4/dropout_p0.2,
,f4,dropout_p0.3,0.0,adam,0.3,False,small,,,,,,False,Missing experiment directory: snapshots_probe/small/f4/dropout_p0.3,
,f4,dropout_p0.5,0.0,adam,0.5,False,small,,,,,,False,Missing experiment directory: snapshots_probe/small/f4/dropout_p0.5,
,f4,wd_lam0,0.0,adam,0.0,False,small,,,,,,False,Missing experiment directory: snapshots_probe/small/f4/wd_lam0,
,f4,wd_lam1e-5,0.0,adam,0.0,True,small,,,,,,False,Missing experiment directory: snapshots_probe/small/f4/wd_lam1e-5,
,f4,wd_lam1e-4,0.0,adam,0.0,True,small,,,,,,False,Missing experiment directory: snapshots_probe/small/f4/wd_lam1e-4,
,f4,wd_lam1e-3,0.0,adam,0.0,True,small,,,,,,False,Missing experiment directory: snapshots_probe/small/f4/wd_lam1e-3,
,f4,wd_lam1e-2,0.0,adam,0.0,True,small,,,,,,False,Missing experiment directory: snapshots_probe/small/f4/wd_lam1e-2,
,f5,base_adam,0.0,adam,0.0,False,small,,,,,,False,Missing experiment directory: snapshots_probe/small/f5/base_adam,
,f5,base_sgd,0.0,sgd,0.0,False,small,,,,,,False,Missing experiment directory: snapshots_probe/small/f5/base_sgd,
,f5,0.1_adam,0.1,adam,0.0,False,small,,,,,,False,Missing experiment directory: snapshots_probe/small/f5/0.1_adam,
,f5,0.1_sgd,0.1,sgd,0.0,False,small,,,,,,False,Missing experiment directory: snapshots_probe/small/f5/0.1_sgd,
,f5,0.1_adam_dp,0.1,adam,0.2,False,small,,,,,,False,Missing experiment directory: snapshots_probe/small/f5/0.1_adam_dp,
,f5,0.1_adam_wd,0.1,adam,0.0,True,small,,,,,,False,Missing experiment directory: snapshots_probe/small/f5/0.1_adam_wd,
,f5,0.1_adam_dp_wd,0.1,adam,0.2,True,small,,,,,,False,Missing experiment directory: snapshots_probe/small/f5/0.1_adam_dp_wd,
,f5,0.1_sgd_dp,0.1,sgd,0.2,False,small,,,,,,False,Missing experiment directory: snapshots_probe/small/f5/0.1_sgd_dp,
,f5,0.1_sgd_dp_wd,0.1,sgd,0.2,True,small,,,,,,False,Missing experiment directory: snapshots_probe/small/f5/0.1_sgd_dp_wd,
,f5,0.2_adam,0.2,adam,0.0,False,small,,,,,,False,Missing experiment directory: snapshots_probe/small/f5/0.2_adam,
,f5,0.2_sgd,0.2,sgd,0.0,False,small,,,,,,False,Missing experiment directory: snapshots_probe/small/f5/0.2_sgd,
,f5,0.2_adam_dp,0.2,adam,0.2,False,small,,,,,,False,Missing experiment directory: snapshots_probe/small/f5/0.2_adam_dp,
,f5,0.2_adam_wd,0.2,adam,0.0,True,small,,,,,,False,Missing experiment directory: snapshots_probe/small/f5/0.2_adam_wd,
,f5,0.2_adam_dp_wd,0.2,adam,0.2,True,small,,,,,,False,Missing experiment directory: snapshots_probe/small/f5/0.2_adam_dp_wd,
,f5,0.2_sgd_dp,0.2,sgd,0.2,False,small,,,,,,False,Missing experiment directory: snapshots_probe/small/f5/0.2_sgd_dp,
,f5,0.2_sgd_dp_wd,0.2,sgd,0.2,True,small,,,,,,False,Missing experiment directory: snapshots_probe/small/f5/0.2_sgd_dp_wd,
,f5,0.5_adam,0.5,adam,0.0,False,small,,,,,,False,Missing experiment directory: snapshots_probe/small/f5/0.5_adam,
,f5,0.5_sgd,0.5,sgd,0.0,False,small,,,,,,False,Missing experiment directory: snapshots_probe/small/f5/0.5_sgd,
,f5,0.5_adam_dp,0.5,adam,0.2,False,small,,,,,,False,Missing experiment directory: snapshots_probe/small/f5/0.5_adam_dp,
,f5,0.5_adam_wd,0.5,adam,0.0,True,small,,,,,,False,Missing experiment directory: snapshots_probe/small/f5/0.5_adam_wd,
,f5,0.5_adam_dp_wd,0.5,adam,0.2,True,small,,,,,,False,Missing experiment directory: snapshots_probe/small/f5/0.5_adam_dp_wd,
,f5,0.5_sgd_dp,0.5,sgd,0.2,False,small,,,,,,False,Missing experiment directory: snapshots_probe/small/f5/0.5_sgd_dp,
,f5,0.5_sgd_dp_wd,0.5,sgd,0.2,True,small,,,,,,False,Missing experiment directory: snapshots_probe/small/f5/0.5_sgd_dp_wd,
,f5,1.0_adam,1.0,adam,0.0,False,small,,,,,,False,Missing experiment directory: snapshots_probe/small/f5/1.0_adam,
,f5,1.0_sgd,1.0,sgd,0.0,False,small,,,,,,False,Missing experiment directory: snapshots_probe/small/f5/1.0_sgd,
,f5,1.0_adam_dp,1.0,adam,0.2,False,small,,,,,,False,Missing experiment directory: snapshots_probe/small/f5/1.0_adam_dp,
,f5,1.0_adam_wd,1.0,adam,0.0,True,small,,,,,,False,Missing experiment directory: snapshots_probe/small/f5/1.0_adam_wd,
,f5,1.0_adam_dp_wd,1.0,adam,0.2,True,small,,,,,,False,Missing experiment directory: snapshots_probe/small/f5/1.0_adam_dp_wd,
,f5,1.0_sgd_dp,1.0,sgd,0.2,False,small,,,,,,False,Missing experiment directory: snapshots_probe/small/f5/1.0_sgd_dp,
,f5,1.0_sgd_dp_wd,1.0,sgd,0.2,True,small,,,,,,False,Missing experiment directory: snapshots_probe/small/f5/1.0_sgd_dp_wd,
,f5,base_sgd_dp,0.0,sgd,0.2,False,small,,,,,,False,Missing experiment directory: snapshots_probe/small/f5/base_sgd_dp,
,f5,base_sgd_wd,0.0,sgd,0.0,True,small,,,,,,False,Missing experiment directory: snapshots_probe/small/f5/base_sgd_wd,
,f5,base_sgd_dp_wd,0.0,sgd,0.2,True,small,,,,,,False,Missing experiment directory: snapshots_probe/small/f5/base_sgd_dp_wd,
,f5,0.1_sgd_wd,0.1,sgd,0.0,True,small,,,,,,False,Missing experiment directory: snapshots_probe/small/f5/0.1_sgd_wd,
,f5,0.2_sgd_wd,0.2,sgd,0.0,True,small,,,,,,False,Missing experiment directory: snapshots_probe/small/f5/0.2_sgd_wd,
,f5,0.5_sgd_wd,0.5,sgd,0.0,True,small,,,,,,False,Missing experiment directory: snapshots_probe/small/f5/0.5_sgd_wd,
,f5,1.0_sgd_wd,1.0,sgd,0.0,True,small,,,,,,False,Missing experiment directory: snapshots_probe/small/f5/1.0_sgd_wd,
,f5,dropout_p0.0,0.0,adam,0.0,False,small,,,,,,False,Missing experiment directory: snapshots_probe/small/f5/dropout_p0.0,
,f5,dropout_p0.1,0.0,adam,0.1,False,small,,,,,,False,Missing experiment directory: snapshots_probe/small/f5/dropout_p0.1,
,f5,dropout_p0.2,0.0,adam,0.2,False,small,,,,,,False,Missing experiment directory: snapshots_probe/small/f5/dropout_p0.2,
,f5,dropout_p0.3,0.0,adam,0.3,False,small,,,,,,False,Missing experiment directory: snapshots_probe/small/f5/dropout_p0.3,
,f5,dropout_p0.5,0.0,adam,0.5,False,small,,,,,,False,Missing experiment directory: snapshots_probe/small/f5/dropout_p0.5,
,f5,wd_lam0,0.0,adam,0.0,False,small,,,,,,False,Missing experiment directory: snapshots_probe/small/f5/wd_lam0,
,f5,wd_lam1e-5,0.0,adam,0.0,True,small,,,,,,False,Missing experiment directory: snapshots_probe/small/f5/wd_lam1e-5,
,f5,wd_lam1e-4,0.0,adam,0.0,True,small,,,,,,False,Missing experiment directory: snapshots_probe/small/f5/wd_lam1e-4,
,f5,wd_lam1e-3,0.0,adam,0.0,True,small,,,,,,False,Missing experiment directory: snapshots_probe/small/f5/wd_lam1e-3,
,f5,wd_lam1e-2,0.0,adam,0.0,True,small,,,,,,False,Missing experiment directory: snapshots_probe/small/f5/wd_lam1e-2,
,f6,base_adam,0.0,adam,0.0,False,small,,,,,,False,Missing experiment directory: snapshots_probe/small/f6/base_adam,
,f6,base_sgd,0.0,sgd,0.0,False,small,,,,,,False,Missing experiment directory: snapshots_probe/small/f6/base_sgd,
,f6,0.1_adam,0.1,adam,0.0,False,small,,,,,,False,Missing experiment directory: snapshots_probe/small/f6/0.1_adam,
,f6,0.1_sgd,0.1,sgd,0.0,False,small,,,,,,False,Missing experiment directory: snapshots_probe/small/f6/0.1_sgd,
,f6,0.1_adam_dp,0.1,adam,0.2,False,small,,,,,,False,Missing experiment directory: snapshots_probe/small/f6/0.1_adam_dp,
,f6,0.1_adam_wd,0.1,adam,0.0,True,small,,,,,,False,Missing experiment directory: snapshots_probe/small/f6/0.1_adam_wd,
,f6,0.1_adam_dp_wd,0.1,adam,0.2,True,small,,,,,,False,Missing experiment directory: snapshots_probe/small/f6/0.1_adam_dp_wd,
,f6,0.1_sgd_dp,0.1,sgd,0.2,False,small,,,,,,False,Missing experiment directory: snapshots_probe/small/f6/0.1_sgd_dp,
,f6,0.1_sgd_dp_wd,0.1,sgd,0.2,True,small,,,,,,False,Missing experiment directory: snapshots_probe/small/f6/0.1_sgd_dp_wd,
,f6,0.2_adam,0.2,adam,0.0,False,small,,,,,,False,Missing experiment directory: snapshots_probe/small/f6/0.2_adam,
,f6,0.2_sgd,0.2,sgd,0.0,False,small,,,,,,False,Missing experiment directory: snapshots_probe/small/f6/0.2_sgd,
,f6,0.2_adam_dp,0.2,adam,0.2,False,small,,,,,,False,Missing experiment directory: snapshots_probe/small/f6/0.2_adam_dp,
,f6,0.2_adam_wd,0.2,adam,0.0,True,small,,,,,,False,Missing experiment directory: snapshots_probe/small/f6/0.2_adam_wd,
,f6,0.2_adam_dp_wd,0.2,adam,0.2,True,small,,,,,,False,Missing experiment directory: snapshots_probe/small/f6/0.2_adam_dp_wd,
,f6,0.2_sgd_dp,0.2,sgd,0.2,False,small,,,,,,False,Missing experiment directory: snapshots_probe/small/f6/0.2_sgd_dp,
,f6,0.2_sgd_dp_wd,0.2,sgd,0.2,True,small,,,,,,False,Missing experiment directory: snapshots_probe/small/f6/0.2_sgd_dp_wd,
,f6,0.5_adam,0.5,adam,0.0,False,small,,,,,,False,Missing experiment directory: snapshots_probe/small/f6/0.5_adam,
,f6,0.5_sgd,0.5,sgd,0.0,False,small,,,,,,False,Missing experiment directory: snapshots_probe/small/f6/0.5_sgd,
,f6,0.5_adam_dp,0.5,adam,0.2,False,small,,,,,,False,Missing experiment directory: snapshots_probe/small/f6/0.5_adam_dp,
,f6,0.5_adam_wd,0.5,adam,0.0,True,small,,,,,,False,Missing experiment directory: snapshots_probe/small/f6/0.5_adam_wd,
,f6,0.5_adam_dp_wd,0.5,adam,0.2,True,small,,,,,,False,Missing experiment directory: snapshots_probe/small/f6/0.5_adam_dp_wd,
,f6,0.5_sgd_dp,0.5,sgd,0.2,False,small,,,,,,False,Missing experiment directory: snapshots_probe/small/f6/0.5_sgd_dp,
,f6,0.5_sgd_dp_wd,0.5,sgd,0.2,True,small,,,,,,False,Missing experiment directory: snapshots_probe/small/f6/0.5_sgd_dp_wd,
,f6,1.0_adam,1.0,adam,0.0,False,small,,,,,,False,Missing experiment directory: snapshots_probe/small/f6/1.0_adam,
,f6,1.0_sgd,1.0,sgd,0.0,False,small,,,,,,False,Missing experiment directory: snapshots_probe/small/f6/1.0_sgd,
,f6,1.0_adam_dp,1.0,adam,0.2,False,small,,,,,,False,Missing experiment directory: snapshots_probe/small/f6/1.0_adam_dp,
,f6,1.0_adam_wd,1.0,adam,0.0,True,small,,,,,,False,Missing experiment directory: snapshots_probe/small/f6/1.0_adam_wd,
,f6,1.0_adam_dp_wd,1.0,adam,0.2,True,small,,,,,,False,Missing experiment directory: snapshots_probe/small/f6/1.0_adam_dp_wd,
,f6,1.0_sgd_dp,1.0,sgd,0.2,False,small,,,,,,False,Missing experiment directory: snapshots_probe/small/f6/1.0_sgd_dp,
,f6,1.0_sgd_dp_wd,1.0,sgd,0.2,True,small,,,,,,False,Missing experiment directory: snapshots_probe/small/f6/1.0_sgd_dp_wd,
,f6,base_sgd_dp,0.0,sgd,0.2,False,small,,,,,,False,Missing experiment directory: snapshots_probe/small/f6/base_sgd_dp,
,f6,base_sgd_wd,0.0,sgd,0.0,True,small,,,,,,False,Missing experiment directory: snapshots_probe/small/f6/base_sgd_wd,
,f6,base_sgd_dp_wd,0.0,sgd,0.2,True,small,,,,,,False,Missing experiment directory: snapshots_probe/small/f6/base_sgd_dp_wd,
,f6,0.1_sgd_wd,0.1,sgd,0.0,True,small,,,,,,False,Missing experiment directory: snapshots_probe/small/f6/0.1_sgd_wd,
,f6,0.2_sgd_wd,0.2,sgd,0.0,True,small,,,,,,False,Missing experiment directory: snapshots_probe/small/f6/0.2_sgd_wd,
,f6,0.5_sgd_wd,0.5,sgd,0.0,True,small,,,,,,False,Missing experiment directory: snapshots_probe/small/f6/0.5_sgd_wd,
,f6,1.0_sgd_wd,1.0,sgd,0.0,True,small,,,,,,False,Missing experiment directory: snapshots_probe/small/f6/1.0_sgd_wd,
,f6,dropout_p0.0,0.0,adam,0.0,False,small,,,,,,False,Missing experiment directory: snapshots_probe/small/f6/dropout_p0.0,
,f6,dropout_p0.1,0.0,adam,0.1,False,small,,,,,,False,Missing experiment directory: snapshots_probe/small/f6/dropout_p0.1,
,f6,dropout_p0.2,0.0,adam,0.2,False,small,,,,,,False,Missing experiment directory: snapshots_probe/small/f6/dropout_p0.2,
,f6,dropout_p0.3,0.0,adam,0.3,False,small,,,,,,False,Missing experiment directory: snapshots_probe/small/f6/dropout_p0.3,
,f6,dropout_p0.5,0.0,adam,0.5,False,small,,,,,,False,Missing experiment directory: snapshots_probe/small/f6/dropout_p0.5,
,f6,wd_lam0,0.0,adam,0.0,False,small,,,,,,False,Missing experiment directory: snapshots_probe/small/f6/wd_lam0,
,f6,wd_lam1e-5,0.0,adam,0.0,True,small,,,,,,False,Missing experiment directory: snapshots_probe/small/f6/wd_lam1e-5,
,f6,wd_lam1e-4,0.0,adam,0.0,True,small,,,,,,False,Missing experiment directory: snapshots_probe/small/f6/wd_lam1e-4,
,f6,wd_lam1e-3,0.0,adam,0.0,True,small,,,,,,False,Missing experiment directory: snapshots_probe/small/f6/wd_lam1e-3,
,f6,wd_lam1e-2,0.0,adam,0.0,True,small,,,,,,False,Missing experiment directory: snapshots_probe/small/f6/wd_lam1e-2,
,f7,base_adam,0.0,adam,0.0,False,small,,,,,,False,Missing experiment directory: snapshots_probe/small/f7/base_adam,
,f7,base_sgd,0.0,sgd,0.0,False,small,,,,,,False,Missing experiment directory: snapshots_probe/small/f7/base_sgd,
,f7,0.1_adam,0.1,adam,0.0,False,small,,,,,,False,Missing experiment directory: snapshots_probe/small/f7/0.1_adam,
,f7,0.1_sgd,0.1,sgd,0.0,False,small,,,,,,False,Missing experiment directory: snapshots_probe/small/f7/0.1_sgd,
,f7,0.1_adam_dp,0.1,adam,0.2,False,small,,,,,,False,Missing experiment directory: snapshots_probe/small/f7/0.1_adam_dp,
,f7,0.1_adam_wd,0.1,adam,0.0,True,small,,,,,,False,Missing experiment directory: snapshots_probe/small/f7/0.1_adam_wd,
,f7,0.1_adam_dp_wd,0.1,adam,0.2,True,small,,,,,,False,Missing experiment directory: snapshots_probe/small/f7/0.1_adam_dp_wd,
,f7,0.1_sgd_dp,0.1,sgd,0.2,False,small,,,,,,False,Missing experiment directory: snapshots_probe/small/f7/0.1_sgd_dp,
,f7,0.1_sgd_dp_wd,0.1,sgd,0.2,True,small,,,,,,False,Missing experiment directory: snapshots_probe/small/f7/0.1_sgd_dp_wd,
,f7,0.2_adam,0.2,adam,0.0,False,small,,,,,,False,Missing experiment directory: snapshots_probe/small/f7/0.2_adam,
,f7,0.2_sgd,0.2,sgd,0.0,False,small,,,,,,False,Missing experiment directory: snapshots_probe/small/f7/0.2_sgd,
,f7,0.2_adam_dp,0.2,adam,0.2,False,small,,,,,,False,Missing experiment directory: snapshots_probe/small/f7/0.2_adam_dp,
,f7,0.2_adam_wd,0.2,adam,0.0,True,small,,,,,,False,Missing experiment directory: snapshots_probe/small/f7/0.2_adam_wd,
,f7,0.2_adam_dp_wd,0.2,adam,0.2,True,small,,,,,,False,Missing experiment directory: snapshots_probe/small/f7/0.2_adam_dp_wd,
,f7,0.2_sgd_dp,0.2,sgd,0.2,False,small,,,,,,False,Missing experiment directory: snapshots_probe/small/f7/0.2_sgd_dp,
,f7,0.2_sgd_dp_wd,0.2,sgd,0.2,True,small,,,,,,False,Missing experiment directory: snapshots_probe/small/f7/0.2_sgd_dp_wd,
,f7,0.5_adam,0.5,adam,0.0,False,small,,,,,,False,Missing experiment directory: snapshots_probe/small/f7/0.5_adam,
,f7,0.5_sgd,0.5,sgd,0.0,False,small,,,,,,False,Missing experiment directory: snapshots_probe/small/f7/0.5_sgd,
,f7,0.5_adam_dp,0.5,adam,0.2,False,small,,,,,,False,Missing experiment directory: snapshots_probe/small/f7/0.5_adam_dp,
,f7,0.5_adam_wd,0.5,adam,0.0,True,small,,,,,,False,Missing experiment directory: snapshots_probe/small/f7/0.5_adam_wd,
,f7,0.5_adam_dp_wd,0.5,adam,0.2,True,small,,,,,,False,Missing experiment directory: snapshots_probe/small/f7/0.5_adam_dp_wd,
,f7,0.5_sgd_dp,0.5,sgd,0.2,False,small,,,,,,False,Missing experiment directory: snapshots_probe/small/f7/0.5_sgd_dp,
,f7,0.5_sgd_dp_wd,0.5,sgd,0.2,True,small,,,,,,False,Missing experiment directory: snapshots_probe/small/f7/0.5_sgd_dp_wd,
,f7,1.0_adam,1.0,adam,0.0,False,small,,,,,,False,Missing experiment directory: snapshots_probe/small/f7/1.0_adam,
,f7,1.0_sgd,1.0,sgd,0.0,False,small,,,,,,False,Missing experiment directory: snapshots_probe/small/f7/1.0_sgd,
,f7,1.0_adam_dp,1.0,adam,0.2,False,small,,,,,,False,Missing experiment directory: snapshots_probe/small/f7/1.0_adam_dp,
,f7,1.0_adam_wd,1.0,adam,0.0,True,small,,,,,,False,Missing experiment directory: snapshots_probe/small/f7/1.0_adam_wd,
,f7,1.0_adam_dp_wd,1.0,adam,0.2,True,small,,,,,,False,Missing experiment directory: snapshots_probe/small/f7/1.0_adam_dp_wd,
,f7,1.0_sgd_dp,1.0,sgd,0.2,False,small,,,,,,False,Missing experiment directory: snapshots_probe/small/f7/1.0_sgd_dp,
,f7,1.0_sgd_dp_wd,1.0,sgd,0.2,True,small,,,,,,False,Missing experiment directory: snapshots_probe/small/f7/1.0_sgd_dp_wd,
,f7,base_sgd_dp,0.0,sgd,0.2,False,small,,,,,,False,Missing experiment directory: snapshots_probe/small/f7/base_sgd_dp,
,f7,base_sgd_wd,0.0,sgd,0.0,True,small,,,,,,False,Missing experiment directory: snapshots_probe/small/f7/base_sgd_wd,
,f7,base_sgd_dp_wd,0.0,sgd,0.2,True,small,,,,,,False,Missing experiment directory: snapshots_probe/small/f7/base_sgd_dp_wd,
,f7,0.1_sgd_wd,0.1,sgd,0.0,True,small,,,,,,False,Missing experiment directory: snapshots_probe/small/f7/0.1_sgd_wd,
,f7,0.2_sgd_wd,0.2,sgd,0.0,True,small,,,,,,False,Missing experiment directory: snapshots_probe/small/f7/0.2_sgd_wd,
,f7,0.5_sgd_wd,0.5,sgd,0.0,True,small,,,,,,False,Missing experiment directory: snapshots_probe/small/f7/0.5_sgd_wd,
,f7,1.0_sgd_wd,1.0,sgd,0.0,True,small,,,,,,False,Missing experiment directory: snapshots_probe/small/f7/1.0_sgd_wd,
1.0,f7,dropout_p0.0,0.0,adam,0.0,False,small,0.0221597570925951,0.7857142857142857,0.501974333662389,0.5,0.7492566897918732,True,,snapshots_probe/small/f7/dropout_p0.0/epoch_0001.pt
2.0,f7,dropout_p0.0,0.0,adam,0.0,False,small,0.01912633702158928,0.9,0.4186410003290556,0.5,0.7492566897918731,True,,snapshots_probe/small/f7/dropout_p0.0/epoch_0002.pt
3.0,f7,dropout_p0.0,0.0,adam,0.0,False,small,0.012985993176698685,0.9,0.501974333662389,0.5,0.7497522299306243,True,,snapshots_probe/small/f7/dropout_p0.0/epoch_0003.pt
4.0,f7,dropout_p0.0,0.0,adam,0.0,False,small,0.00842059776186943,0.7857142857142857,0.501974333662389,0.5,0.7492566897918732,True,,snapshots_probe/small/f7/dropout_p0.0/epoch_0004.pt
5.0,f7,dropout_p0.0,0.0,adam,0.0,False,small,0.008956683799624443,0.75,0.501974333662389,0.5,0.7490089197224976,True,,snapshots_probe/small/f7/dropout_p0.0/epoch_0005.pt
6.0,f7,dropout_p0.0,0.0,adam,0.0,False,small,0.008504499681293964,0.7857142857142857,0.501974333662389,0.5,0.7492566897918732,True,,snapshots_probe/small/f7/dropout_p0.0/epoch_0006.pt
7.0,f7,dropout_p0.0,0.0,adam,0.0,False,small,0.007349128369241953,0.75,0.501974333662389,0.5,0.7490089197224976,True,,snapshots_probe/small/f7/dropout_p0.0/epoch_0007.pt
8.0,f7,dropout_p0.0,0.0,adam,0.0,False,small,0.007900009863078594,0.7222222222222222,0.501974333662389,0.5,0.7487611496531219,True,,snapshots_probe/small/f7/dropout_p0.0/epoch_0008.pt
9.0,f7,dropout_p0.0,0.0,adam,0.0,False,small,0.006483002565801144,0.75,0.501974333662389,0.5,0.7490089197224976,True,,snapshots_probe/small/f7/dropout_p0.0/epoch_0009.pt
10.0,f7,dropout_p0.0,0.0,adam,0.0,False,small,0.007398888934403658,0.7222222222222222,0.4186410003290556,0.5,0.7482656095143706,True,,snapshots_probe/small/f7/dropout_p0.0/epoch_0010.pt
11.0,f7,dropout_p0.0,0.0,adam,0.0,False,small,0.011343597434461117,0.7222222222222222,0.4186410003290556,0.5,0.7482656095143706,True,,snapshots_probe/small/f7/dropout_p0.0/epoch_0011.pt
12.0,f7,dropout_p0.0,0.0,adam,0.0,False,small,0.0053473482839763165,0.5833333333333333,0.2529615004935834,0.25,0.6227700693756194,True,,snapshots_probe/small/f7/dropout_p0.0/epoch_0012.pt
13.0,f7,dropout_p0.0,0.0,adam,0.0,False,small,0.005562680773437023,0.7222222222222222,0.4186410003290556,0.5,0.7482656095143706,True,,snapshots_probe/small/f7/dropout_p0.0/epoch_0013.pt
14.0,f7,dropout_p0.0,0.0,adam,0.0,False,small,0.005009402520954609,0.5833333333333333,0.2529615004935834,0.25,0.6231417244796829,True,,snapshots_probe/small/f7/dropout_p0.0/epoch_0014.pt
15.0,f7,dropout_p0.0,0.0,adam,0.0,False,small,0.004535296931862831,0.5833333333333333,0.2529615004935834,0.25,0.6227700693756194,True,,snapshots_probe/small/f7/dropout_p0.0/epoch_0015.pt
16.0,f7,dropout_p0.0,0.0,adam,0.0,False,small,0.00804390013217926,0.5833333333333333,0.2529615004935834,0.25,0.6231417244796829,True,,snapshots_probe/small/f7/dropout_p0.0/epoch_0016.pt
17.0,f7,dropout_p0.0,0.0,adam,0.0,False,small,0.017312107607722282,0.5833333333333333,0.2529615004935834,0.25,0.6231417244796829,True,,snapshots_probe/small/f7/dropout_p0.0/epoch_0017.pt
18.0,f7,dropout_p0.0,0.0,adam,0.0,False,small,0.0059108734130859375,0.55,0.2529615004935834,0.25,0.6227700693756194,True,,snapshots_probe/small/f7/dropout_p0.0/epoch_0018.pt
19.0,f7,dropout_p0.0,0.0,adam,0.0,False,small,0.005912515800446272,0.55,0.2529615004935834,0.25,0.6227700693756194,True,,snapshots_probe/small/f7/dropout_p0.0/epoch_0019.pt
20.0,f7,dropout_p0.0,0.0,adam,0.0,False,small,0.007659503724426031,0.5833333333333333,0.2529615004935834,0.25,0.6231417244796829,True,,snapshots_probe/small/f7/dropout_p0.0/epoch_0020.pt
21.0,f7,dropout_p0.0,0.0,adam,0.0,False,small,0.004230479709804058,0.55,0.2529615004935834,0.25,0.6227700693756194,True,,snapshots_probe/small/f7/dropout_p0.0/epoch_0021.pt
22.0,f7,dropout_p0.0,0.0,adam,0.0,False,small,0.0056198472157120705,0.5833333333333333,0.2529615004935834,0.25,0.6231417244796829,True,,snapshots_probe/small/f7/dropout_p0.0/epoch_0022.pt
23.0,f7,dropout_p0.0,0.0,adam,0.0,False,small,0.005389287136495113,0.5833333333333333,0.2529615004935834,0.25,0.6231417244796829,True,,snapshots_probe/small/f7/dropout_p0.0/epoch_0023.pt
24.0,f7,dropout_p0.0,0.0,adam,0.0,False,small,0.005403862334787846,0.5833333333333333,0.2529615004935834,0.25,0.6231417244796829,True,,snapshots_probe/small/f7/dropout_p0.0/epoch_0024.pt
25.0,f7,dropout_p0.0,0.0,adam,0.0,False,small,0.004973529372364283,0.5833333333333333,0.2529615004935834,0.25,0.6231417244796829,True,,snapshots_probe/small/f7/dropout_p0.0/epoch_0025.pt
26.0,f7,dropout_p0.0,0.0,adam,0.0,False,small,0.0060203499160707,0.5227272727272727,0.2529615004935834,0.25,0.622398414271556,True,,snapshots_probe/small/f7/dropout_p0.0/epoch_0026.pt
27.0,f7,dropout_p0.0,0.0,adam,0.0,False,small,0.005232763942331076,0.7222222222222222,0.501974333662389,0.5,0.7487611496531219,True,,snapshots_probe/small/f7/dropout_p0.0/epoch_0027.pt
28.0,f7,dropout_p0.0,0.0,adam,0.0,False,small,0.0050865537486970425,0.5833333333333333,0.2529615004935834,0.25,0.6231417244796829,True,,snapshots_probe/small/f7/dropout_p0.0/epoch_0028.pt
29.0,f7,dropout_p0.0,0.0,adam,0.0,False,small,0.006176503840833902,0.5833333333333333,0.2529615004935834,0.25,0.6231417244796829,True,,snapshots_probe/small/f7/dropout_p0.0/epoch_0029.pt
30.0,f7,dropout_p0.0,0.0,adam,0.0,False,small,0.005762415938079357,0.5833333333333333,0.2529615004935834,0.25,0.6231417244796829,True,,snapshots_probe/small/f7/dropout_p0.0/epoch_0030.pt
31.0,f7,dropout_p0.0,0.0,adam,0.0,False,small,0.0048463246785104275,0.5833333333333333,0.2529615004935834,0.25,0.6231417244796829,True,,snapshots_probe/small/f7/dropout_p0.0/epoch_0031.pt
32.0,f7,dropout_p0.0,0.0,adam,0.0,False,small,0.0064358278177678585,0.5833333333333333,0.2529615004935834,0.25,0.6231417244796829,True,,snapshots_probe/small/f7/dropout_p0.0/epoch_0032.pt
33.0,f7,dropout_p0.0,0.0,adam,0.0,False,small,0.006164223421365023,0.7222222222222222,0.501974333662389,0.5,0.7487611496531219,True,,snapshots_probe/small/f7/dropout_p0.0/epoch_0033.pt
34.0,f7,dropout_p0.0,0.0,adam,0.0,False,small,0.005127362906932831,0.55,0.2529615004935834,0.25,0.6227700693756194,True,,snapshots_probe/small/f7/dropout_p0.0/epoch_0034.pt
35.0,f7,dropout_p0.0,0.0,adam,0.0,False,small,0.005868666805326939,0.5833333333333333,0.2529615004935834,0.25,0.6231417244796829,True,,snapshots_probe/small/f7/dropout_p0.0/epoch_0035.pt
36.0,f7,dropout_p0.0,0.0,adam,0.0,False,small,0.006160110700875521,0.5833333333333333,0.2529615004935834,0.25,0.6227700693756194,True,,snapshots_probe/small/f7/dropout_p0.0/epoch_0036.pt
37.0,f7,dropout_p0.0,0.0,adam,0.0,False,small,0.005452033597975969,0.55,0.2529615004935834,0.25,0.6227700693756194,True,,snapshots_probe/small/f7/dropout_p0.0/epoch_0037.pt
38.0,f7,dropout_p0.0,0.0,adam,0.0,False,small,0.008027725853025913,0.5833333333333333,0.2529615004935834,0.25,0.6231417244796829,True,,snapshots_probe/small/f7/dropout_p0.0/epoch_0038.pt
39.0,f7,dropout_p0.0,0.0,adam,0.0,False,small,0.005501496139913797,0.5833333333333333,0.2529615004935834,0.25,0.6231417244796829,True,,snapshots_probe/small/f7/dropout_p0.0/epoch_0039.pt
40.0,f7,dropout_p0.0,0.0,adam,0.0,False,small,0.007439645007252693,0.55,0.2529615004935834,0.25,0.6227700693756194,True,,snapshots_probe/small/f7/dropout_p0.0/epoch_0040.pt
41.0,f7,dropout_p0.0,0.0,adam,0.0,False,small,0.003909178078174591,0.5833333333333333,0.2529615004935834,0.25,0.6231417244796829,True,,snapshots_probe/small/f7/dropout_p0.0/epoch_0041.pt
42.0,f7,dropout_p0.0,0.0,adam,0.0,False,small,0.005244748201221228,0.7222222222222222,0.501974333662389,0.5,0.7487611496531219,True,,snapshots_probe/small/f7/dropout_p0.0/epoch_0042.pt
43.0,f7,dropout_p0.0,0.0,adam,0.0,False,small,0.005002300255000591,0.5833333333333333,0.2529615004935834,0.25,0.6231417244796829,True,,snapshots_probe/small/f7/dropout_p0.0/epoch_0043.pt
44.0,f7,dropout_p0.0,0.0,adam,0.0,False,small,0.006466711405664682,0.55,0.2529615004935834,0.25,0.6227700693756194,True,,snapshots_probe/small/f7/dropout_p0.0/epoch_0044.pt
45.0,f7,dropout_p0.0,0.0,adam,0.0,False,small,0.005931192077696323,0.5227272727272727,0.2529615004935834,0.25,0.622398414271556,True,,snapshots_probe/small/f7/dropout_p0.0/epoch_0045.pt
46.0,f7,dropout_p0.0,0.0,adam,0.0,False,small,0.003980702720582485,0.5833333333333333,0.2529615004935834,0.25,0.6231417244796829,True,,snapshots_probe/small/f7/dropout_p0.0/epoch_0046.pt
47.0,f7,dropout_p0.0,0.0,adam,0.0,False,small,0.004701696336269379,0.5833333333333333,0.2529615004935834,0.25,0.6231417244796829,True,,snapshots_probe/small/f7/dropout_p0.0/epoch_0047.pt
48.0,f7,dropout_p0.0,0.0,adam,0.0,False,small,0.006074773613363504,0.5833333333333333,0.2529615004935834,0.25,0.6231417244796829,True,,snapshots_probe/small/f7/dropout_p0.0/epoch_0048.pt
49.0,f7,dropout_p0.0,0.0,adam,0.0,False,small,0.004251829348504543,0.5227272727272727,0.2529615004935834,0.25,0.622398414271556,True,,snapshots_probe/small/f7/dropout_p0.0/epoch_0049.pt
50.0,f7,dropout_p0.0,0.0,adam,0.0,False,small,0.004535194952040911,0.5227272727272727,0.2529615004935834,0.25,0.622398414271556,True,,snapshots_probe/small/f7/dropout_p0.0/epoch_0050.pt
51.0,f7,dropout_p0.0,0.0,adam,0.0,False,small,0.0046682641841471195,0.5227272727272727,0.2529615004935834,0.25,0.622398414271556,True,,snapshots_probe/small/f7/dropout_p0.0/epoch_0051.pt
52.0,f7,dropout_p0.0,0.0,adam,0.0,False,small,0.004915046971291304,0.5833333333333333,0.2529615004935834,0.25,0.6231417244796829,True,,snapshots_probe/small/f7/dropout_p0.0/epoch_0052.pt
53.0,f7,dropout_p0.0,0.0,adam,0.0,False,small,0.008032992482185364,0.55,0.2529615004935834,0.25,0.6227700693756194,True,,snapshots_probe/small/f7/dropout_p0.0/epoch_0053.pt
54.0,f7,dropout_p0.0,0.0,adam,0.0,False,small,0.005228213965892792,0.5833333333333333,0.2529615004935834,0.25,0.6231417244796829,True,,snapshots_probe/small/f7/dropout_p0.0/epoch_0054.pt
55.0,f7,dropout_p0.0,0.0,adam,0.0,False,small,0.005196449812501669,0.7222222222222222,0.501974333662389,0.5,0.7487611496531219,True,,snapshots_probe/small/f7/dropout_p0.0/epoch_0055.pt
56.0,f7,dropout_p0.0,0.0,adam,0.0,False,small,0.005846857558935881,0.5833333333333333,0.2529615004935834,0.25,0.6231417244796829,True,,snapshots_probe/small/f7/dropout_p0.0/epoch_0056.pt
57.0,f7,dropout_p0.0,0.0,adam,0.0,False,small,0.006582608446478844,0.5833333333333333,0.2529615004935834,0.25,0.6231417244796829,True,,snapshots_probe/small/f7/dropout_p0.0/epoch_0057.pt
58.0,f7,dropout_p0.0,0.0,adam,0.0,False,small,0.0054944418370723724,0.5833333333333333,0.2529615004935834,0.25,0.6227700693756194,True,,snapshots_probe/small/f7/dropout_p0.0/epoch_0058.pt
59.0,f7,dropout_p0.0,0.0,adam,0.0,False,small,0.005101161077618599,0.5833333333333333,0.2529615004935834,0.25,0.6231417244796829,True,,snapshots_probe/small/f7/dropout_p0.0/epoch_0059.pt
60.0,f7,dropout_p0.0,0.0,adam,0.0,False,small,0.005327451508492231,0.5833333333333333,0.2529615004935834,0.25,0.6231417244796829,True,,snapshots_probe/small/f7/dropout_p0.0/epoch_0060.pt
61.0,f7,dropout_p0.0,0.0,adam,0.0,False,small,0.004285827279090881,0.5833333333333333,0.2529615004935834,0.25,0.6231417244796829,True,,snapshots_probe/small/f7/dropout_p0.0/epoch_0061.pt
62.0,f7,dropout_p0.0,0.0,adam,0.0,False,small,0.0063473936170339584,0.5833333333333333,0.2529615004935834,0.25,0.6231417244796829,True,,snapshots_probe/small/f7/dropout_p0.0/epoch_0062.pt
63.0,f7,dropout_p0.0,0.0,adam,0.0,False,small,0.005413167178630829,0.5833333333333333,0.2529615004935834,0.25,0.6231417244796829,True,,snapshots_probe/small/f7/dropout_p0.0/epoch_0063.pt
64.0,f7,dropout_p0.0,0.0,adam,0.0,False,small,0.007161928806453943,0.5833333333333333,0.2529615004935834,0.25,0.6231417244796829,True,,snapshots_probe/small/f7/dropout_p0.0/epoch_0064.pt
65.0,f7,dropout_p0.0,0.0,adam,0.0,False,small,0.004624354653060436,0.5833333333333333,0.2529615004935834,0.25,0.6231417244796829,True,,snapshots_probe/small/f7/dropout_p0.0/epoch_0065.pt
66.0,f7,dropout_p0.0,0.0,adam,0.0,False,small,0.0074131120927631855,0.5833333333333333,0.2529615004935834,0.25,0.6231417244796829,True,,snapshots_probe/small/f7/dropout_p0.0/epoch_0066.pt
67.0,f7,dropout_p0.0,0.0,adam,0.0,False,small,0.0081813158467412,0.5833333333333333,0.2529615004935834,0.25,0.6231417244796829,True,,snapshots_probe/small/f7/dropout_p0.0/epoch_0067.pt
68.0,f7,dropout_p0.0,0.0,adam,0.0,False,small,0.007186721079051495,0.5833333333333333,0.2529615004935834,0.25,0.6231417244796829,True,,snapshots_probe/small/f7/dropout_p0.0/epoch_0068.pt
69.0,f7,dropout_p0.0,0.0,adam,0.0,False,small,0.004863859619945288,0.5833333333333333,0.2529615004935834,0.25,0.6227700693756194,True,,snapshots_probe/small/f7/dropout_p0.0/epoch_0069.pt
70.0,f7,dropout_p0.0,0.0,adam,0.0,False,small,0.00749783543869853,0.55,0.2529615004935834,0.25,0.622398414271556,True,,snapshots_probe/small/f7/dropout_p0.0/epoch_0070.pt
71.0,f7,dropout_p0.0,0.0,adam,0.0,False,small,0.005435629282146692,0.5,0.2529615004935834,0.25,0.6220267591674926,True,,snapshots_probe/small/f7/dropout_p0.0/epoch_0071.pt
72.0,f7,dropout_p0.0,0.0,adam,0.0,False,small,0.004732287023216486,0.55,0.2529615004935834,0.25,0.622398414271556,True,,snapshots_probe/small/f7/dropout_p0.0/epoch_0072.pt
73.0,f7,dropout_p0.0,0.0,adam,0.0,False,small,0.00751937972381711,0.55,0.2529615004935834,0.25,0.6227700693756194,True,,snapshots_probe/small/f7/dropout_p0.0/epoch_0073.pt
74.0,f7,dropout_p0.0,0.0,adam,0.0,False,small,0.006117794197052717,0.5833333333333333,0.2529615004935834,0.25,0.6231417244796829,True,,snapshots_probe/small/f7/dropout_p0.0/epoch_0074.pt
75.0,f7,dropout_p0.0,0.0,adam,0.0,False,small,0.005883186589926481,0.5227272727272727,0.2529615004935834,0.25,0.622398414271556,True,,snapshots_probe/small/f7/dropout_p0.0/epoch_0075.pt
76.0,f7,dropout_p0.0,0.0,adam,0.0,False,small,0.004594853613525629,0.5227272727272727,0.2529615004935834,0.25,0.6220267591674926,True,,snapshots_probe/small/f7/dropout_p0.0/epoch_0076.pt
77.0,f7,dropout_p0.0,0.0,adam,0.0,False,small,0.005157965235412121,0.5227272727272727,0.2529615004935834,0.25,0.6220267591674926,True,,snapshots_probe/small/f7/dropout_p0.0/epoch_0077.pt
78.0,f7,dropout_p0.0,0.0,adam,0.0,False,small,0.004387012217193842,0.5227272727272727,0.2529615004935834,0.25,0.622398414271556,True,,snapshots_probe/small/f7/dropout_p0.0/epoch_0078.pt
79.0,f7,dropout_p0.0,0.0,adam,0.0,False,small,0.005060982890427113,0.55,0.2529615004935834,0.25,0.6227700693756194,True,,snapshots_probe/small/f7/dropout_p0.0/epoch_0079.pt
80.0,f7,dropout_p0.0,0.0,adam,0.0,False,small,0.006277661304920912,0.5,0.2529615004935834,0.25,0.6216551040634292,True,,snapshots_probe/small/f7/dropout_p0.0/epoch_0080.pt
81.0,f7,dropout_p0.0,0.0,adam,0.0,False,small,0.009080278687179089,0.55,0.2529615004935834,0.25,0.622398414271556,True,,snapshots_probe/small/f7/dropout_p0.0/epoch_0081.pt
82.0,f7,dropout_p0.0,0.0,adam,0.0,False,small,0.00412256782874465,0.5227272727272727,0.2529615004935834,0.25,0.622398414271556,True,,snapshots_probe/small/f7/dropout_p0.0/epoch_0082.pt
83.0,f7,dropout_p0.0,0.0,adam,0.0,False,small,0.0069641489535570145,0.5227272727272727,0.2529615004935834,0.25,0.622398414271556,True,,snapshots_probe/small/f7/dropout_p0.0/epoch_0083.pt
84.0,f7,dropout_p0.0,0.0,adam,0.0,False,small,0.005778813734650612,0.55,0.2529615004935834,0.25,0.6227700693756194,True,,snapshots_probe/small/f7/dropout_p0.0/epoch_0084.pt
85.0,f7,dropout_p0.0,0.0,adam,0.0,False,small,0.006461097858846188,0.55,0.2529615004935834,0.25,0.622398414271556,True,,snapshots_probe/small/f7/dropout_p0.0/epoch_0085.pt
86.0,f7,dropout_p0.0,0.0,adam,0.0,False,small,0.005092225968837738,0.55,0.2529615004935834,0.25,0.6227700693756194,True,,snapshots_probe/small/f7/dropout_p0.0/epoch_0086.pt
87.0,f7,dropout_p0.0,0.0,adam,0.0,False,small,0.005632980260998011,0.55,0.2529615004935834,0.25,0.6227700693756194,True,,snapshots_probe/small/f7/dropout_p0.0/epoch_0087.pt
88.0,f7,dropout_p0.0,0.0,adam,0.0,False,small,0.0042254989966750145,0.55,0.2529615004935834,0.25,0.6227700693756194,True,,snapshots_probe/small/f7/dropout_p0.0/epoch_0088.pt
89.0,f7,dropout_p0.0,0.0,adam,0.0,False,small,0.007497628219425678,0.5227272727272727,0.2529615004935834,0.25,0.6220267591674926,True,,snapshots_probe/small/f7/dropout_p0.0/epoch_0089.pt
90.0,f7,dropout_p0.0,0.0,adam,0.0,False,small,0.009048301726579666,0.55,0.2529615004935834,0.25,0.6227700693756194,True,,snapshots_probe/small/f7/dropout_p0.0/epoch_0090.pt
91.0,f7,dropout_p0.0,0.0,adam,0.0,False,small,0.0045869615860283375,0.55,0.2529615004935834,0.25,0.622398414271556,True,,snapshots_probe/small/f7/dropout_p0.0/epoch_0091.pt
92.0,f7,dropout_p0.0,0.0,adam,0.0,False,small,0.006372930947691202,0.5227272727272727,0.2529615004935834,0.25,0.6220267591674926,True,,snapshots_probe/small/f7/dropout_p0.0/epoch_0092.pt
93.0,f7,dropout_p0.0,0.0,adam,0.0,False,small,0.006144694983959198,0.5227272727272727,0.2529615004935834,0.25,0.6220267591674926,True,,snapshots_probe/small/f7/dropout_p0.0/epoch_0093.pt
94.0,f7,dropout_p0.0,0.0,adam,0.0,False,small,0.004945820197463036,0.5227272727272727,0.2529615004935834,0.25,0.622398414271556,True,,snapshots_probe/small/f7/dropout_p0.0/epoch_0094.pt
95.0,f7,dropout_p0.0,0.0,adam,0.0,False,small,0.006128567270934582,0.55,0.2529615004935834,0.25,0.622398414271556,True,,snapshots_probe/small/f7/dropout_p0.0/epoch_0095.pt
96.0,f7,dropout_p0.0,0.0,adam,0.0,False,small,0.00543499831110239,0.5833333333333333,0.2529615004935834,0.25,0.6227700693756194,True,,snapshots_probe/small/f7/dropout_p0.0/epoch_0096.pt
97.0,f7,dropout_p0.0,0.0,adam,0.0,False,small,0.004829713609069586,0.55,0.2529615004935834,0.25,0.6220267591674926,True,,snapshots_probe/small/f7/dropout_p0.0/epoch_0097.pt
98.0,f7,dropout_p0.0,0.0,adam,0.0,False,small,0.005820665042847395,0.5227272727272727,0.2529615004935834,0.25,0.6220267591674926,True,,snapshots_probe/small/f7/dropout_p0.0/epoch_0098.pt
99.0,f7,dropout_p0.0,0.0,adam,0.0,False,small,0.005847725551575422,0.55,0.2529615004935834,0.25,0.622398414271556,True,,snapshots_probe/small/f7/dropout_p0.0/epoch_0099.pt
100.0,f7,dropout_p0.0,0.0,adam,0.0,False,small,0.00435397494584322,0.5833333333333333,0.2529615004935834,0.25,0.6227700693756194,True,,snapshots_probe/small/f7/dropout_p0.0/epoch_0100.pt
1.0,f7,dropout_p0.1,0.0,adam,0.1,False,small,0.03981124609708786,0.8333333333333333,0.501974333662389,0.5,0.7495044598612487,True,,snapshots_probe/small/f7/dropout_p0.1/epoch_0001.pt
2.0,f7,dropout_p0.1,0.0,adam,0.1,False,small,0.03235381096601486,0.9,0.501974333662389,0.5,0.7497522299306243,True,,snapshots_probe/small/f7/dropout_p0.1/epoch_0002.pt
3.0,f7,dropout_p0.1,0.0,adam,0.1,False,small,0.03774476423859596,0.9,0.501974333662389,0.5,0.7497522299306243,True,,snapshots_probe/small/f7/dropout_p0.1/epoch_0003.pt
4.0,f7,dropout_p0.1,0.0,adam,0.1,False,small,0.02731586992740631,0.9,0.501974333662389,0.5,0.7497522299306243,True,,snapshots_probe/small/f7/dropout_p0.1/epoch_0004.pt
5.0,f7,dropout_p0.1,0.0,adam,0.1,False,small,0.031146805733442307,0.7857142857142857,0.501974333662389,0.5,0.7492566897918732,True,,snapshots_probe/small/f7/dropout_p0.1/epoch_0005.pt
6.0,f7,dropout_p0.1,0.0,adam,0.1,False,small,0.030231840908527374,0.9,0.501974333662389,0.5,0.7497522299306243,True,,snapshots_probe/small/f7/dropout_p0.1/epoch_0006.pt
7.0,f7,dropout_p0.1,0.0,adam,0.1,False,small,0.04882648214697838,0.9,0.501974333662389,0.5,0.7497522299306243,True,,snapshots_probe/small/f7/dropout_p0.1/epoch_0007.pt
8.0,f7,dropout_p0.1,0.0,adam,0.1,False,small,0.03384369984269142,0.9,0.501974333662389,0.5,0.7497522299306243,True,,snapshots_probe/small/f7/dropout_p0.1/epoch_0008.pt
9.0,f7,dropout_p0.1,0.0,adam,0.1,False,small,0.04067620635032654,0.9,0.501974333662389,0.5,0.7497522299306243,True,,snapshots_probe/small/f7/dropout_p0.1/epoch_0009.pt
10.0,f7,dropout_p0.1,0.0,adam,0.1,False,small,0.031111324205994606,0.9,0.501974333662389,0.5,0.7497522299306243,True,,snapshots_probe/small/f7/dropout_p0.1/epoch_0010.pt
11.0,f7,dropout_p0.1,0.0,adam,0.1,False,small,0.02455420419573784,0.8333333333333333,0.501974333662389,0.5,0.7495044598612487,True,,snapshots_probe/small/f7/dropout_p0.1/epoch_0011.pt
12.0,f7,dropout_p0.1,0.0,adam,0.1,False,small,0.05027245357632637,0.9,0.501974333662389,0.5,0.7497522299306243,True,,snapshots_probe/small/f7/dropout_p0.1/epoch_0012.pt
13.0,f7,dropout_p0.1,0.0,adam,0.1,False,small,0.043779220432043076,0.9,0.501974333662389,0.5,0.7497522299306243,True,,snapshots_probe/small/f7/dropout_p0.1/epoch_0013.pt
14.0,f7,dropout_p0.1,0.0,adam,0.1,False,small,0.024307439103722572,0.9,0.501974333662389,0.5,0.7497522299306243,True,,snapshots_probe/small/f7/dropout_p0.1/epoch_0014.pt
15.0,f7,dropout_p0.1,0.0,adam,0.1,False,small,0.058010175824165344,0.8333333333333333,0.501974333662389,0.5,0.7495044598612487,True,,snapshots_probe/small/f7/dropout_p0.1/epoch_0015.pt
16.0,f7,dropout_p0.1,0.0,adam,0.1,False,small,0.03684324398636818,0.9,0.501974333662389,0.5,0.7497522299306243,True,,snapshots_probe/small/f7/dropout_p0.1/epoch_0016.pt
17.0,f7,dropout_p0.1,0.0,adam,0.1,False,small,0.023652667179703712,0.9,0.501974333662389,0.5,0.7497522299306243,True,,snapshots_probe/small/f7/dropout_p0.1/epoch_0017.pt
18.0,f7,dropout_p0.1,0.0,adam,0.1,False,small,0.02370607852935791,0.9,0.501974333662389,0.5,0.7497522299306243,True,,snapshots_probe/small/f7/dropout_p0.1/epoch_0018.pt
19.0,f7,dropout_p0.1,0.0,adam,0.1,False,small,0.021989015862345695,0.9,0.501974333662389,0.5,0.7497522299306243,True,,snapshots_probe/small/f7/dropout_p0.1/epoch_0019.pt
20.0,f7,dropout_p0.1,0.0,adam,0.1,False,small,0.07248914241790771,0.9,0.501974333662389,0.5,0.7497522299306243,True,,snapshots_probe/small/f7/dropout_p0.1/epoch_0020.pt
21.0,f7,dropout_p0.1,0.0,adam,0.1,False,small,0.04282546043395996,0.9,0.501974333662389,0.5,0.7497522299306243,True,,snapshots_probe/small/f7/dropout_p0.1/epoch_0021.pt
22.0,f7,dropout_p0.1,0.0,adam,0.1,False,small,0.02979864552617073,0.9,0.501974333662389,0.5,0.7497522299306243,True,,snapshots_probe/small/f7/dropout_p0.1/epoch_0022.pt
23.0,f7,dropout_p0.1,0.0,adam,0.1,False,small,0.025802386924624443,0.9,0.501974333662389,0.5,0.7497522299306243,True,,snapshots_probe/small/f7/dropout_p0.1/epoch_0023.pt
24.0,f7,dropout_p0.1,0.0,adam,0.1,False,small,0.0476200133562088,0.9,0.501974333662389,0.5,0.7497522299306243,True,,snapshots_probe/small/f7/dropout_p0.1/epoch_0024.pt
25.0,f7,dropout_p0.1,0.0,adam,0.1,False,small,0.03848397731781006,0.9,0.501974333662389,0.5,0.7497522299306243,True,,snapshots_probe/small/f7/dropout_p0.1/epoch_0025.pt
26.0,f7,dropout_p0.1,0.0,adam,0.1,False,small,0.031465478241443634,0.8333333333333333,0.501974333662389,0.5,0.7495044598612487,True,,snapshots_probe/small/f7/dropout_p0.1/epoch_0026.pt
27.0,f7,dropout_p0.1,0.0,adam,0.1,False,small,0.08798767626285553,0.8333333333333333,0.501974333662389,0.5,0.7495044598612487,True,,snapshots_probe/small/f7/dropout_p0.1/epoch_0027.pt
28.0,f7,dropout_p0.1,0.0,adam,0.1,False,small,0.03121929243206978,0.9,0.501974333662389,0.5,0.7497522299306243,True,,snapshots_probe/small/f7/dropout_p0.1/epoch_0028.pt
29.0,f7,dropout_p0.1,0.0,adam,0.1,False,small,0.05863053724169731,0.9,0.501974333662389,0.5,0.7497522299306243,True,,snapshots_probe/small/f7/dropout_p0.1/epoch_0029.pt
30.0,f7,dropout_p0.1,0.0,adam,0.1,False,small,0.06779095530509949,0.9,0.501974333662389,0.5,0.7497522299306243,True,,snapshots_probe/small/f7/dropout_p0.1/epoch_0030.pt
31.0,f7,dropout_p0.1,0.0,adam,0.1,False,small,0.05683533102273941,0.8333333333333333,0.501974333662389,0.5,0.7495044598612487,True,,snapshots_probe/small/f7/dropout_p0.1/epoch_0031.pt
32.0,f7,dropout_p0.1,0.0,adam,0.1,False,small,0.022555917501449585,0.9,0.501974333662389,0.5,0.7497522299306243,True,,snapshots_probe/small/f7/dropout_p0.1/epoch_0032.pt
33.0,f7,dropout_p0.1,0.0,adam,0.1,False,small,0.02298574708402157,0.8333333333333333,0.501974333662389,0.5,0.7495044598612487,True,,snapshots_probe/small/f7/dropout_p0.1/epoch_0033.pt
34.0,f7,dropout_p0.1,0.0,adam,0.1,False,small,0.04313577339053154,0.8333333333333333,0.501974333662389,0.5,0.7495044598612487,True,,snapshots_probe/small/f7/dropout_p0.1/epoch_0034.pt
35.0,f7,dropout_p0.1,0.0,adam,0.1,False,small,0.027267877012491226,0.9,0.501974333662389,0.5,0.7497522299306243,True,,snapshots_probe/small/f7/dropout_p0.1/epoch_0035.pt
36.0,f7,dropout_p0.1,0.0,adam,0.1,False,small,0.11801150441169739,0.9,0.501974333662389,0.5,0.7497522299306243,True,,snapshots_probe/small/f7/dropout_p0.1/epoch_0036.pt
37.0,f7,dropout_p0.1,0.0,adam,0.1,False,small,0.025809049606323242,0.8333333333333333,0.501974333662389,0.5,0.7495044598612487,True,,snapshots_probe/small/f7/dropout_p0.1/epoch_0037.pt
38.0,f7,dropout_p0.1,0.0,adam,0.1,False,small,0.025195198133587837,0.9,0.501974333662389,0.5,0.7497522299306243,True,,snapshots_probe/small/f7/dropout_p0.1/epoch_0038.pt
39.0,f7,dropout_p0.1,0.0,adam,0.1,False,small,0.035285573452711105,0.9,0.501974333662389,0.5,0.7497522299306243,True,,snapshots_probe/small/f7/dropout_p0.1/epoch_0039.pt
40.0,f7,dropout_p0.1,0.0,adam,0.1,False,small,0.03279939666390419,0.9,0.501974333662389,0.5,0.7497522299306243,True,,snapshots_probe/small/f7/dropout_p0.1/epoch_0040.pt
41.0,f7,dropout_p0.1,0.0,adam,0.1,False,small,0.0329081192612648,0.9,0.501974333662389,0.5,0.7497522299306243,True,,snapshots_probe/small/f7/dropout_p0.1/epoch_0041.pt
42.0,f7,dropout_p0.1,0.0,adam,0.1,False,small,0.04059307277202606,0.9,0.501974333662389,0.5,0.7497522299306243,True,,snapshots_probe/small/f7/dropout_p0.1/epoch_0042.pt
43.0,f7,dropout_p0.1,0.0,adam,0.1,False,small,0.022658564150333405,0.8333333333333333,0.501974333662389,0.5,0.7495044598612487,True,,snapshots_probe/small/f7/dropout_p0.1/epoch_0043.pt
44.0,f7,dropout_p0.1,0.0,adam,0.1,False,small,0.08031334728002548,0.9,0.501974333662389,0.5,0.7497522299306243,True,,snapshots_probe/small/f7/dropout_p0.1/epoch_0044.pt
45.0,f7,dropout_p0.1,0.0,adam,0.1,False,small,0.04499803110957146,0.9,0.501974333662389,0.5,0.7497522299306243,True,,snapshots_probe/small/f7/dropout_p0.1/epoch_0045.pt
46.0,f7,dropout_p0.1,0.0,adam,0.1,False,small,0.02607797272503376,0.9,0.501974333662389,0.5,0.7497522299306243,True,,snapshots_probe/small/f7/dropout_p0.1/epoch_0046.pt
47.0,f7,dropout_p0.1,0.0,adam,0.1,False,small,0.032471273094415665,0.9,0.501974333662389,0.5,0.7497522299306243,True,,snapshots_probe/small/f7/dropout_p0.1/epoch_0047.pt
48.0,f7,dropout_p0.1,0.0,adam,0.1,False,small,0.07184907048940659,0.8500000000000001,0.2529615004935834,0.25,0.6246283448959365,True,,snapshots_probe/small/f7/dropout_p0.1/epoch_0048.pt
49.0,f7,dropout_p0.1,0.0,adam,0.1,False,small,0.04807749018073082,0.8333333333333333,0.501974333662389,0.5,0.7495044598612487,True,,snapshots_probe/small/f7/dropout_p0.1/epoch_0049.pt
50.0,f7,dropout_p0.1,0.0,adam,0.1,False,small,0.05641141161322594,0.9,0.501974333662389,0.5,0.7497522299306243,True,,snapshots_probe/small/f7/dropout_p0.1/epoch_0050.pt
51.0,f7,dropout_p0.1,0.0,adam,0.1,False,small,0.026168039068579674,0.9,0.501974333662389,0.5,0.7497522299306243,True,,snapshots_probe/small/f7/dropout_p0.1/epoch_0051.pt
52.0,f7,dropout_p0.1,0.0,adam,0.1,False,small,0.036313049495220184,0.9,0.501974333662389,0.5,0.7497522299306243,True,,snapshots_probe/small/f7/dropout_p0.1/epoch_0052.pt
53.0,f7,dropout_p0.1,0.0,adam,0.1,False,small,0.049385931342840195,0.8500000000000001,0.2529615004935834,0.25,0.6246283448959365,True,,snapshots_probe/small/f7/dropout_p0.1/epoch_0053.pt
54.0,f7,dropout_p0.1,0.0,adam,0.1,False,small,0.03404930233955383,0.8500000000000001,0.2529615004935834,0.25,0.6246283448959365,True,,snapshots_probe/small/f7/dropout_p0.1/epoch_0054.pt
55.0,f7,dropout_p0.1,0.0,adam,0.1,False,small,0.04638056084513664,0.9,0.4186410003290556,0.5,0.7492566897918731,True,,snapshots_probe/small/f7/dropout_p0.1/epoch_0055.pt
56.0,f7,dropout_p0.1,0.0,adam,0.1,False,small,0.028443465009331703,0.8500000000000001,0.2529615004935834,0.25,0.6246283448959365,True,,snapshots_probe/small/f7/dropout_p0.1/epoch_0056.pt
57.0,f7,dropout_p0.1,0.0,adam,0.1,False,small,0.02546018734574318,0.9,0.501974333662389,0.5,0.7497522299306243,True,,snapshots_probe/small/f7/dropout_p0.1/epoch_0057.pt
58.0,f7,dropout_p0.1,0.0,adam,0.1,False,small,0.0895131304860115,0.8500000000000001,0.2529615004935834,0.25,0.6246283448959365,True,,snapshots_probe/small/f7/dropout_p0.1/epoch_0058.pt
59.0,f7,dropout_p0.1,0.0,adam,0.1,False,small,0.06109374761581421,0.8500000000000001,0.2529615004935834,0.25,0.6246283448959365,True,,snapshots_probe/small/f7/dropout_p0.1/epoch_0059.pt
60.0,f7,dropout_p0.1,0.0,adam,0.1,False,small,0.07848077267408371,0.9,0.501974333662389,0.5,0.7497522299306243,True,,snapshots_probe/small/f7/dropout_p0.1/epoch_0060.pt
61.0,f7,dropout_p0.1,0.0,adam,0.1,False,small,0.04975568503141403,0.8500000000000001,0.2529615004935834,0.25,0.6246283448959365,True,,snapshots_probe/small/f7/dropout_p0.1/epoch_0061.pt
62.0,f7,dropout_p0.1,0.0,adam,0.1,False,small,0.05952904000878334,0.8500000000000001,0.2529615004935834,0.25,0.6246283448959365,True,,snapshots_probe/small/f7/dropout_p0.1/epoch_0062.pt
63.0,f7,dropout_p0.1,0.0,adam,0.1,False,small,0.023763539269566536,0.8500000000000001,0.2529615004935834,0.25,0.6246283448959365,True,,snapshots_probe/small/f7/dropout_p0.1/epoch_0063.pt
64.0,f7,dropout_p0.1,0.0,adam,0.1,False,small,0.033578645437955856,0.9,0.501974333662389,0.5,0.7497522299306243,True,,snapshots_probe/small/f7/dropout_p0.1/epoch_0064.pt
65.0,f7,dropout_p0.1,0.0,adam,0.1,False,small,0.04742835834622383,0.8500000000000001,0.2529615004935834,0.25,0.6246283448959365,True,,snapshots_probe/small/f7/dropout_p0.1/epoch_0065.pt
66.0,f7,dropout_p0.1,0.0,adam,0.1,False,small,0.04896538332104683,0.8500000000000001,0.2529615004935834,0.25,0.6246283448959365,True,,snapshots_probe/small/f7/dropout_p0.1/epoch_0066.pt
67.0,f7,dropout_p0.1,0.0,adam,0.1,False,small,0.04520319774746895,0.8500000000000001,0.2529615004935834,0.25,0.6246283448959365,True,,snapshots_probe/small/f7/dropout_p0.1/epoch_0067.pt
68.0,f7,dropout_p0.1,0.0,adam,0.1,False,small,0.04283739626407623,0.8500000000000001,0.2529615004935834,0.25,0.6246283448959365,True,,snapshots_probe/small/f7/dropout_p0.1/epoch_0068.pt
69.0,f7,dropout_p0.1,0.0,adam,0.1,False,small,0.021705884486436844,0.8500000000000001,0.2529615004935834,0.25,0.6246283448959365,True,,snapshots_probe/small/f7/dropout_p0.1/epoch_0069.pt
70.0,f7,dropout_p0.1,0.0,adam,0.1,False,small,0.029388226568698883,0.8500000000000001,0.2529615004935834,0.25,0.6246283448959365,True,,snapshots_probe/small/f7/dropout_p0.1/epoch_0070.pt
71.0,f7,dropout_p0.1,0.0,adam,0.1,False,small,0.06297179311513901,0.8500000000000001,0.2529615004935834,0.25,0.6246283448959365,True,,snapshots_probe/small/f7/dropout_p0.1/epoch_0071.pt
72.0,f7,dropout_p0.1,0.0,adam,0.1,False,small,0.036224447190761566,0.8500000000000001,0.2529615004935834,0.25,0.6246283448959365,True,,snapshots_probe/small/f7/dropout_p0.1/epoch_0072.pt
73.0,f7,dropout_p0.1,0.0,adam,0.1,False,small,0.05436095967888832,0.8500000000000001,0.2529615004935834,0.25,0.6246283448959365,True,,snapshots_probe/small/f7/dropout_p0.1/epoch_0073.pt
74.0,f7,dropout_p0.1,0.0,adam,0.1,False,small,0.05168776214122772,0.9,0.501974333662389,0.5,0.7497522299306243,True,,snapshots_probe/small/f7/dropout_p0.1/epoch_0074.pt
75.0,f7,dropout_p0.1,0.0,adam,0.1,False,small,0.035824358463287354,0.8500000000000001,0.2529615004935834,0.25,0.6246283448959365,True,,snapshots_probe/small/f7/dropout_p0.1/epoch_0075.pt
76.0,f7,dropout_p0.1,0.0,adam,0.1,False,small,0.04039020836353302,0.9,0.501974333662389,0.5,0.7497522299306243,True,,snapshots_probe/small/f7/dropout_p0.1/epoch_0076.pt
77.0,f7,dropout_p0.1,0.0,adam,0.1,False,small,0.04522853344678879,0.8500000000000001,0.2529615004935834,0.25,0.6246283448959365,True,,snapshots_probe/small/f7/dropout_p0.1/epoch_0077.pt
78.0,f7,dropout_p0.1,0.0,adam,0.1,False,small,0.044323187321424484,0.8500000000000001,0.2529615004935834,0.25,0.6246283448959365,True,,snapshots_probe/small/f7/dropout_p0.1/epoch_0078.pt
79.0,f7,dropout_p0.1,0.0,adam,0.1,False,small,0.029676245525479317,0.8500000000000001,0.2529615004935834,0.25,0.6246283448959365,True,,snapshots_probe/small/f7/dropout_p0.1/epoch_0079.pt
80.0,f7,dropout_p0.1,0.0,adam,0.1,False,small,0.026509929448366165,0.8500000000000001,0.2529615004935834,0.25,0.6246283448959365,True,,snapshots_probe/small/f7/dropout_p0.1/epoch_0080.pt
81.0,f7,dropout_p0.1,0.0,adam,0.1,False,small,0.04556034132838249,0.8500000000000001,0.2529615004935834,0.25,0.6246283448959365,True,,snapshots_probe/small/f7/dropout_p0.1/epoch_0081.pt
82.0,f7,dropout_p0.1,0.0,adam,0.1,False,small,0.027177685871720314,0.8500000000000001,0.2529615004935834,0.25,0.6246283448959365,True,,snapshots_probe/small/f7/dropout_p0.1/epoch_0082.pt
83.0,f7,dropout_p0.1,0.0,adam,0.1,False,small,0.05730607733130455,0.8500000000000001,0.2529615004935834,0.25,0.6246283448959365,True,,snapshots_probe/small/f7/dropout_p0.1/epoch_0083.pt
84.0,f7,dropout_p0.1,0.0,adam,0.1,False,small,0.06131337583065033,0.8500000000000001,0.2529615004935834,0.25,0.6246283448959365,True,,snapshots_probe/small/f7/dropout_p0.1/epoch_0084.pt
85.0,f7,dropout_p0.1,0.0,adam,0.1,False,small,0.03926483169198036,0.8500000000000001,0.2529615004935834,0.25,0.6246283448959365,True,,snapshots_probe/small/f7/dropout_p0.1/epoch_0085.pt
86.0,f7,dropout_p0.1,0.0,adam,0.1,False,small,0.03101375699043274,0.8500000000000001,0.2529615004935834,0.25,0.6246283448959365,True,,snapshots_probe/small/f7/dropout_p0.1/epoch_0086.pt
87.0,f7,dropout_p0.1,0.0,adam,0.1,False,small,0.03696559742093086,0.8500000000000001,0.2529615004935834,0.25,0.6246283448959365,True,,snapshots_probe/small/f7/dropout_p0.1/epoch_0087.pt
88.0,f7,dropout_p0.1,0.0,adam,0.1,False,small,0.06647329777479172,0.8500000000000001,0.2529615004935834,0.25,0.6246283448959365,True,,snapshots_probe/small/f7/dropout_p0.1/epoch_0088.pt
89.0,f7,dropout_p0.1,0.0,adam,0.1,False,small,0.03384828940033913,0.9,0.501974333662389,0.5,0.7497522299306243,True,,snapshots_probe/small/f7/dropout_p0.1/epoch_0089.pt
90.0,f7,dropout_p0.1,0.0,adam,0.1,False,small,0.026173951104283333,0.8500000000000001,0.2529615004935834,0.25,0.6246283448959365,True,,snapshots_probe/small/f7/dropout_p0.1/epoch_0090.pt
91.0,f7,dropout_p0.1,0.0,adam,0.1,False,small,0.04867873713374138,0.9,0.501974333662389,0.5,0.7497522299306243,True,,snapshots_probe/small/f7/dropout_p0.1/epoch_0091.pt
92.0,f7,dropout_p0.1,0.0,adam,0.1,False,small,0.06524299830198288,0.8500000000000001,0.2529615004935834,0.25,0.6246283448959365,True,,snapshots_probe/small/f7/dropout_p0.1/epoch_0092.pt
93.0,f7,dropout_p0.1,0.0,adam,0.1,False,small,0.04703105613589287,0.8500000000000001,0.2529615004935834,0.25,0.6246283448959365,True,,snapshots_probe/small/f7/dropout_p0.1/epoch_0093.pt
94.0,f7,dropout_p0.1,0.0,adam,0.1,False,small,0.03894586116075516,0.8500000000000001,0.2529615004935834,0.25,0.6246283448959365,True,,snapshots_probe/small/f7/dropout_p0.1/epoch_0094.pt
95.0,f7,dropout_p0.1,0.0,adam,0.1,False,small,0.04035681486129761,0.8500000000000001,0.2529615004935834,0.25,0.6246283448959365,True,,snapshots_probe/small/f7/dropout_p0.1/epoch_0095.pt
96.0,f7,dropout_p0.1,0.0,adam,0.1,False,small,0.10626319795846939,0.9,0.501974333662389,0.5,0.7497522299306243,True,,snapshots_probe/small/f7/dropout_p0.1/epoch_0096.pt
97.0,f7,dropout_p0.1,0.0,adam,0.1,False,small,0.062165915966033936,0.8500000000000001,0.2529615004935834,0.25,0.6246283448959365,True,,snapshots_probe/small/f7/dropout_p0.1/epoch_0097.pt
98.0,f7,dropout_p0.1,0.0,adam,0.1,False,small,0.028691690415143967,0.8500000000000001,0.2529615004935834,0.25,0.6246283448959365,True,,snapshots_probe/small/f7/dropout_p0.1/epoch_0098.pt
99.0,f7,dropout_p0.1,0.0,adam,0.1,False,small,0.07907156646251678,0.8500000000000001,0.2529615004935834,0.25,0.6246283448959365,True,,snapshots_probe/small/f7/dropout_p0.1/epoch_0099.pt
100.0,f7,dropout_p0.1,0.0,adam,0.1,False,small,0.04822321981191635,0.8500000000000001,0.2529615004935834,0.25,0.6246283448959365,True,,snapshots_probe/small/f7/dropout_p0.1/epoch_0100.pt
1.0,f7,dropout_p0.2,0.0,adam,0.2,False,small,0.042926184833049774,0.75,0.4186410003290556,0.375,0.7492566897918731,True,,snapshots_probe/small/f7/dropout_p0.2/epoch_0001.pt
2.0,f7,dropout_p0.2,0.0,adam,0.2,False,small,0.05018927529454231,0.9,0.501974333662389,0.5,0.7497522299306243,True,,snapshots_probe/small/f7/dropout_p0.2/epoch_0002.pt
3.0,f7,dropout_p0.2,0.0,adam,0.2,False,small,0.078191839158535,0.9,0.501974333662389,0.5,0.7497522299306243,True,,snapshots_probe/small/f7/dropout_p0.2/epoch_0003.pt
4.0,f7,dropout_p0.2,0.0,adam,0.2,False,small,0.04067326709628105,0.9,0.501974333662389,0.5,0.7497522299306243,True,,snapshots_probe/small/f7/dropout_p0.2/epoch_0004.pt
5.0,f7,dropout_p0.2,0.0,adam,0.2,False,small,0.03736690431833267,0.9,0.501974333662389,0.5,0.7497522299306243,True,,snapshots_probe/small/f7/dropout_p0.2/epoch_0005.pt
6.0,f7,dropout_p0.2,0.0,adam,0.2,False,small,0.05438419058918953,0.8333333333333333,0.501974333662389,0.5,0.7495044598612487,True,,snapshots_probe/small/f7/dropout_p0.2/epoch_0006.pt
7.0,f7,dropout_p0.2,0.0,adam,0.2,False,small,0.040137771517038345,0.9,0.501974333662389,0.5,0.7497522299306243,True,,snapshots_probe/small/f7/dropout_p0.2/epoch_0007.pt
8.0,f7,dropout_p0.2,0.0,adam,0.2,False,small,0.07014229893684387,0.9,0.501974333662389,0.5,0.7497522299306243,True,,snapshots_probe/small/f7/dropout_p0.2/epoch_0008.pt
9.0,f7,dropout_p0.2,0.0,adam,0.2,False,small,0.03171038255095482,0.9,0.501974333662389,0.5,0.7497522299306243,True,,snapshots_probe/small/f7/dropout_p0.2/epoch_0009.pt
10.0,f7,dropout_p0.2,0.0,adam,0.2,False,small,0.04030114412307739,0.9,0.501974333662389,0.5,0.7497522299306243,True,,snapshots_probe/small/f7/dropout_p0.2/epoch_0010.pt
11.0,f7,dropout_p0.2,0.0,adam,0.2,False,small,0.06625531613826752,0.9,0.501974333662389,0.5,0.7497522299306243,True,,snapshots_probe/small/f7/dropout_p0.2/epoch_0011.pt
12.0,f7,dropout_p0.2,0.0,adam,0.2,False,small,0.03743951395153999,0.9,0.501974333662389,0.5,0.7497522299306243,True,,snapshots_probe/small/f7/dropout_p0.2/epoch_0012.pt
13.0,f7,dropout_p0.2,0.0,adam,0.2,False,small,0.03863053023815155,0.9,0.501974333662389,0.5,0.7497522299306243,True,,snapshots_probe/small/f7/dropout_p0.2/epoch_0013.pt
14.0,f7,dropout_p0.2,0.0,adam,0.2,False,small,0.06035967916250229,0.9,0.501974333662389,0.5,0.7497522299306243,True,,snapshots_probe/small/f7/dropout_p0.2/epoch_0014.pt
15.0,f7,dropout_p0.2,0.0,adam,0.2,False,small,0.04688765108585358,0.9,0.501974333662389,0.5,0.7497522299306243,True,,snapshots_probe/small/f7/dropout_p0.2/epoch_0015.pt
16.0,f7,dropout_p0.2,0.0,adam,0.2,False,small,0.0568716786801815,0.9,0.501974333662389,0.5,0.7497522299306243,True,,snapshots_probe/small/f7/dropout_p0.2/epoch_0016.pt
17.0,f7,dropout_p0.2,0.0,adam,0.2,False,small,0.06138111650943756,0.9,0.501974333662389,0.5,0.7497522299306243,True,,snapshots_probe/small/f7/dropout_p0.2/epoch_0017.pt
18.0,f7,dropout_p0.2,0.0,adam,0.2,False,small,0.032463591545820236,0.9,0.501974333662389,0.5,0.7497522299306243,True,,snapshots_probe/small/f7/dropout_p0.2/epoch_0018.pt
19.0,f7,dropout_p0.2,0.0,adam,0.2,False,small,0.04422737658023834,0.9,0.501974333662389,0.5,0.7497522299306243,True,,snapshots_probe/small/f7/dropout_p0.2/epoch_0019.pt
20.0,f7,dropout_p0.2,0.0,adam,0.2,False,small,0.06461185961961746,0.8333333333333333,0.501974333662389,0.5,0.7495044598612487,True,,snapshots_probe/small/f7/dropout_p0.2/epoch_0020.pt
21.0,f7,dropout_p0.2,0.0,adam,0.2,False,small,0.04764977842569351,0.9,0.501974333662389,0.5,0.7497522299306243,True,,snapshots_probe/small/f7/dropout_p0.2/epoch_0021.pt
22.0,f7,dropout_p0.2,0.0,adam,0.2,False,small,0.05176083743572235,0.9,0.501974333662389,0.5,0.7497522299306243,True,,snapshots_probe/small/f7/dropout_p0.2/epoch_0022.pt
23.0,f7,dropout_p0.2,0.0,adam,0.2,False,small,0.08836045116186142,0.9,0.4186410003290556,0.5,0.7492566897918731,True,,snapshots_probe/small/f7/dropout_p0.2/epoch_0023.pt
24.0,f7,dropout_p0.2,0.0,adam,0.2,False,small,0.04120597615838051,0.9,0.501974333662389,0.5,0.7497522299306243,True,,snapshots_probe/small/f7/dropout_p0.2/epoch_0024.pt
25.0,f7,dropout_p0.2,0.0,adam,0.2,False,small,0.03727155923843384,0.9,0.501974333662389,0.5,0.7497522299306243,True,,snapshots_probe/small/f7/dropout_p0.2/epoch_0025.pt
26.0,f7,dropout_p0.2,0.0,adam,0.2,False,small,0.046473197638988495,0.9,0.4186410003290556,0.5,0.7492566897918731,True,,snapshots_probe/small/f7/dropout_p0.2/epoch_0026.pt
27.0,f7,dropout_p0.2,0.0,adam,0.2,False,small,0.031219476833939552,0.9,0.501974333662389,0.5,0.7497522299306243,True,,snapshots_probe/small/f7/dropout_p0.2/epoch_0027.pt
28.0,f7,dropout_p0.2,0.0,adam,0.2,False,small,0.06224263459444046,0.9,0.4186410003290556,0.5,0.7492566897918731,True,,snapshots_probe/small/f7/dropout_p0.2/epoch_0028.pt
29.0,f7,dropout_p0.2,0.0,adam,0.2,False,small,0.04944831132888794,0.9,0.501974333662389,0.5,0.7497522299306243,True,,snapshots_probe/small/f7/dropout_p0.2/epoch_0029.pt
30.0,f7,dropout_p0.2,0.0,adam,0.2,False,small,0.06037728488445282,0.9,0.501974333662389,0.5,0.7497522299306243,True,,snapshots_probe/small/f7/dropout_p0.2/epoch_0030.pt
31.0,f7,dropout_p0.2,0.0,adam,0.2,False,small,0.05027389898896217,0.9,0.501974333662389,0.5,0.7497522299306243,True,,snapshots_probe/small/f7/dropout_p0.2/epoch_0031.pt
32.0,f7,dropout_p0.2,0.0,adam,0.2,False,small,0.05501950532197952,0.9,0.501974333662389,0.5,0.7497522299306243,True,,snapshots_probe/small/f7/dropout_p0.2/epoch_0032.pt
33.0,f7,dropout_p0.2,0.0,adam,0.2,False,small,0.05093957111239433,0.9,0.501974333662389,0.5,0.7497522299306243,True,,snapshots_probe/small/f7/dropout_p0.2/epoch_0033.pt
34.0,f7,dropout_p0.2,0.0,adam,0.2,False,small,0.05813394859433174,0.9,0.501974333662389,0.5,0.7497522299306243,True,,snapshots_probe/small/f7/dropout_p0.2/epoch_0034.pt
35.0,f7,dropout_p0.2,0.0,adam,0.2,False,small,0.03137846663594246,0.9,0.501974333662389,0.5,0.7497522299306243,True,,snapshots_probe/small/f7/dropout_p0.2/epoch_0035.pt
36.0,f7,dropout_p0.2,0.0,adam,0.2,False,small,0.05759311094880104,0.9,0.501974333662389,0.5,0.7497522299306243,True,,snapshots_probe/small/f7/dropout_p0.2/epoch_0036.pt
37.0,f7,dropout_p0.2,0.0,adam,0.2,False,small,0.029853863641619682,0.9,0.501974333662389,0.5,0.7497522299306243,True,,snapshots_probe/small/f7/dropout_p0.2/epoch_0037.pt
38.0,f7,dropout_p0.2,0.0,adam,0.2,False,small,0.05224337428808212,0.9,0.501974333662389,0.5,0.7497522299306243,True,,snapshots_probe/small/f7/dropout_p0.2/epoch_0038.pt
39.0,f7,dropout_p0.2,0.0,adam,0.2,False,small,0.042189501225948334,0.9,0.501974333662389,0.5,0.7497522299306243,True,,snapshots_probe/small/f7/dropout_p0.2/epoch_0039.pt
40.0,f7,dropout_p0.2,0.0,adam,0.2,False,small,0.050226278603076935,0.9,0.501974333662389,0.5,0.7497522299306243,True,,snapshots_probe/small/f7/dropout_p0.2/epoch_0040.pt
41.0,f7,dropout_p0.2,0.0,adam,0.2,False,small,0.06628870964050293,0.9,0.501974333662389,0.5,0.7497522299306243,True,,snapshots_probe/small/f7/dropout_p0.2/epoch_0041.pt
42.0,f7,dropout_p0.2,0.0,adam,0.2,False,small,0.04944363981485367,0.9,0.501974333662389,0.5,0.7497522299306243,True,,snapshots_probe/small/f7/dropout_p0.2/epoch_0042.pt
43.0,f7,dropout_p0.2,0.0,adam,0.2,False,small,0.03755425289273262,0.9,0.501974333662389,0.5,0.7497522299306243,True,,snapshots_probe/small/f7/dropout_p0.2/epoch_0043.pt
44.0,f7,dropout_p0.2,0.0,adam,0.2,False,small,0.04783333092927933,0.9,0.501974333662389,0.5,0.7497522299306243,True,,snapshots_probe/small/f7/dropout_p0.2/epoch_0044.pt
45.0,f7,dropout_p0.2,0.0,adam,0.2,False,small,0.038264963775873184,0.9,0.501974333662389,0.5,0.7497522299306243,True,,snapshots_probe/small/f7/dropout_p0.2/epoch_0045.pt
46.0,f7,dropout_p0.2,0.0,adam,0.2,False,small,0.040103670209646225,0.9,0.4186410003290556,0.5,0.7492566897918731,True,,snapshots_probe/small/f7/dropout_p0.2/epoch_0046.pt
47.0,f7,dropout_p0.2,0.0,adam,0.2,False,small,0.06254301965236664,0.9,0.501974333662389,0.5,0.7497522299306243,True,,snapshots_probe/small/f7/dropout_p0.2/epoch_0047.pt
48.0,f7,dropout_p0.2,0.0,adam,0.2,False,small,0.0591043159365654,0.9,0.501974333662389,0.5,0.7497522299306243,True,,snapshots_probe/small/f7/dropout_p0.2/epoch_0048.pt
49.0,f7,dropout_p0.2,0.0,adam,0.2,False,small,0.07078827917575836,0.9,0.501974333662389,0.5,0.7497522299306243,True,,snapshots_probe/small/f7/dropout_p0.2/epoch_0049.pt
50.0,f7,dropout_p0.2,0.0,adam,0.2,False,small,0.03140264004468918,0.9,0.501974333662389,0.5,0.7497522299306243,True,,snapshots_probe/small/f7/dropout_p0.2/epoch_0050.pt
51.0,f7,dropout_p0.2,0.0,adam,0.2,False,small,0.03619212657213211,0.9,0.501974333662389,0.5,0.7497522299306243,True,,snapshots_probe/small/f7/dropout_p0.2/epoch_0051.pt
52.0,f7,dropout_p0.2,0.0,adam,0.2,False,small,0.03613641485571861,0.9,0.501974333662389,0.5,0.7497522299306243,True,,snapshots_probe/small/f7/dropout_p0.2/epoch_0052.pt
53.0,f7,dropout_p0.2,0.0,adam,0.2,False,small,0.0694388598203659,0.9,0.501974333662389,0.5,0.7497522299306243,True,,snapshots_probe/small/f7/dropout_p0.2/epoch_0053.pt
54.0,f7,dropout_p0.2,0.0,adam,0.2,False,small,0.056777551770210266,0.9,0.501974333662389,0.5,0.7497522299306243,True,,snapshots_probe/small/f7/dropout_p0.2/epoch_0054.pt
55.0,f7,dropout_p0.2,0.0,adam,0.2,False,small,0.08579344302415848,0.9,0.501974333662389,0.5,0.7497522299306243,True,,snapshots_probe/small/f7/dropout_p0.2/epoch_0055.pt
56.0,f7,dropout_p0.2,0.0,adam,0.2,False,small,0.10542202740907669,0.9,0.501974333662389,0.5,0.7497522299306243,True,,snapshots_probe/small/f7/dropout_p0.2/epoch_0056.pt
57.0,f7,dropout_p0.2,0.0,adam,0.2,False,small,0.0437634140253067,0.9,0.501974333662389,0.5,0.7497522299306243,True,,snapshots_probe/small/f7/dropout_p0.2/epoch_0057.pt
58.0,f7,dropout_p0.2,0.0,adam,0.2,False,small,0.04033965617418289,0.9,0.501974333662389,0.5,0.7497522299306243,True,,snapshots_probe/small/f7/dropout_p0.2/epoch_0058.pt
59.0,f7,dropout_p0.2,0.0,adam,0.2,False,small,0.04554501920938492,0.9,0.501974333662389,0.5,0.7497522299306243,True,,snapshots_probe/small/f7/dropout_p0.2/epoch_0059.pt
60.0,f7,dropout_p0.2,0.0,adam,0.2,False,small,0.05970184877514839,0.9,0.501974333662389,0.5,0.7497522299306243,True,,snapshots_probe/small/f7/dropout_p0.2/epoch_0060.pt
61.0,f7,dropout_p0.2,0.0,adam,0.2,False,small,0.044689279049634933,0.9,0.501974333662389,0.5,0.7497522299306243,True,,snapshots_probe/small/f7/dropout_p0.2/epoch_0061.pt
62.0,f7,dropout_p0.2,0.0,adam,0.2,False,small,0.07043186575174332,0.9,0.501974333662389,0.5,0.7497522299306243,True,,snapshots_probe/small/f7/dropout_p0.2/epoch_0062.pt
63.0,f7,dropout_p0.2,0.0,adam,0.2,False,small,0.06961188465356827,0.9,0.501974333662389,0.5,0.7497522299306243,True,,snapshots_probe/small/f7/dropout_p0.2/epoch_0063.pt
64.0,f7,dropout_p0.2,0.0,adam,0.2,False,small,0.03344348818063736,0.9,0.501974333662389,0.5,0.7497522299306243,True,,snapshots_probe/small/f7/dropout_p0.2/epoch_0064.pt
65.0,f7,dropout_p0.2,0.0,adam,0.2,False,small,0.03834986686706543,0.9,0.501974333662389,0.5,0.7497522299306243,True,,snapshots_probe/small/f7/dropout_p0.2/epoch_0065.pt
66.0,f7,dropout_p0.2,0.0,adam,0.2,False,small,0.03798171505331993,0.9,0.501974333662389,0.5,0.7497522299306243,True,,snapshots_probe/small/f7/dropout_p0.2/epoch_0066.pt
67.0,f7,dropout_p0.2,0.0,adam,0.2,False,small,0.03839428350329399,0.9,0.501974333662389,0.5,0.7497522299306243,True,,snapshots_probe/small/f7/dropout_p0.2/epoch_0067.pt
68.0,f7,dropout_p0.2,0.0,adam,0.2,False,small,0.04227316007018089,0.9,0.501974333662389,0.5,0.7497522299306243,True,,snapshots_probe/small/f7/dropout_p0.2/epoch_0068.pt
69.0,f7,dropout_p0.2,0.0,adam,0.2,False,small,0.04362131655216217,0.9,0.501974333662389,0.5,0.7497522299306243,True,,snapshots_probe/small/f7/dropout_p0.2/epoch_0069.pt
70.0,f7,dropout_p0.2,0.0,adam,0.2,False,small,0.042410753667354584,0.9,0.501974333662389,0.5,0.7497522299306243,True,,snapshots_probe/small/f7/dropout_p0.2/epoch_0070.pt
71.0,f7,dropout_p0.2,0.0,adam,0.2,False,small,0.03878195583820343,0.9,0.501974333662389,0.5,0.7497522299306243,True,,snapshots_probe/small/f7/dropout_p0.2/epoch_0071.pt
72.0,f7,dropout_p0.2,0.0,adam,0.2,False,small,0.08053992688655853,0.9,0.501974333662389,0.5,0.7497522299306243,True,,snapshots_probe/small/f7/dropout_p0.2/epoch_0072.pt
73.0,f7,dropout_p0.2,0.0,adam,0.2,False,small,0.08075438439846039,0.9,0.501974333662389,0.5,0.7497522299306243,True,,snapshots_probe/small/f7/dropout_p0.2/epoch_0073.pt
74.0,f7,dropout_p0.2,0.0,adam,0.2,False,small,0.06325701624155045,0.9,0.501974333662389,0.5,0.7497522299306243,True,,snapshots_probe/small/f7/dropout_p0.2/epoch_0074.pt
75.0,f7,dropout_p0.2,0.0,adam,0.2,False,small,0.07621939480304718,0.9,0.501974333662389,0.5,0.7497522299306243,True,,snapshots_probe/small/f7/dropout_p0.2/epoch_0075.pt
76.0,f7,dropout_p0.2,0.0,adam,0.2,False,small,0.04486466571688652,0.9,0.501974333662389,0.5,0.7497522299306243,True,,snapshots_probe/small/f7/dropout_p0.2/epoch_0076.pt
77.0,f7,dropout_p0.2,0.0,adam,0.2,False,small,0.03448150306940079,0.9,0.501974333662389,0.5,0.7497522299306243,True,,snapshots_probe/small/f7/dropout_p0.2/epoch_0077.pt
78.0,f7,dropout_p0.2,0.0,adam,0.2,False,small,0.05951600521802902,0.9,0.501974333662389,0.5,0.7497522299306243,True,,snapshots_probe/small/f7/dropout_p0.2/epoch_0078.pt
79.0,f7,dropout_p0.2,0.0,adam,0.2,False,small,0.036644212901592255,0.8500000000000001,0.2529615004935834,0.25,0.6246283448959365,True,,snapshots_probe/small/f7/dropout_p0.2/epoch_0079.pt
80.0,f7,dropout_p0.2,0.0,adam,0.2,False,small,0.04132253676652908,0.9,0.4186410003290556,0.5,0.7492566897918731,True,,snapshots_probe/small/f7/dropout_p0.2/epoch_0080.pt
81.0,f7,dropout_p0.2,0.0,adam,0.2,False,small,0.07089004665613174,0.9,0.501974333662389,0.5,0.7497522299306243,True,,snapshots_probe/small/f7/dropout_p0.2/epoch_0081.pt
82.0,f7,dropout_p0.2,0.0,adam,0.2,False,small,0.05421321094036102,0.9,0.501974333662389,0.5,0.7497522299306243,True,,snapshots_probe/small/f7/dropout_p0.2/epoch_0082.pt
83.0,f7,dropout_p0.2,0.0,adam,0.2,False,small,0.08650319278240204,0.9,0.501974333662389,0.5,0.7497522299306243,True,,snapshots_probe/small/f7/dropout_p0.2/epoch_0083.pt
84.0,f7,dropout_p0.2,0.0,adam,0.2,False,small,0.046808745712041855,0.9,0.501974333662389,0.5,0.7497522299306243,True,,snapshots_probe/small/f7/dropout_p0.2/epoch_0084.pt
85.0,f7,dropout_p0.2,0.0,adam,0.2,False,small,0.03108489327132702,0.9,0.501974333662389,0.5,0.7497522299306243,True,,snapshots_probe/small/f7/dropout_p0.2/epoch_0085.pt
86.0,f7,dropout_p0.2,0.0,adam,0.2,False,small,0.04856819286942482,0.9,0.501974333662389,0.5,0.7497522299306243,True,,snapshots_probe/small/f7/dropout_p0.2/epoch_0086.pt
87.0,f7,dropout_p0.2,0.0,adam,0.2,False,small,0.043175771832466125,0.9,0.501974333662389,0.5,0.7497522299306243,True,,snapshots_probe/small/f7/dropout_p0.2/epoch_0087.pt
88.0,f7,dropout_p0.2,0.0,adam,0.2,False,small,0.03620842471718788,0.9,0.501974333662389,0.5,0.7497522299306243,True,,snapshots_probe/small/f7/dropout_p0.2/epoch_0088.pt
89.0,f7,dropout_p0.2,0.0,adam,0.2,False,small,0.04252428561449051,0.9,0.501974333662389,0.5,0.7497522299306243,True,,snapshots_probe/small/f7/dropout_p0.2/epoch_0089.pt
90.0,f7,dropout_p0.2,0.0,adam,0.2,False,small,0.052508506923913956,0.9,0.501974333662389,0.5,0.7497522299306243,True,,snapshots_probe/small/f7/dropout_p0.2/epoch_0090.pt
91.0,f7,dropout_p0.2,0.0,adam,0.2,False,small,0.04129496589303017,0.9,0.501974333662389,0.5,0.7497522299306243,True,,snapshots_probe/small/f7/dropout_p0.2/epoch_0091.pt
92.0,f7,dropout_p0.2,0.0,adam,0.2,False,small,0.054544854909181595,0.9,0.501974333662389,0.5,0.7497522299306243,True,,snapshots_probe/small/f7/dropout_p0.2/epoch_0092.pt
93.0,f7,dropout_p0.2,0.0,adam,0.2,False,small,0.04821980744600296,0.9,0.501974333662389,0.5,0.7497522299306243,True,,snapshots_probe/small/f7/dropout_p0.2/epoch_0093.pt
94.0,f7,dropout_p0.2,0.0,adam,0.2,False,small,0.04449779912829399,0.9,0.501974333662389,0.5,0.7497522299306243,True,,snapshots_probe/small/f7/dropout_p0.2/epoch_0094.pt
95.0,f7,dropout_p0.2,0.0,adam,0.2,False,small,0.03588240221142769,0.9,0.501974333662389,0.5,0.7497522299306243,True,,snapshots_probe/small/f7/dropout_p0.2/epoch_0095.pt
96.0,f7,dropout_p0.2,0.0,adam,0.2,False,small,0.03553767129778862,0.9,0.501974333662389,0.5,0.7497522299306243,True,,snapshots_probe/small/f7/dropout_p0.2/epoch_0096.pt
97.0,f7,dropout_p0.2,0.0,adam,0.2,False,small,0.04472198337316513,0.9,0.501974333662389,0.5,0.7497522299306243,True,,snapshots_probe/small/f7/dropout_p0.2/epoch_0097.pt
98.0,f7,dropout_p0.2,0.0,adam,0.2,False,small,0.05174994096159935,0.9,0.501974333662389,0.5,0.7497522299306243,True,,snapshots_probe/small/f7/dropout_p0.2/epoch_0098.pt
99.0,f7,dropout_p0.2,0.0,adam,0.2,False,small,0.03305729106068611,0.9,0.501974333662389,0.5,0.7497522299306243,True,,snapshots_probe/small/f7/dropout_p0.2/epoch_0099.pt
100.0,f7,dropout_p0.2,0.0,adam,0.2,False,small,0.0516226552426815,0.9,0.501974333662389,0.5,0.7497522299306243,True,,snapshots_probe/small/f7/dropout_p0.2/epoch_0100.pt
1.0,f7,dropout_p0.3,0.0,adam,0.3,False,small,0.05570761859416962,0.8500000000000001,0.2529615004935834,0.25,0.6246283448959365,True,,snapshots_probe/small/f7/dropout_p0.3/epoch_0001.pt
2.0,f7,dropout_p0.3,0.0,adam,0.3,False,small,0.05801069363951683,0.8500000000000001,0.2529615004935834,0.25,0.6246283448959365,True,,snapshots_probe/small/f7/dropout_p0.3/epoch_0002.pt
3.0,f7,dropout_p0.3,0.0,adam,0.3,False,small,0.056458890438079834,0.8500000000000001,0.2529615004935834,0.25,0.6246283448959365,True,,snapshots_probe/small/f7/dropout_p0.3/epoch_0003.pt
4.0,f7,dropout_p0.3,0.0,adam,0.3,False,small,0.05408458411693573,0.8500000000000001,0.2529615004935834,0.25,0.6242566897918731,True,,snapshots_probe/small/f7/dropout_p0.3/epoch_0004.pt
5.0,f7,dropout_p0.3,0.0,adam,0.3,False,small,0.07269978523254395,0.9,0.501974333662389,0.5,0.7497522299306243,True,,snapshots_probe/small/f7/dropout_p0.3/epoch_0005.pt
6.0,f7,dropout_p0.3,0.0,adam,0.3,False,small,0.07038535177707672,0.9,0.501974333662389,0.5,0.7497522299306243,True,,snapshots_probe/small/f7/dropout_p0.3/epoch_0006.pt
7.0,f7,dropout_p0.3,0.0,adam,0.3,False,small,0.07788944989442825,0.9,0.501974333662389,0.5,0.7497522299306243,True,,snapshots_probe/small/f7/dropout_p0.3/epoch_0007.pt
8.0,f7,dropout_p0.3,0.0,adam,0.3,False,small,0.044620905071496964,0.9,0.4186410003290556,0.5,0.7492566897918731,True,,snapshots_probe/small/f7/dropout_p0.3/epoch_0008.pt
9.0,f7,dropout_p0.3,0.0,adam,0.3,False,small,0.06527765095233917,0.9,0.501974333662389,0.5,0.7497522299306243,True,,snapshots_probe/small/f7/dropout_p0.3/epoch_0009.pt
10.0,f7,dropout_p0.3,0.0,adam,0.3,False,small,0.11193405091762543,0.9,0.501974333662389,0.5,0.7497522299306243,True,,snapshots_probe/small/f7/dropout_p0.3/epoch_0010.pt
11.0,f7,dropout_p0.3,0.0,adam,0.3,False,small,0.05328682065010071,0.9,0.4186410003290556,0.5,0.7492566897918731,True,,snapshots_probe/small/f7/dropout_p0.3/epoch_0011.pt
12.0,f7,dropout_p0.3,0.0,adam,0.3,False,small,0.06425521522760391,0.9,0.501974333662389,0.5,0.7497522299306243,True,,snapshots_probe/small/f7/dropout_p0.3/epoch_0012.pt
13.0,f7,dropout_p0.3,0.0,adam,0.3,False,small,0.07048783451318741,0.9,0.501974333662389,0.5,0.7497522299306243,True,,snapshots_probe/small/f7/dropout_p0.3/epoch_0013.pt
14.0,f7,dropout_p0.3,0.0,adam,0.3,False,small,0.04112820327281952,0.9,0.501974333662389,0.5,0.7497522299306243,True,,snapshots_probe/small/f7/dropout_p0.3/epoch_0014.pt
15.0,f7,dropout_p0.3,0.0,adam,0.3,False,small,0.06812794506549835,0.8500000000000001,0.2529615004935834,0.25,0.6246283448959365,True,,snapshots_probe/small/f7/dropout_p0.3/epoch_0015.pt
16.0,f7,dropout_p0.3,0.0,adam,0.3,False,small,0.04200449958443642,0.8500000000000001,0.2529615004935834,0.25,0.6246283448959365,True,,snapshots_probe/small/f7/dropout_p0.3/epoch_0016.pt
17.0,f7,dropout_p0.3,0.0,adam,0.3,False,small,0.05489358678460121,0.9,0.501974333662389,0.5,0.7497522299306243,True,,snapshots_probe/small/f7/dropout_p0.3/epoch_0017.pt
18.0,f7,dropout_p0.3,0.0,adam,0.3,False,small,0.08245385438203812,0.8500000000000001,0.2529615004935834,0.25,0.6246283448959365,True,,snapshots_probe/small/f7/dropout_p0.3/epoch_0018.pt
19.0,f7,dropout_p0.3,0.0,adam,0.3,False,small,0.04961249604821205,0.9,0.501974333662389,0.5,0.7497522299306243,True,,snapshots_probe/small/f7/dropout_p0.3/epoch_0019.pt
20.0,f7,dropout_p0.3,0.0,adam,0.3,False,small,0.06401029229164124,0.9,0.501974333662389,0.5,0.7497522299306243,True,,snapshots_probe/small/f7/dropout_p0.3/epoch_0020.pt
21.0,f7,dropout_p0.3,0.0,adam,0.3,False,small,0.03759095072746277,0.9,0.501974333662389,0.5,0.7497522299306243,True,,snapshots_probe/small/f7/dropout_p0.3/epoch_0021.pt
22.0,f7,dropout_p0.3,0.0,adam,0.3,False,small,0.038817521184682846,0.9,0.501974333662389,0.5,0.7497522299306243,True,,snapshots_probe/small/f7/dropout_p0.3/epoch_0022.pt
23.0,f7,dropout_p0.3,0.0,adam,0.3,False,small,0.05745479837059975,0.9,0.501974333662389,0.5,0.7497522299306243,True,,snapshots_probe/small/f7/dropout_p0.3/epoch_0023.pt
24.0,f7,dropout_p0.3,0.0,adam,0.3,False,small,0.059358980506658554,0.8500000000000001,0.2529615004935834,0.25,0.6246283448959365,True,,snapshots_probe/small/f7/dropout_p0.3/epoch_0024.pt
25.0,f7,dropout_p0.3,0.0,adam,0.3,False,small,0.08940217643976212,0.8500000000000001,0.2529615004935834,0.25,0.6246283448959365,True,,snapshots_probe/small/f7/dropout_p0.3/epoch_0025.pt
26.0,f7,dropout_p0.3,0.0,adam,0.3,False,small,0.05512947589159012,0.8500000000000001,0.2529615004935834,0.25,0.6246283448959365,True,,snapshots_probe/small/f7/dropout_p0.3/epoch_0026.pt
27.0,f7,dropout_p0.3,0.0,adam,0.3,False,small,0.11498062312602997,0.8500000000000001,0.2529615004935834,0.25,0.6246283448959365,True,,snapshots_probe/small/f7/dropout_p0.3/epoch_0027.pt
28.0,f7,dropout_p0.3,0.0,adam,0.3,False,small,0.07136563956737518,0.9,0.501974333662389,0.5,0.7497522299306243,True,,snapshots_probe/small/f7/dropout_p0.3/epoch_0028.pt
29.0,f7,dropout_p0.3,0.0,adam,0.3,False,small,0.04586762562394142,0.8500000000000001,0.2529615004935834,0.25,0.6246283448959365,True,,snapshots_probe/small/f7/dropout_p0.3/epoch_0029.pt
30.0,f7,dropout_p0.3,0.0,adam,0.3,False,small,0.06326579302549362,0.8500000000000001,0.2529615004935834,0.25,0.6246283448959365,True,,snapshots_probe/small/f7/dropout_p0.3/epoch_0030.pt
31.0,f7,dropout_p0.3,0.0,adam,0.3,False,small,0.10953401774168015,0.8500000000000001,0.2529615004935834,0.25,0.6246283448959365,True,,snapshots_probe/small/f7/dropout_p0.3/epoch_0031.pt
32.0,f7,dropout_p0.3,0.0,adam,0.3,False,small,0.06922931224107742,0.9,0.501974333662389,0.5,0.7497522299306243,True,,snapshots_probe/small/f7/dropout_p0.3/epoch_0032.pt
33.0,f7,dropout_p0.3,0.0,adam,0.3,False,small,0.04148315265774727,0.9,0.501974333662389,0.5,0.7497522299306243,True,,snapshots_probe/small/f7/dropout_p0.3/epoch_0033.pt
34.0,f7,dropout_p0.3,0.0,adam,0.3,False,small,0.049792271107435226,0.9,0.501974333662389,0.5,0.7497522299306243,True,,snapshots_probe/small/f7/dropout_p0.3/epoch_0034.pt
35.0,f7,dropout_p0.3,0.0,adam,0.3,False,small,0.0507202185690403,0.9,0.501974333662389,0.5,0.7497522299306243,True,,snapshots_probe/small/f7/dropout_p0.3/epoch_0035.pt
36.0,f7,dropout_p0.3,0.0,adam,0.3,False,small,0.05180064216256142,0.9,0.501974333662389,0.5,0.7497522299306243,True,,snapshots_probe/small/f7/dropout_p0.3/epoch_0036.pt
37.0,f7,dropout_p0.3,0.0,adam,0.3,False,small,0.05007598176598549,0.8500000000000001,0.2529615004935834,0.25,0.6246283448959365,True,,snapshots_probe/small/f7/dropout_p0.3/epoch_0037.pt
38.0,f7,dropout_p0.3,0.0,adam,0.3,False,small,0.10497604310512543,0.9,0.501974333662389,0.5,0.7497522299306243,True,,snapshots_probe/small/f7/dropout_p0.3/epoch_0038.pt
39.0,f7,dropout_p0.3,0.0,adam,0.3,False,small,0.08707185834646225,0.9,0.501974333662389,0.5,0.7497522299306243,True,,snapshots_probe/small/f7/dropout_p0.3/epoch_0039.pt
40.0,f7,dropout_p0.3,0.0,adam,0.3,False,small,0.09508934617042542,0.9,0.501974333662389,0.5,0.7497522299306243,True,,snapshots_probe/small/f7/dropout_p0.3/epoch_0040.pt
41.0,f7,dropout_p0.3,0.0,adam,0.3,False,small,0.05200856924057007,0.9,0.501974333662389,0.5,0.7497522299306243,True,,snapshots_probe/small/f7/dropout_p0.3/epoch_0041.pt
42.0,f7,dropout_p0.3,0.0,adam,0.3,False,small,0.07259399443864822,0.9,0.501974333662389,0.5,0.7497522299306243,True,,snapshots_probe/small/f7/dropout_p0.3/epoch_0042.pt
43.0,f7,dropout_p0.3,0.0,adam,0.3,False,small,0.06662291288375854,0.9,0.501974333662389,0.5,0.7497522299306243,True,,snapshots_probe/small/f7/dropout_p0.3/epoch_0043.pt
44.0,f7,dropout_p0.3,0.0,adam,0.3,False,small,0.058512575924396515,0.9,0.501974333662389,0.5,0.7497522299306243,True,,snapshots_probe/small/f7/dropout_p0.3/epoch_0044.pt
45.0,f7,dropout_p0.3,0.0,adam,0.3,False,small,0.0513451062142849,0.8500000000000001,0.2529615004935834,0.25,0.6246283448959365,True,,snapshots_probe/small/f7/dropout_p0.3/epoch_0045.pt
46.0,f7,dropout_p0.3,0.0,adam,0.3,False,small,0.058701224625110626,0.9,0.501974333662389,0.5,0.7497522299306243,True,,snapshots_probe/small/f7/dropout_p0.3/epoch_0046.pt
47.0,f7,dropout_p0.3,0.0,adam,0.3,False,small,0.04886755719780922,0.9,0.501974333662389,0.5,0.7497522299306243,True,,snapshots_probe/small/f7/dropout_p0.3/epoch_0047.pt
48.0,f7,dropout_p0.3,0.0,adam,0.3,False,small,0.05800975486636162,0.9,0.501974333662389,0.5,0.7497522299306243,True,,snapshots_probe/small/f7/dropout_p0.3/epoch_0048.pt
49.0,f7,dropout_p0.3,0.0,adam,0.3,False,small,0.06713280826807022,0.8500000000000001,0.2529615004935834,0.25,0.6246283448959365,True,,snapshots_probe/small/f7/dropout_p0.3/epoch_0049.pt
50.0,f7,dropout_p0.3,0.0,adam,0.3,False,small,0.05242399126291275,0.8500000000000001,0.2529615004935834,0.25,0.6246283448959365,True,,snapshots_probe/small/f7/dropout_p0.3/epoch_0050.pt
51.0,f7,dropout_p0.3,0.0,adam,0.3,False,small,0.05724897235631943,0.8500000000000001,0.2529615004935834,0.25,0.6246283448959365,True,,snapshots_probe/small/f7/dropout_p0.3/epoch_0051.pt
52.0,f7,dropout_p0.3,0.0,adam,0.3,False,small,0.06338247656822205,0.8500000000000001,0.2529615004935834,0.25,0.6246283448959365,True,,snapshots_probe/small/f7/dropout_p0.3/epoch_0052.pt
53.0,f7,dropout_p0.3,0.0,adam,0.3,False,small,0.1260550171136856,0.9,0.501974333662389,0.5,0.7497522299306243,True,,snapshots_probe/small/f7/dropout_p0.3/epoch_0053.pt
54.0,f7,dropout_p0.3,0.0,adam,0.3,False,small,0.06530331820249557,0.9,0.501974333662389,0.5,0.7497522299306243,True,,snapshots_probe/small/f7/dropout_p0.3/epoch_0054.pt
55.0,f7,dropout_p0.3,0.0,adam,0.3,False,small,0.06181313097476959,0.9,0.501974333662389,0.5,0.7497522299306243,True,,snapshots_probe/small/f7/dropout_p0.3/epoch_0055.pt
56.0,f7,dropout_p0.3,0.0,adam,0.3,False,small,0.06184855476021767,0.9,0.501974333662389,0.5,0.7497522299306243,True,,snapshots_probe/small/f7/dropout_p0.3/epoch_0056.pt
57.0,f7,dropout_p0.3,0.0,adam,0.3,False,small,0.050256095826625824,0.8500000000000001,0.2529615004935834,0.25,0.6246283448959365,True,,snapshots_probe/small/f7/dropout_p0.3/epoch_0057.pt
58.0,f7,dropout_p0.3,0.0,adam,0.3,False,small,0.09475085139274597,0.8500000000000001,0.2529615004935834,0.25,0.6246283448959365,True,,snapshots_probe/small/f7/dropout_p0.3/epoch_0058.pt
59.0,f7,dropout_p0.3,0.0,adam,0.3,False,small,0.07750227302312851,0.9,0.501974333662389,0.5,0.7497522299306243,True,,snapshots_probe/small/f7/dropout_p0.3/epoch_0059.pt
60.0,f7,dropout_p0.3,0.0,adam,0.3,False,small,0.0622195266187191,0.9,0.501974333662389,0.5,0.7497522299306243,True,,snapshots_probe/small/f7/dropout_p0.3/epoch_0060.pt
61.0,f7,dropout_p0.3,0.0,adam,0.3,False,small,0.06354150921106339,0.9,0.501974333662389,0.5,0.7497522299306243,True,,snapshots_probe/small/f7/dropout_p0.3/epoch_0061.pt
62.0,f7,dropout_p0.3,0.0,adam,0.3,False,small,0.044876083731651306,0.9,0.501974333662389,0.5,0.7497522299306243,True,,snapshots_probe/small/f7/dropout_p0.3/epoch_0062.pt
63.0,f7,dropout_p0.3,0.0,adam,0.3,False,small,0.04316524788737297,0.9,0.501974333662389,0.5,0.7497522299306243,True,,snapshots_probe/small/f7/dropout_p0.3/epoch_0063.pt
64.0,f7,dropout_p0.3,0.0,adam,0.3,False,small,0.09417954832315445,0.9,0.501974333662389,0.5,0.7497522299306243,True,,snapshots_probe/small/f7/dropout_p0.3/epoch_0064.pt
65.0,f7,dropout_p0.3,0.0,adam,0.3,False,small,0.04403618723154068,0.9,0.501974333662389,0.5,0.7497522299306243,True,,snapshots_probe/small/f7/dropout_p0.3/epoch_0065.pt
66.0,f7,dropout_p0.3,0.0,adam,0.3,False,small,0.07033456861972809,0.9,0.501974333662389,0.5,0.7497522299306243,True,,snapshots_probe/small/f7/dropout_p0.3/epoch_0066.pt
67.0,f7,dropout_p0.3,0.0,adam,0.3,False,small,0.048179902136325836,0.8500000000000001,0.2529615004935834,0.25,0.6246283448959365,True,,snapshots_probe/small/f7/dropout_p0.3/epoch_0067.pt
68.0,f7,dropout_p0.3,0.0,adam,0.3,False,small,0.03878924623131752,0.8500000000000001,0.2529615004935834,0.25,0.6246283448959365,True,,snapshots_probe/small/f7/dropout_p0.3/epoch_0068.pt
69.0,f7,dropout_p0.3,0.0,adam,0.3,False,small,0.0510176345705986,0.9,0.501974333662389,0.5,0.7497522299306243,True,,snapshots_probe/small/f7/dropout_p0.3/epoch_0069.pt
70.0,f7,dropout_p0.3,0.0,adam,0.3,False,small,0.04367229342460632,0.9,0.501974333662389,0.5,0.7497522299306243,True,,snapshots_probe/small/f7/dropout_p0.3/epoch_0070.pt
71.0,f7,dropout_p0.3,0.0,adam,0.3,False,small,0.058621518313884735,0.8500000000000001,0.2529615004935834,0.25,0.6246283448959365,True,,snapshots_probe/small/f7/dropout_p0.3/epoch_0071.pt
72.0,f7,dropout_p0.3,0.0,adam,0.3,False,small,0.06441352516412735,0.8500000000000001,0.2529615004935834,0.25,0.6246283448959365,True,,snapshots_probe/small/f7/dropout_p0.3/epoch_0072.pt
73.0,f7,dropout_p0.3,0.0,adam,0.3,False,small,0.06298910081386566,0.8500000000000001,0.2529615004935834,0.25,0.6246283448959365,True,,snapshots_probe/small/f7/dropout_p0.3/epoch_0073.pt
74.0,f7,dropout_p0.3,0.0,adam,0.3,False,small,0.1603052020072937,0.8500000000000001,0.2529615004935834,0.25,0.6246283448959365,True,,snapshots_probe/small/f7/dropout_p0.3/epoch_0074.pt
75.0,f7,dropout_p0.3,0.0,adam,0.3,False,small,0.04866018518805504,0.9,0.501974333662389,0.5,0.7497522299306243,True,,snapshots_probe/small/f7/dropout_p0.3/epoch_0075.pt
76.0,f7,dropout_p0.3,0.0,adam,0.3,False,small,0.04263131693005562,0.9,0.501974333662389,0.5,0.7497522299306243,True,,snapshots_probe/small/f7/dropout_p0.3/epoch_0076.pt
77.0,f7,dropout_p0.3,0.0,adam,0.3,False,small,0.07783260941505432,0.8500000000000001,0.2529615004935834,0.25,0.6246283448959365,True,,snapshots_probe/small/f7/dropout_p0.3/epoch_0077.pt
78.0,f7,dropout_p0.3,0.0,adam,0.3,False,small,0.11542107164859772,0.9,0.501974333662389,0.5,0.7497522299306243,True,,snapshots_probe/small/f7/dropout_p0.3/epoch_0078.pt
79.0,f7,dropout_p0.3,0.0,adam,0.3,False,small,0.036581505089998245,0.9,0.501974333662389,0.5,0.7497522299306243,True,,snapshots_probe/small/f7/dropout_p0.3/epoch_0079.pt
80.0,f7,dropout_p0.3,0.0,adam,0.3,False,small,0.18277868628501892,0.9,0.501974333662389,0.5,0.7497522299306243,True,,snapshots_probe/small/f7/dropout_p0.3/epoch_0080.pt
81.0,f7,dropout_p0.3,0.0,adam,0.3,False,small,0.03823778033256531,0.8500000000000001,0.2529615004935834,0.25,0.6246283448959365,True,,snapshots_probe/small/f7/dropout_p0.3/epoch_0081.pt
82.0,f7,dropout_p0.3,0.0,adam,0.3,False,small,0.052705489099025726,0.9,0.501974333662389,0.5,0.7497522299306243,True,,snapshots_probe/small/f7/dropout_p0.3/epoch_0082.pt
83.0,f7,dropout_p0.3,0.0,adam,0.3,False,small,0.051283400505781174,0.8500000000000001,0.2529615004935834,0.25,0.6246283448959365,True,,snapshots_probe/small/f7/dropout_p0.3/epoch_0083.pt
84.0,f7,dropout_p0.3,0.0,adam,0.3,False,small,0.06332818418741226,0.8500000000000001,0.2529615004935834,0.25,0.6246283448959365,True,,snapshots_probe/small/f7/dropout_p0.3/epoch_0084.pt
85.0,f7,dropout_p0.3,0.0,adam,0.3,False,small,0.04361966997385025,0.9,0.501974333662389,0.5,0.7497522299306243,True,,snapshots_probe/small/f7/dropout_p0.3/epoch_0085.pt
86.0,f7,dropout_p0.3,0.0,adam,0.3,False,small,0.0641084611415863,0.9,0.501974333662389,0.5,0.7497522299306243,True,,snapshots_probe/small/f7/dropout_p0.3/epoch_0086.pt
87.0,f7,dropout_p0.3,0.0,adam,0.3,False,small,0.046471115201711655,0.9,0.501974333662389,0.5,0.7497522299306243,True,,snapshots_probe/small/f7/dropout_p0.3/epoch_0087.pt
88.0,f7,dropout_p0.3,0.0,adam,0.3,False,small,0.04678932577371597,0.8500000000000001,0.2529615004935834,0.25,0.6246283448959365,True,,snapshots_probe/small/f7/dropout_p0.3/epoch_0088.pt
89.0,f7,dropout_p0.3,0.0,adam,0.3,False,small,0.09167340397834778,0.8500000000000001,0.2529615004935834,0.25,0.6246283448959365,True,,snapshots_probe/small/f7/dropout_p0.3/epoch_0089.pt
90.0,f7,dropout_p0.3,0.0,adam,0.3,False,small,0.05688614398241043,0.9,0.501974333662389,0.5,0.7497522299306243,True,,snapshots_probe/small/f7/dropout_p0.3/epoch_0090.pt
91.0,f7,dropout_p0.3,0.0,adam,0.3,False,small,0.038901276886463165,0.9,0.501974333662389,0.5,0.7497522299306243,True,,snapshots_probe/small/f7/dropout_p0.3/epoch_0091.pt
92.0,f7,dropout_p0.3,0.0,adam,0.3,False,small,0.05202874913811684,0.9,0.501974333662389,0.5,0.7497522299306243,True,,snapshots_probe/small/f7/dropout_p0.3/epoch_0092.pt
93.0,f7,dropout_p0.3,0.0,adam,0.3,False,small,0.05059448257088661,0.8500000000000001,0.2529615004935834,0.25,0.6246283448959365,True,,snapshots_probe/small/f7/dropout_p0.3/epoch_0093.pt
94.0,f7,dropout_p0.3,0.0,adam,0.3,False,small,0.06516634672880173,0.8500000000000001,0.2529615004935834,0.25,0.6246283448959365,True,,snapshots_probe/small/f7/dropout_p0.3/epoch_0094.pt
95.0,f7,dropout_p0.3,0.0,adam,0.3,False,small,0.09517767280340195,0.8500000000000001,0.2529615004935834,0.25,0.6246283448959365,True,,snapshots_probe/small/f7/dropout_p0.3/epoch_0095.pt
96.0,f7,dropout_p0.3,0.0,adam,0.3,False,small,0.0777270644903183,0.8500000000000001,0.2529615004935834,0.25,0.6246283448959365,True,,snapshots_probe/small/f7/dropout_p0.3/epoch_0096.pt
97.0,f7,dropout_p0.3,0.0,adam,0.3,False,small,0.07612315565347672,0.8500000000000001,0.2529615004935834,0.25,0.6246283448959365,True,,snapshots_probe/small/f7/dropout_p0.3/epoch_0097.pt
98.0,f7,dropout_p0.3,0.0,adam,0.3,False,small,0.055609267204999924,0.8500000000000001,0.2529615004935834,0.25,0.6246283448959365,True,,snapshots_probe/small/f7/dropout_p0.3/epoch_0098.pt
99.0,f7,dropout_p0.3,0.0,adam,0.3,False,small,0.0689530149102211,0.9,0.501974333662389,0.5,0.7497522299306243,True,,snapshots_probe/small/f7/dropout_p0.3/epoch_0099.pt
100.0,f7,dropout_p0.3,0.0,adam,0.3,False,small,0.07708562910556793,0.8500000000000001,0.2529615004935834,0.25,0.6246283448959365,True,,snapshots_probe/small/f7/dropout_p0.3/epoch_0100.pt
1.0,f7,dropout_p0.5,0.0,adam,0.5,False,small,0.10398028790950775,0.8500000000000001,0.2529615004935834,0.25,0.6246283448959365,True,,snapshots_probe/small/f7/dropout_p0.5/epoch_0001.pt
2.0,f7,dropout_p0.5,0.0,adam,0.5,False,small,0.0908810943365097,0.8500000000000001,0.2529615004935834,0.25,0.6246283448959365,True,,snapshots_probe/small/f7/dropout_p0.5/epoch_0002.pt
3.0,f7,dropout_p0.5,0.0,adam,0.5,False,small,0.07590609043836594,0.8500000000000001,0.2529615004935834,0.25,0.6246283448959365,True,,snapshots_probe/small/f7/dropout_p0.5/epoch_0003.pt
4.0,f7,dropout_p0.5,0.0,adam,0.5,False,small,0.08390829712152481,0.8500000000000001,0.2529615004935834,0.25,0.6246283448959365,True,,snapshots_probe/small/f7/dropout_p0.5/epoch_0004.pt
5.0,f7,dropout_p0.5,0.0,adam,0.5,False,small,0.09438303858041763,0.8500000000000001,0.2529615004935834,0.25,0.6246283448959365,True,,snapshots_probe/small/f7/dropout_p0.5/epoch_0005.pt
6.0,f7,dropout_p0.5,0.0,adam,0.5,False,small,0.08804120123386383,0.8500000000000001,0.2529615004935834,0.25,0.6246283448959365,True,,snapshots_probe/small/f7/dropout_p0.5/epoch_0006.pt
7.0,f7,dropout_p0.5,0.0,adam,0.5,False,small,0.12589117884635925,0.8500000000000001,0.2529615004935834,0.25,0.6246283448959365,True,,snapshots_probe/small/f7/dropout_p0.5/epoch_0007.pt
8.0,f7,dropout_p0.5,0.0,adam,0.5,False,small,0.09815479815006256,0.8500000000000001,0.2529615004935834,0.25,0.6246283448959365,True,,snapshots_probe/small/f7/dropout_p0.5/epoch_0008.pt
9.0,f7,dropout_p0.5,0.0,adam,0.5,False,small,0.12081757932901382,0.8500000000000001,0.2529615004935834,0.25,0.6246283448959365,True,,snapshots_probe/small/f7/dropout_p0.5/epoch_0009.pt
10.0,f7,dropout_p0.5,0.0,adam,0.5,False,small,0.13225896656513214,0.8500000000000001,0.2529615004935834,0.25,0.6246283448959365,True,,snapshots_probe/small/f7/dropout_p0.5/epoch_0010.pt
11.0,f7,dropout_p0.5,0.0,adam,0.5,False,small,0.0691375806927681,0.8500000000000001,0.2529615004935834,0.25,0.6246283448959365,True,,snapshots_probe/small/f7/dropout_p0.5/epoch_0011.pt
12.0,f7,dropout_p0.5,0.0,adam,0.5,False,small,0.0870877057313919,0.8500000000000001,0.2529615004935834,0.25,0.6246283448959365,True,,snapshots_probe/small/f7/dropout_p0.5/epoch_0012.pt
13.0,f7,dropout_p0.5,0.0,adam,0.5,False,small,0.13124872744083405,0.8500000000000001,0.2529615004935834,0.25,0.6246283448959365,True,,snapshots_probe/small/f7/dropout_p0.5/epoch_0013.pt
14.0,f7,dropout_p0.5,0.0,adam,0.5,False,small,0.14230741560459137,0.8500000000000001,0.2529615004935834,0.25,0.6246283448959365,True,,snapshots_probe/small/f7/dropout_p0.5/epoch_0014.pt
15.0,f7,dropout_p0.5,0.0,adam,0.5,False,small,0.1238449290394783,0.8500000000000001,0.2529615004935834,0.25,0.6246283448959365,True,,snapshots_probe/small/f7/dropout_p0.5/epoch_0015.pt
16.0,f7,dropout_p0.5,0.0,adam,0.5,False,small,0.09574777632951736,0.8500000000000001,0.2529615004935834,0.25,0.6242566897918731,True,,snapshots_probe/small/f7/dropout_p0.5/epoch_0016.pt
17.0,f7,dropout_p0.5,0.0,adam,0.5,False,small,0.07639099657535553,0.8500000000000001,0.2529615004935834,0.25,0.6246283448959365,True,,snapshots_probe/small/f7/dropout_p0.5/epoch_0017.pt
18.0,f7,dropout_p0.5,0.0,adam,0.5,False,small,0.13115699589252472,0.8500000000000001,0.2529615004935834,0.25,0.6246283448959365,True,,snapshots_probe/small/f7/dropout_p0.5/epoch_0018.pt
19.0,f7,dropout_p0.5,0.0,adam,0.5,False,small,0.19853629171848297,0.8500000000000001,0.2529615004935834,0.25,0.6246283448959365,True,,snapshots_probe/small/f7/dropout_p0.5/epoch_0019.pt
20.0,f7,dropout_p0.5,0.0,adam,0.5,False,small,0.13892190158367157,0.8500000000000001,0.2529615004935834,0.25,0.6246283448959365,True,,snapshots_probe/small/f7/dropout_p0.5/epoch_0020.pt
21.0,f7,dropout_p0.5,0.0,adam,0.5,False,small,0.0718916729092598,0.8500000000000001,0.2529615004935834,0.25,0.6246283448959365,True,,snapshots_probe/small/f7/dropout_p0.5/epoch_0021.pt
22.0,f7,dropout_p0.5,0.0,adam,0.5,False,small,0.07644721120595932,0.8500000000000001,0.2529615004935834,0.25,0.6246283448959365,True,,snapshots_probe/small/f7/dropout_p0.5/epoch_0022.pt
23.0,f7,dropout_p0.5,0.0,adam,0.5,False,small,0.13729454576969147,0.8500000000000001,0.2529615004935834,0.25,0.6246283448959365,True,,snapshots_probe/small/f7/dropout_p0.5/epoch_0023.pt
24.0,f7,dropout_p0.5,0.0,adam,0.5,False,small,0.11848239600658417,0.9,0.501974333662389,0.5,0.7497522299306243,True,,snapshots_probe/small/f7/dropout_p0.5/epoch_0024.pt
25.0,f7,dropout_p0.5,0.0,adam,0.5,False,small,0.0950651541352272,0.8500000000000001,0.2529615004935834,0.25,0.6246283448959365,True,,snapshots_probe/small/f7/dropout_p0.5/epoch_0025.pt
26.0,f7,dropout_p0.5,0.0,adam,0.5,False,small,0.06980069726705551,0.8500000000000001,0.2529615004935834,0.25,0.6246283448959365,True,,snapshots_probe/small/f7/dropout_p0.5/epoch_0026.pt
27.0,f7,dropout_p0.5,0.0,adam,0.5,False,small,0.1088620275259018,0.8500000000000001,0.2529615004935834,0.25,0.6246283448959365,True,,snapshots_probe/small/f7/dropout_p0.5/epoch_0027.pt
28.0,f7,dropout_p0.5,0.0,adam,0.5,False,small,0.11825328320264816,0.8500000000000001,0.2529615004935834,0.25,0.6246283448959365,True,,snapshots_probe/small/f7/dropout_p0.5/epoch_0028.pt
29.0,f7,dropout_p0.5,0.0,adam,0.5,False,small,0.1913880705833435,0.8500000000000001,0.2529615004935834,0.25,0.6246283448959365,True,,snapshots_probe/small/f7/dropout_p0.5/epoch_0029.pt
30.0,f7,dropout_p0.5,0.0,adam,0.5,False,small,0.09397780895233154,0.8500000000000001,0.2529615004935834,0.25,0.6246283448959365,True,,snapshots_probe/small/f7/dropout_p0.5/epoch_0030.pt
31.0,f7,dropout_p0.5,0.0,adam,0.5,False,small,0.18937817215919495,0.8500000000000001,0.2529615004935834,0.25,0.6246283448959365,True,,snapshots_probe/small/f7/dropout_p0.5/epoch_0031.pt
32.0,f7,dropout_p0.5,0.0,adam,0.5,False,small,0.21422775089740753,0.8500000000000001,0.2529615004935834,0.25,0.6246283448959365,True,,snapshots_probe/small/f7/dropout_p0.5/epoch_0032.pt
33.0,f7,dropout_p0.5,0.0,adam,0.5,False,small,0.10519648343324661,0.8500000000000001,0.2529615004935834,0.25,0.6246283448959365,True,,snapshots_probe/small/f7/dropout_p0.5/epoch_0033.pt
34.0,f7,dropout_p0.5,0.0,adam,0.5,False,small,0.16448906064033508,0.8500000000000001,0.2529615004935834,0.25,0.6246283448959365,True,,snapshots_probe/small/f7/dropout_p0.5/epoch_0034.pt
35.0,f7,dropout_p0.5,0.0,adam,0.5,False,small,0.10214856266975403,0.8500000000000001,0.2529615004935834,0.25,0.6246283448959365,True,,snapshots_probe/small/f7/dropout_p0.5/epoch_0035.pt
36.0,f7,dropout_p0.5,0.0,adam,0.5,False,small,0.19848503172397614,0.8500000000000001,0.2529615004935834,0.25,0.6246283448959365,True,,snapshots_probe/small/f7/dropout_p0.5/epoch_0036.pt
37.0,f7,dropout_p0.5,0.0,adam,0.5,False,small,0.08320488035678864,0.8500000000000001,0.2529615004935834,0.25,0.6246283448959365,True,,snapshots_probe/small/f7/dropout_p0.5/epoch_0037.pt
38.0,f7,dropout_p0.5,0.0,adam,0.5,False,small,0.2584529519081116,0.8500000000000001,0.2529615004935834,0.25,0.6246283448959365,True,,snapshots_probe/small/f7/dropout_p0.5/epoch_0038.pt
39.0,f7,dropout_p0.5,0.0,adam,0.5,False,small,0.10694646835327148,0.8500000000000001,0.2529615004935834,0.25,0.6246283448959365,True,,snapshots_probe/small/f7/dropout_p0.5/epoch_0039.pt
40.0,f7,dropout_p0.5,0.0,adam,0.5,False,small,0.13991199433803558,0.8500000000000001,0.2529615004935834,0.25,0.6242566897918731,True,,snapshots_probe/small/f7/dropout_p0.5/epoch_0040.pt
41.0,f7,dropout_p0.5,0.0,adam,0.5,False,small,0.10458168387413025,0.8500000000000001,0.2529615004935834,0.25,0.6246283448959365,True,,snapshots_probe/small/f7/dropout_p0.5/epoch_0041.pt
42.0,f7,dropout_p0.5,0.0,adam,0.5,False,small,0.09608142822980881,0.8500000000000001,0.2529615004935834,0.25,0.6246283448959365,True,,snapshots_probe/small/f7/dropout_p0.5/epoch_0042.pt
43.0,f7,dropout_p0.5,0.0,adam,0.5,False,small,0.1032559722661972,0.8500000000000001,0.2529615004935834,0.25,0.6246283448959365,True,,snapshots_probe/small/f7/dropout_p0.5/epoch_0043.pt
44.0,f7,dropout_p0.5,0.0,adam,0.5,False,small,0.24546495079994202,0.8500000000000001,0.2529615004935834,0.25,0.6246283448959365,True,,snapshots_probe/small/f7/dropout_p0.5/epoch_0044.pt
45.0,f7,dropout_p0.5,0.0,adam,0.5,False,small,0.09125782549381256,0.8500000000000001,0.2529615004935834,0.25,0.6246283448959365,True,,snapshots_probe/small/f7/dropout_p0.5/epoch_0045.pt
46.0,f7,dropout_p0.5,0.0,adam,0.5,False,small,0.09376310557126999,0.8500000000000001,0.2529615004935834,0.25,0.6246283448959365,True,,snapshots_probe/small/f7/dropout_p0.5/epoch_0046.pt
47.0,f7,dropout_p0.5,0.0,adam,0.5,False,small,0.33809494972229004,0.8500000000000001,0.2529615004935834,0.25,0.6246283448959365,True,,snapshots_probe/small/f7/dropout_p0.5/epoch_0047.pt
48.0,f7,dropout_p0.5,0.0,adam,0.5,False,small,0.18326085805892944,0.8500000000000001,0.2529615004935834,0.25,0.6246283448959365,True,,snapshots_probe/small/f7/dropout_p0.5/epoch_0048.pt
49.0,f7,dropout_p0.5,0.0,adam,0.5,False,small,0.20479409396648407,0.8500000000000001,0.2529615004935834,0.25,0.6246283448959365,True,,snapshots_probe/small/f7/dropout_p0.5/epoch_0049.pt
50.0,f7,dropout_p0.5,0.0,adam,0.5,False,small,0.17621105909347534,0.8500000000000001,0.2529615004935834,0.25,0.6246283448959365,True,,snapshots_probe/small/f7/dropout_p0.5/epoch_0050.pt
51.0,f7,dropout_p0.5,0.0,adam,0.5,False,small,0.16779698431491852,0.8500000000000001,0.2529615004935834,0.25,0.6246283448959365,True,,snapshots_probe/small/f7/dropout_p0.5/epoch_0051.pt
52.0,f7,dropout_p0.5,0.0,adam,0.5,False,small,0.12244508415460587,0.8500000000000001,0.2529615004935834,0.25,0.6246283448959365,True,,snapshots_probe/small/f7/dropout_p0.5/epoch_0052.pt
53.0,f7,dropout_p0.5,0.0,adam,0.5,False,small,0.20024028420448303,0.8500000000000001,0.2529615004935834,0.25,0.6246283448959365,True,,snapshots_probe/small/f7/dropout_p0.5/epoch_0053.pt
54.0,f7,dropout_p0.5,0.0,adam,0.5,False,small,0.08937210589647293,0.8500000000000001,0.2529615004935834,0.25,0.6246283448959365,True,,snapshots_probe/small/f7/dropout_p0.5/epoch_0054.pt
55.0,f7,dropout_p0.5,0.0,adam,0.5,False,small,0.14657984673976898,0.8500000000000001,0.2529615004935834,0.25,0.6246283448959365,True,,snapshots_probe/small/f7/dropout_p0.5/epoch_0055.pt
56.0,f7,dropout_p0.5,0.0,adam,0.5,False,small,0.1404689997434616,0.8500000000000001,0.2529615004935834,0.25,0.6246283448959365,True,,snapshots_probe/small/f7/dropout_p0.5/epoch_0056.pt
57.0,f7,dropout_p0.5,0.0,adam,0.5,False,small,0.293164998292923,0.8500000000000001,0.2529615004935834,0.25,0.6246283448959365,True,,snapshots_probe/small/f7/dropout_p0.5/epoch_0057.pt
58.0,f7,dropout_p0.5,0.0,adam,0.5,False,small,0.09671664983034134,0.8500000000000001,0.2529615004935834,0.25,0.6246283448959365,True,,snapshots_probe/small/f7/dropout_p0.5/epoch_0058.pt
59.0,f7,dropout_p0.5,0.0,adam,0.5,False,small,0.1479368954896927,0.8500000000000001,0.2529615004935834,0.25,0.6246283448959365,True,,snapshots_probe/small/f7/dropout_p0.5/epoch_0059.pt
60.0,f7,dropout_p0.5,0.0,adam,0.5,False,small,0.08856820315122604,0.8500000000000001,0.2529615004935834,0.25,0.6246283448959365,True,,snapshots_probe/small/f7/dropout_p0.5/epoch_0060.pt
61.0,f7,dropout_p0.5,0.0,adam,0.5,False,small,0.10785134136676788,0.8500000000000001,0.2529615004935834,0.25,0.6246283448959365,True,,snapshots_probe/small/f7/dropout_p0.5/epoch_0061.pt
62.0,f7,dropout_p0.5,0.0,adam,0.5,False,small,0.1669756919145584,0.8500000000000001,0.2529615004935834,0.25,0.6246283448959365,True,,snapshots_probe/small/f7/dropout_p0.5/epoch_0062.pt
63.0,f7,dropout_p0.5,0.0,adam,0.5,False,small,0.11688380688428879,0.8500000000000001,0.2529615004935834,0.25,0.6246283448959365,True,,snapshots_probe/small/f7/dropout_p0.5/epoch_0063.pt
64.0,f7,dropout_p0.5,0.0,adam,0.5,False,small,0.07225225120782852,0.8500000000000001,0.2529615004935834,0.25,0.6246283448959365,True,,snapshots_probe/small/f7/dropout_p0.5/epoch_0064.pt
65.0,f7,dropout_p0.5,0.0,adam,0.5,False,small,0.08014429360628128,0.8500000000000001,0.2529615004935834,0.25,0.6246283448959365,True,,snapshots_probe/small/f7/dropout_p0.5/epoch_0065.pt
66.0,f7,dropout_p0.5,0.0,adam,0.5,False,small,0.17110858857631683,0.8500000000000001,0.2529615004935834,0.25,0.6246283448959365,True,,snapshots_probe/small/f7/dropout_p0.5/epoch_0066.pt
67.0,f7,dropout_p0.5,0.0,adam,0.5,False,small,0.09633691608905792,0.8500000000000001,0.2529615004935834,0.25,0.6246283448959365,True,,snapshots_probe/small/f7/dropout_p0.5/epoch_0067.pt
68.0,f7,dropout_p0.5,0.0,adam,0.5,False,small,0.15992407500743866,0.8500000000000001,0.2529615004935834,0.25,0.6246283448959365,True,,snapshots_probe/small/f7/dropout_p0.5/epoch_0068.pt
69.0,f7,dropout_p0.5,0.0,adam,0.5,False,small,0.10325033962726593,0.8500000000000001,0.2529615004935834,0.25,0.6246283448959365,True,,snapshots_probe/small/f7/dropout_p0.5/epoch_0069.pt
70.0,f7,dropout_p0.5,0.0,adam,0.5,False,small,0.1534280925989151,0.8500000000000001,0.2529615004935834,0.25,0.6246283448959365,True,,snapshots_probe/small/f7/dropout_p0.5/epoch_0070.pt
71.0,f7,dropout_p0.5,0.0,adam,0.5,False,small,0.06433837115764618,0.8500000000000001,0.2529615004935834,0.25,0.6246283448959365,True,,snapshots_probe/small/f7/dropout_p0.5/epoch_0071.pt
72.0,f7,dropout_p0.5,0.0,adam,0.5,False,small,0.059332482516765594,0.8500000000000001,0.2529615004935834,0.25,0.6246283448959365,True,,snapshots_probe/small/f7/dropout_p0.5/epoch_0072.pt
73.0,f7,dropout_p0.5,0.0,adam,0.5,False,small,0.189418226480484,0.8500000000000001,0.2529615004935834,0.25,0.6246283448959365,True,,snapshots_probe/small/f7/dropout_p0.5/epoch_0073.pt
74.0,f7,dropout_p0.5,0.0,adam,0.5,False,small,0.15970735251903534,0.8500000000000001,0.2529615004935834,0.25,0.6246283448959365,True,,snapshots_probe/small/f7/dropout_p0.5/epoch_0074.pt
75.0,f7,dropout_p0.5,0.0,adam,0.5,False,small,0.10041512548923492,0.8500000000000001,0.2529615004935834,0.25,0.6246283448959365,True,,snapshots_probe/small/f7/dropout_p0.5/epoch_0075.pt
76.0,f7,dropout_p0.5,0.0,adam,0.5,False,small,0.08949167281389236,0.8500000000000001,0.2529615004935834,0.25,0.6246283448959365,True,,snapshots_probe/small/f7/dropout_p0.5/epoch_0076.pt
77.0,f7,dropout_p0.5,0.0,adam,0.5,False,small,0.17385722696781158,0.8500000000000001,0.2529615004935834,0.25,0.6246283448959365,True,,snapshots_probe/small/f7/dropout_p0.5/epoch_0077.pt
78.0,f7,dropout_p0.5,0.0,adam,0.5,False,small,0.09594502300024033,0.8500000000000001,0.2529615004935834,0.25,0.6246283448959365,True,,snapshots_probe/small/f7/dropout_p0.5/epoch_0078.pt
79.0,f7,dropout_p0.5,0.0,adam,0.5,False,small,0.13295309245586395,0.8500000000000001,0.2529615004935834,0.25,0.6246283448959365,True,,snapshots_probe/small/f7/dropout_p0.5/epoch_0079.pt
80.0,f7,dropout_p0.5,0.0,adam,0.5,False,small,0.20530936121940613,0.8500000000000001,0.2529615004935834,0.25,0.6246283448959365,True,,snapshots_probe/small/f7/dropout_p0.5/epoch_0080.pt
81.0,f7,dropout_p0.5,0.0,adam,0.5,False,small,0.12431840598583221,0.8500000000000001,0.2529615004935834,0.25,0.6246283448959365,True,,snapshots_probe/small/f7/dropout_p0.5/epoch_0081.pt
82.0,f7,dropout_p0.5,0.0,adam,0.5,False,small,0.08078836649656296,0.8500000000000001,0.2529615004935834,0.25,0.6246283448959365,True,,snapshots_probe/small/f7/dropout_p0.5/epoch_0082.pt
83.0,f7,dropout_p0.5,0.0,adam,0.5,False,small,0.16921056807041168,0.8500000000000001,0.2529615004935834,0.25,0.6246283448959365,True,,snapshots_probe/small/f7/dropout_p0.5/epoch_0083.pt
84.0,f7,dropout_p0.5,0.0,adam,0.5,False,small,0.09832605719566345,0.8500000000000001,0.2529615004935834,0.25,0.6246283448959365,True,,snapshots_probe/small/f7/dropout_p0.5/epoch_0084.pt
85.0,f7,dropout_p0.5,0.0,adam,0.5,False,small,0.14395546913146973,0.8500000000000001,0.2529615004935834,0.25,0.6246283448959365,True,,snapshots_probe/small/f7/dropout_p0.5/epoch_0085.pt
86.0,f7,dropout_p0.5,0.0,adam,0.5,False,small,0.11995723098516464,0.8500000000000001,0.2529615004935834,0.25,0.6246283448959365,True,,snapshots_probe/small/f7/dropout_p0.5/epoch_0086.pt
87.0,f7,dropout_p0.5,0.0,adam,0.5,False,small,0.07280287146568298,0.8500000000000001,0.2529615004935834,0.25,0.6246283448959365,True,,snapshots_probe/small/f7/dropout_p0.5/epoch_0087.pt
88.0,f7,dropout_p0.5,0.0,adam,0.5,False,small,0.2696112394332886,0.8500000000000001,0.2529615004935834,0.25,0.6246283448959365,True,,snapshots_probe/small/f7/dropout_p0.5/epoch_0088.pt
89.0,f7,dropout_p0.5,0.0,adam,0.5,False,small,0.16036775708198547,0.8500000000000001,0.2529615004935834,0.25,0.6246283448959365,True,,snapshots_probe/small/f7/dropout_p0.5/epoch_0089.pt
90.0,f7,dropout_p0.5,0.0,adam,0.5,False,small,0.11280222982168198,0.8500000000000001,0.2529615004935834,0.25,0.6246283448959365,True,,snapshots_probe/small/f7/dropout_p0.5/epoch_0090.pt
91.0,f7,dropout_p0.5,0.0,adam,0.5,False,small,0.11978323757648468,0.8500000000000001,0.2529615004935834,0.25,0.6246283448959365,True,,snapshots_probe/small/f7/dropout_p0.5/epoch_0091.pt
92.0,f7,dropout_p0.5,0.0,adam,0.5,False,small,0.10052265226840973,0.8500000000000001,0.2529615004935834,0.25,0.6246283448959365,True,,snapshots_probe/small/f7/dropout_p0.5/epoch_0092.pt
93.0,f7,dropout_p0.5,0.0,adam,0.5,False,small,0.11553924530744553,0.8500000000000001,0.2529615004935834,0.25,0.6246283448959365,True,,snapshots_probe/small/f7/dropout_p0.5/epoch_0093.pt
94.0,f7,dropout_p0.5,0.0,adam,0.5,False,small,0.1440967470407486,0.8500000000000001,0.2529615004935834,0.25,0.6246283448959365,True,,snapshots_probe/small/f7/dropout_p0.5/epoch_0094.pt
95.0,f7,dropout_p0.5,0.0,adam,0.5,False,small,0.06280723214149475,0.8500000000000001,0.2529615004935834,0.25,0.6246283448959365,True,,snapshots_probe/small/f7/dropout_p0.5/epoch_0095.pt
96.0,f7,dropout_p0.5,0.0,adam,0.5,False,small,0.07771698385477066,0.8500000000000001,0.2529615004935834,0.25,0.6246283448959365,True,,snapshots_probe/small/f7/dropout_p0.5/epoch_0096.pt
97.0,f7,dropout_p0.5,0.0,adam,0.5,False,small,0.10077758878469467,0.8500000000000001,0.2529615004935834,0.25,0.6246283448959365,True,,snapshots_probe/small/f7/dropout_p0.5/epoch_0097.pt
98.0,f7,dropout_p0.5,0.0,adam,0.5,False,small,0.10103113949298859,0.8500000000000001,0.2529615004935834,0.25,0.6246283448959365,True,,snapshots_probe/small/f7/dropout_p0.5/epoch_0098.pt
99.0,f7,dropout_p0.5,0.0,adam,0.5,False,small,0.08896157890558243,0.8500000000000001,0.2529615004935834,0.25,0.6246283448959365,True,,snapshots_probe/small/f7/dropout_p0.5/epoch_0099.pt
100.0,f7,dropout_p0.5,0.0,adam,0.5,False,small,0.09825712442398071,0.8500000000000001,0.2529615004935834,0.25,0.6246283448959365,True,,snapshots_probe/small/f7/dropout_p0.5/epoch_0100.pt
1.0,f7,wd_lam0,0.0,adam,0.0,False,small,0.03277549147605896,0.6666666666666666,0.501974333662389,0.5,0.7477700693756195,True,,snapshots_probe/small/f7/wd_lam0/epoch_0001.pt
2.0,f7,wd_lam0,0.0,adam,0.0,False,small,0.01832602545619011,0.75,0.501974333662389,0.5,0.7490089197224976,True,,snapshots_probe/small/f7/wd_lam0/epoch_0002.pt
3.0,f7,wd_lam0,0.0,adam,0.0,False,small,0.015335283242166042,0.7222222222222222,0.501974333662389,0.5,0.7487611496531219,True,,snapshots_probe/small/f7/wd_lam0/epoch_0003.pt
4.0,f7,wd_lam0,0.0,adam,0.0,False,small,0.014378326013684273,0.75,0.6509871668311944,0.6666666666666666,0.8737611496531219,True,,snapshots_probe/small/f7/wd_lam0/epoch_0004.pt
5.0,f7,wd_lam0,0.0,adam,0.0,False,small,0.008779032155871391,0.7875,0.6884871668311945,0.7083333333333334,0.8740089197224975,True,,snapshots_probe/small/f7/wd_lam0/epoch_0005.pt
6.0,f7,wd_lam0,0.0,adam,0.0,False,small,0.007694134023040533,0.7875,0.6884871668311945,0.7083333333333334,0.8740089197224975,True,,snapshots_probe/small/f7/wd_lam0/epoch_0006.pt
7.0,f7,wd_lam0,0.0,adam,0.0,False,small,0.009154046885669231,0.7875,0.5676538334978611,0.7083333333333334,0.8733894945490585,True,,snapshots_probe/small/f7/wd_lam0/epoch_0007.pt
8.0,f7,wd_lam0,0.0,adam,0.0,False,small,0.013546684756875038,0.75,0.5426538334978611,0.6666666666666666,0.8731417244796827,True,,snapshots_probe/small/f7/wd_lam0/epoch_0008.pt
9.0,f7,wd_lam0,0.0,adam,0.0,False,small,0.006466010119765997,0.7159090909090909,0.5247966906407182,0.6428571428571428,0.8727700693756195,True,,snapshots_probe/small/f7/wd_lam0/epoch_0009.pt
10.0,f7,wd_lam0,0.0,adam,0.0,False,small,0.007166327442973852,0.7159090909090909,0.6259871668311945,0.6428571428571428,0.8733894945490585,True,,snapshots_probe/small/f7/wd_lam0/epoch_0010.pt
11.0,f7,wd_lam0,0.0,adam,0.0,False,small,0.0073188128881156445,0.725,0.6259871668311945,0.625,0.8735133795837463,True,,snapshots_probe/small/f7/wd_lam0/epoch_0011.pt
12.0,f7,wd_lam0,0.0,adam,0.0,False,small,0.006515308748930693,0.6416666666666666,0.4831300239740516,0.5833333333333334,0.8726461843409316,True,,snapshots_probe/small/f7/wd_lam0/epoch_0012.pt
13.0,f7,wd_lam0,0.0,adam,0.0,False,small,0.004848600830882788,0.6325757575757576,0.4831300239740516,0.6071428571428571,0.8725222993062439,True,,snapshots_probe/small/f7/wd_lam0/epoch_0013.pt
14.0,f7,wd_lam0,0.0,adam,0.0,False,small,0.007414589636027813,0.6416666666666666,0.4831300239740516,0.5833333333333334,0.8726461843409316,True,,snapshots_probe/small/f7/wd_lam0/epoch_0014.pt
15.0,f7,wd_lam0,0.0,adam,0.0,False,small,0.010236256755888462,0.6166666666666667,0.35197433366238895,0.45833333333333337,0.7472745292368683,True,,snapshots_probe/small/f7/wd_lam0/epoch_0015.pt
16.0,f7,wd_lam0,0.0,adam,0.0,False,small,0.006853866390883923,0.5166666666666666,0.3353076669957223,0.40625,0.746778989098117,True,,snapshots_probe/small/f7/wd_lam0/epoch_0016.pt
17.0,f7,wd_lam0,0.0,adam,0.0,False,small,0.004384481348097324,0.5568181818181819,0.3353076669957223,0.4285714285714286,0.746778989098117,True,,snapshots_probe/small/f7/wd_lam0/epoch_0017.pt
18.0,f7,wd_lam0,0.0,adam,0.0,False,small,0.0060417260974645615,0.575,0.3353076669957223,0.4166666666666667,0.7470267591674926,True,,snapshots_probe/small/f7/wd_lam0/epoch_0018.pt
19.0,f7,wd_lam0,0.0,adam,0.0,False,small,0.005193186923861504,0.5416666666666666,0.35197433366238895,0.4375,0.7470267591674926,True,,snapshots_probe/small/f7/wd_lam0/epoch_0019.pt
20.0,f7,wd_lam0,0.0,adam,0.0,False,small,0.010423636063933372,0.5568181818181819,0.35197433366238895,0.4285714285714286,0.7472745292368683,True,,snapshots_probe/small/f7/wd_lam0/epoch_0020.pt
21.0,f7,wd_lam0,0.0,adam,0.0,False,small,0.0061939675360918045,0.5416666666666666,0.35197433366238895,0.4375,0.7470267591674926,True,,snapshots_probe/small/f7/wd_lam0/epoch_0021.pt
22.0,f7,wd_lam0,0.0,adam,0.0,False,small,0.004546774085611105,0.5318181818181819,0.3353076669957223,0.39285714285714285,0.7470267591674926,True,,snapshots_probe/small/f7/wd_lam0/epoch_0022.pt
23.0,f7,wd_lam0,0.0,adam,0.0,False,small,0.004424735438078642,0.5318181818181819,0.3353076669957223,0.39285714285714285,0.7470267591674926,True,,snapshots_probe/small/f7/wd_lam0/epoch_0023.pt
24.0,f7,wd_lam0,0.0,adam,0.0,False,small,0.004219633061438799,0.5227272727272727,0.2529615004935834,0.25,0.6220267591674926,True,,snapshots_probe/small/f7/wd_lam0/epoch_0024.pt
25.0,f7,wd_lam0,0.0,adam,0.0,False,small,0.008582918904721737,0.5,0.2529615004935834,0.25,0.6212834489593657,True,,snapshots_probe/small/f7/wd_lam0/epoch_0025.pt
26.0,f7,wd_lam0,0.0,adam,0.0,False,small,0.00466516800224781,0.5227272727272727,0.2529615004935834,0.25,0.6216551040634292,True,,snapshots_probe/small/f7/wd_lam0/epoch_0026.pt
27.0,f7,wd_lam0,0.0,adam,0.0,False,small,0.004433301277458668,0.5227272727272727,0.2529615004935834,0.25,0.6220267591674926,True,,snapshots_probe/small/f7/wd_lam0/epoch_0027.pt
28.0,f7,wd_lam0,0.0,adam,0.0,False,small,0.006068260874599218,0.5227272727272727,0.2529615004935834,0.25,0.6220267591674926,True,,snapshots_probe/small/f7/wd_lam0/epoch_0028.pt
29.0,f7,wd_lam0,0.0,adam,0.0,False,small,0.005889726337045431,0.5833333333333333,0.2529615004935834,0.25,0.6227700693756194,True,,snapshots_probe/small/f7/wd_lam0/epoch_0029.pt
30.0,f7,wd_lam0,0.0,adam,0.0,False,small,0.007440892979502678,0.5227272727272727,0.2529615004935834,0.25,0.6220267591674926,True,,snapshots_probe/small/f7/wd_lam0/epoch_0030.pt
31.0,f7,wd_lam0,0.0,adam,0.0,False,small,0.005653162021189928,0.55,0.2529615004935834,0.25,0.622398414271556,True,,snapshots_probe/small/f7/wd_lam0/epoch_0031.pt
32.0,f7,wd_lam0,0.0,adam,0.0,False,small,0.005251988302916288,0.55,0.2529615004935834,0.25,0.6220267591674926,True,,snapshots_probe/small/f7/wd_lam0/epoch_0032.pt
33.0,f7,wd_lam0,0.0,adam,0.0,False,small,0.010325816459953785,0.55,0.2529615004935834,0.25,0.6220267591674926,True,,snapshots_probe/small/f7/wd_lam0/epoch_0033.pt
34.0,f7,wd_lam0,0.0,adam,0.0,False,small,0.009951949119567871,0.55,0.2529615004935834,0.25,0.622398414271556,True,,snapshots_probe/small/f7/wd_lam0/epoch_0034.pt
35.0,f7,wd_lam0,0.0,adam,0.0,False,small,0.007340306416153908,0.5833333333333333,0.2529615004935834,0.25,0.6227700693756194,True,,snapshots_probe/small/f7/wd_lam0/epoch_0035.pt
36.0,f7,wd_lam0,0.0,adam,0.0,False,small,0.010743824765086174,0.5,0.2529615004935834,0.25,0.6216551040634292,True,,snapshots_probe/small/f7/wd_lam0/epoch_0036.pt
37.0,f7,wd_lam0,0.0,adam,0.0,False,small,0.004116411320865154,0.55,0.2529615004935834,0.25,0.6216551040634292,True,,snapshots_probe/small/f7/wd_lam0/epoch_0037.pt
38.0,f7,wd_lam0,0.0,adam,0.0,False,small,0.004531830083578825,0.5227272727272727,0.2529615004935834,0.25,0.6220267591674926,True,,snapshots_probe/small/f7/wd_lam0/epoch_0038.pt
39.0,f7,wd_lam0,0.0,adam,0.0,False,small,0.0055620972998440266,0.5227272727272727,0.2529615004935834,0.25,0.6220267591674926,True,,snapshots_probe/small/f7/wd_lam0/epoch_0039.pt
40.0,f7,wd_lam0,0.0,adam,0.0,False,small,0.004969342611730099,0.55,0.2529615004935834,0.25,0.622398414271556,True,,snapshots_probe/small/f7/wd_lam0/epoch_0040.pt
41.0,f7,wd_lam0,0.0,adam,0.0,False,small,0.006017669104039669,0.55,0.2529615004935834,0.25,0.622398414271556,True,,snapshots_probe/small/f7/wd_lam0/epoch_0041.pt
42.0,f7,wd_lam0,0.0,adam,0.0,False,small,0.00513093825429678,0.5227272727272727,0.2529615004935834,0.25,0.6216551040634292,True,,snapshots_probe/small/f7/wd_lam0/epoch_0042.pt
43.0,f7,wd_lam0,0.0,adam,0.0,False,small,0.006937295664101839,0.5227272727272727,0.2529615004935834,0.25,0.6220267591674926,True,,snapshots_probe/small/f7/wd_lam0/epoch_0043.pt
44.0,f7,wd_lam0,0.0,adam,0.0,False,small,0.005536164157092571,0.5227272727272727,0.2529615004935834,0.25,0.6216551040634292,True,,snapshots_probe/small/f7/wd_lam0/epoch_0044.pt
45.0,f7,wd_lam0,0.0,adam,0.0,False,small,0.0037948093377053738,0.55,0.2529615004935834,0.25,0.622398414271556,True,,snapshots_probe/small/f7/wd_lam0/epoch_0045.pt
46.0,f7,wd_lam0,0.0,adam,0.0,False,small,0.005182805471122265,0.5227272727272727,0.2529615004935834,0.25,0.6216551040634292,True,,snapshots_probe/small/f7/wd_lam0/epoch_0046.pt
47.0,f7,wd_lam0,0.0,adam,0.0,False,small,0.004321472719311714,0.5227272727272727,0.2529615004935834,0.25,0.6216551040634292,True,,snapshots_probe/small/f7/wd_lam0/epoch_0047.pt
48.0,f7,wd_lam0,0.0,adam,0.0,False,small,0.004809582605957985,0.5,0.2529615004935834,0.25,0.6216551040634292,True,,snapshots_probe/small/f7/wd_lam0/epoch_0048.pt
49.0,f7,wd_lam0,0.0,adam,0.0,False,small,0.004639907740056515,0.5,0.2529615004935834,0.25,0.6216551040634292,True,,snapshots_probe/small/f7/wd_lam0/epoch_0049.pt
50.0,f7,wd_lam0,0.0,adam,0.0,False,small,0.0048941634595394135,0.5,0.2529615004935834,0.25,0.6216551040634292,True,,snapshots_probe/small/f7/wd_lam0/epoch_0050.pt
51.0,f7,wd_lam0,0.0,adam,0.0,False,small,0.005990186706185341,0.55,0.2529615004935834,0.25,0.622398414271556,True,,snapshots_probe/small/f7/wd_lam0/epoch_0051.pt
52.0,f7,wd_lam0,0.0,adam,0.0,False,small,0.009930438362061977,0.55,0.2529615004935834,0.25,0.6220267591674926,True,,snapshots_probe/small/f7/wd_lam0/epoch_0052.pt
53.0,f7,wd_lam0,0.0,adam,0.0,False,small,0.006463620346039534,0.5227272727272727,0.2529615004935834,0.25,0.6216551040634292,True,,snapshots_probe/small/f7/wd_lam0/epoch_0053.pt
54.0,f7,wd_lam0,0.0,adam,0.0,False,small,0.007619363721460104,0.5227272727272727,0.2529615004935834,0.25,0.6212834489593657,True,,snapshots_probe/small/f7/wd_lam0/epoch_0054.pt
55.0,f7,wd_lam0,0.0,adam,0.0,False,small,0.005481021013110876,0.5227272727272727,0.2529615004935834,0.25,0.6216551040634292,True,,snapshots_probe/small/f7/wd_lam0/epoch_0055.pt
56.0,f7,wd_lam0,0.0,adam,0.0,False,small,0.006665682420134544,0.5227272727272727,0.2529615004935834,0.25,0.6220267591674926,True,,snapshots_probe/small/f7/wd_lam0/epoch_0056.pt
57.0,f7,wd_lam0,0.0,adam,0.0,False,small,0.003918573725968599,0.4807692307692308,0.2529615004935834,0.25,0.6209117938553023,True,,snapshots_probe/small/f7/wd_lam0/epoch_0057.pt
58.0,f7,wd_lam0,0.0,adam,0.0,False,small,0.005580055061727762,0.5,0.2529615004935834,0.25,0.6216551040634292,True,,snapshots_probe/small/f7/wd_lam0/epoch_0058.pt
59.0,f7,wd_lam0,0.0,adam,0.0,False,small,0.007114671636372805,0.55,0.2529615004935834,0.25,0.622398414271556,True,,snapshots_probe/small/f7/wd_lam0/epoch_0059.pt
60.0,f7,wd_lam0,0.0,adam,0.0,False,small,0.0052118245512247086,0.4807692307692308,0.2529615004935834,0.25,0.6212834489593657,True,,snapshots_probe/small/f7/wd_lam0/epoch_0060.pt
61.0,f7,wd_lam0,0.0,adam,0.0,False,small,0.004778646863996983,0.45,0.2529615004935834,0.25,0.6201684836471755,True,,snapshots_probe/small/f7/wd_lam0/epoch_0061.pt
62.0,f7,wd_lam0,0.0,adam,0.0,False,small,0.004649772774428129,0.5227272727272727,0.2529615004935834,0.25,0.6216551040634292,True,,snapshots_probe/small/f7/wd_lam0/epoch_0062.pt
63.0,f7,wd_lam0,0.0,adam,0.0,False,small,0.00572489807382226,0.5227272727272727,0.2529615004935834,0.25,0.6216551040634292,True,,snapshots_probe/small/f7/wd_lam0/epoch_0063.pt
64.0,f7,wd_lam0,0.0,adam,0.0,False,small,0.005126542411744595,0.5227272727272727,0.2529615004935834,0.25,0.6220267591674926,True,,snapshots_probe/small/f7/wd_lam0/epoch_0064.pt
65.0,f7,wd_lam0,0.0,adam,0.0,False,small,0.005391658749431372,0.5227272727272727,0.2529615004935834,0.25,0.6220267591674926,True,,snapshots_probe/small/f7/wd_lam0/epoch_0065.pt
66.0,f7,wd_lam0,0.0,adam,0.0,False,small,0.003942448645830154,0.4642857142857143,0.2529615004935834,0.25,0.6209117938553023,True,,snapshots_probe/small/f7/wd_lam0/epoch_0066.pt
67.0,f7,wd_lam0,0.0,adam,0.0,False,small,0.004872442688792944,0.5227272727272727,0.2529615004935834,0.25,0.6216551040634292,True,,snapshots_probe/small/f7/wd_lam0/epoch_0067.pt
68.0,f7,wd_lam0,0.0,adam,0.0,False,small,0.004793912172317505,0.5,0.2529615004935834,0.25,0.6216551040634292,True,,snapshots_probe/small/f7/wd_lam0/epoch_0068.pt
69.0,f7,wd_lam0,0.0,adam,0.0,False,small,0.006446748971939087,0.5227272727272727,0.2529615004935834,0.25,0.6220267591674926,True,,snapshots_probe/small/f7/wd_lam0/epoch_0069.pt
70.0,f7,wd_lam0,0.0,adam,0.0,False,small,0.00467723049223423,0.4807692307692308,0.2529615004935834,0.25,0.6212834489593657,True,,snapshots_probe/small/f7/wd_lam0/epoch_0070.pt
71.0,f7,wd_lam0,0.0,adam,0.0,False,small,0.004069690126925707,0.5,0.2529615004935834,0.25,0.6216551040634292,True,,snapshots_probe/small/f7/wd_lam0/epoch_0071.pt
72.0,f7,wd_lam0,0.0,adam,0.0,False,small,0.007060972973704338,0.5227272727272727,0.2529615004935834,0.25,0.6220267591674926,True,,snapshots_probe/small/f7/wd_lam0/epoch_0072.pt
73.0,f7,wd_lam0,0.0,adam,0.0,False,small,0.004334194585680962,0.5227272727272727,0.2529615004935834,0.25,0.6220267591674926,True,,snapshots_probe/small/f7/wd_lam0/epoch_0073.pt
74.0,f7,wd_lam0,0.0,adam,0.0,False,small,0.005046568810939789,0.5,0.2529615004935834,0.25,0.6216551040634292,True,,snapshots_probe/small/f7/wd_lam0/epoch_0074.pt
75.0,f7,wd_lam0,0.0,adam,0.0,False,small,0.005352362524718046,0.5227272727272727,0.2529615004935834,0.25,0.6220267591674926,True,,snapshots_probe/small/f7/wd_lam0/epoch_0075.pt
76.0,f7,wd_lam0,0.0,adam,0.0,False,small,0.006362325977534056,0.5227272727272727,0.2529615004935834,0.25,0.6220267591674926,True,,snapshots_probe/small/f7/wd_lam0/epoch_0076.pt
77.0,f7,wd_lam0,0.0,adam,0.0,False,small,0.006243503652513027,0.45,0.2529615004935834,0.25,0.6205401387512388,True,,snapshots_probe/small/f7/wd_lam0/epoch_0077.pt
78.0,f7,wd_lam0,0.0,adam,0.0,False,small,0.004766881000250578,0.55,0.2529615004935834,0.25,0.622398414271556,True,,snapshots_probe/small/f7/wd_lam0/epoch_0078.pt
79.0,f7,wd_lam0,0.0,adam,0.0,False,small,0.005620148032903671,0.5227272727272727,0.2529615004935834,0.25,0.6220267591674926,True,,snapshots_probe/small/f7/wd_lam0/epoch_0079.pt
80.0,f7,wd_lam0,0.0,adam,0.0,False,small,0.004296910483390093,0.4807692307692308,0.2529615004935834,0.25,0.6212834489593657,True,,snapshots_probe/small/f7/wd_lam0/epoch_0080.pt
81.0,f7,wd_lam0,0.0,adam,0.0,False,small,0.004040580242872238,0.5227272727272727,0.2529615004935834,0.25,0.6220267591674926,True,,snapshots_probe/small/f7/wd_lam0/epoch_0081.pt
82.0,f7,wd_lam0,0.0,adam,0.0,False,small,0.007949627004563808,0.4807692307692308,0.2529615004935834,0.25,0.6212834489593657,True,,snapshots_probe/small/f7/wd_lam0/epoch_0082.pt
83.0,f7,wd_lam0,0.0,adam,0.0,False,small,0.004022700246423483,0.5227272727272727,0.2529615004935834,0.25,0.6220267591674926,True,,snapshots_probe/small/f7/wd_lam0/epoch_0083.pt
84.0,f7,wd_lam0,0.0,adam,0.0,False,small,0.009185769595205784,0.5227272727272727,0.2529615004935834,0.25,0.6220267591674926,True,,snapshots_probe/small/f7/wd_lam0/epoch_0084.pt
85.0,f7,wd_lam0,0.0,adam,0.0,False,small,0.004986368119716644,0.5227272727272727,0.2529615004935834,0.25,0.6220267591674926,True,,snapshots_probe/small/f7/wd_lam0/epoch_0085.pt
86.0,f7,wd_lam0,0.0,adam,0.0,False,small,0.004812098108232021,0.5,0.2529615004935834,0.25,0.6216551040634292,True,,snapshots_probe/small/f7/wd_lam0/epoch_0086.pt
87.0,f7,wd_lam0,0.0,adam,0.0,False,small,0.005146745126694441,0.5,0.2529615004935834,0.25,0.6216551040634292,True,,snapshots_probe/small/f7/wd_lam0/epoch_0087.pt
88.0,f7,wd_lam0,0.0,adam,0.0,False,small,0.005122290458530188,0.5227272727272727,0.2529615004935834,0.25,0.6220267591674926,True,,snapshots_probe/small/f7/wd_lam0/epoch_0088.pt
89.0,f7,wd_lam0,0.0,adam,0.0,False,small,0.0051256329752504826,0.5,0.2529615004935834,0.25,0.6216551040634292,True,,snapshots_probe/small/f7/wd_lam0/epoch_0089.pt
90.0,f7,wd_lam0,0.0,adam,0.0,False,small,0.006433968897908926,0.5227272727272727,0.2529615004935834,0.25,0.6216551040634292,True,,snapshots_probe/small/f7/wd_lam0/epoch_0090.pt
91.0,f7,wd_lam0,0.0,adam,0.0,False,small,0.004151799716055393,0.5227272727272727,0.2529615004935834,0.25,0.6220267591674926,True,,snapshots_probe/small/f7/wd_lam0/epoch_0091.pt
92.0,f7,wd_lam0,0.0,adam,0.0,False,small,0.004714802838861942,0.4807692307692308,0.2529615004935834,0.25,0.6212834489593657,True,,snapshots_probe/small/f7/wd_lam0/epoch_0092.pt
93.0,f7,wd_lam0,0.0,adam,0.0,False,small,0.0060280864126980305,0.5,0.2529615004935834,0.25,0.6216551040634292,True,,snapshots_probe/small/f7/wd_lam0/epoch_0093.pt
94.0,f7,wd_lam0,0.0,adam,0.0,False,small,0.0063599576242268085,0.5,0.2529615004935834,0.25,0.6216551040634292,True,,snapshots_probe/small/f7/wd_lam0/epoch_0094.pt
95.0,f7,wd_lam0,0.0,adam,0.0,False,small,0.005157175939530134,0.5227272727272727,0.2529615004935834,0.25,0.6220267591674926,True,,snapshots_probe/small/f7/wd_lam0/epoch_0095.pt
96.0,f7,wd_lam0,0.0,adam,0.0,False,small,0.005446173250675201,0.4807692307692308,0.2529615004935834,0.25,0.6212834489593657,True,,snapshots_probe/small/f7/wd_lam0/epoch_0096.pt
97.0,f7,wd_lam0,0.0,adam,0.0,False,small,0.006016320548951626,0.5,0.2529615004935834,0.25,0.6216551040634292,True,,snapshots_probe/small/f7/wd_lam0/epoch_0097.pt
98.0,f7,wd_lam0,0.0,adam,0.0,False,small,0.0036391387693583965,0.5,0.2529615004935834,0.25,0.6216551040634292,True,,snapshots_probe/small/f7/wd_lam0/epoch_0098.pt
99.0,f7,wd_lam0,0.0,adam,0.0,False,small,0.006068818736821413,0.5227272727272727,0.2529615004935834,0.25,0.6212834489593657,True,,snapshots_probe/small/f7/wd_lam0/epoch_0099.pt
100.0,f7,wd_lam0,0.0,adam,0.0,False,small,0.00387794291600585,0.5,0.2529615004935834,0.25,0.6216551040634292,True,,snapshots_probe/small/f7/wd_lam0/epoch_0100.pt
1.0,f7,wd_lam1e-5,0.0,adam,0.0,True,small,0.024448340758681297,0.8333333333333333,0.501974333662389,0.5,0.7490089197224976,True,,snapshots_probe/small/f7/wd_lam1e-5/epoch_0001.pt
2.0,f7,wd_lam1e-5,0.0,adam,0.0,True,small,0.016174577176570892,0.9,0.501974333662389,0.5,0.7495044598612487,True,,snapshots_probe/small/f7/wd_lam1e-5/epoch_0002.pt
3.0,f7,wd_lam1e-5,0.0,adam,0.0,True,small,0.011282780207693577,0.8333333333333333,0.501974333662389,0.5,0.7492566897918732,True,,snapshots_probe/small/f7/wd_lam1e-5/epoch_0003.pt
4.0,f7,wd_lam1e-5,0.0,adam,0.0,True,small,0.020957184955477715,0.7857142857142857,0.501974333662389,0.5,0.7492566897918732,True,,snapshots_probe/small/f7/wd_lam1e-5/epoch_0004.pt
5.0,f7,wd_lam1e-5,0.0,adam,0.0,True,small,0.012811211869120598,0.7857142857142857,0.501974333662389,0.5,0.7492566897918732,True,,snapshots_probe/small/f7/wd_lam1e-5/epoch_0005.pt
6.0,f7,wd_lam1e-5,0.0,adam,0.0,True,small,0.01214353833347559,0.7222222222222222,0.4186410003290556,0.5,0.7482656095143706,True,,snapshots_probe/small/f7/wd_lam1e-5/epoch_0006.pt
7.0,f7,wd_lam1e-5,0.0,adam,0.0,True,small,0.010496411472558975,0.7857142857142857,0.4186410003290556,0.5,0.7487611496531219,True,,snapshots_probe/small/f7/wd_lam1e-5/epoch_0007.pt
8.0,f7,wd_lam1e-5,0.0,adam,0.0,True,small,0.006455596536397934,0.8125,0.5676538334978611,0.6875,0.873637264618434,True,,snapshots_probe/small/f7/wd_lam1e-5/epoch_0008.pt
9.0,f7,wd_lam1e-5,0.0,adam,0.0,True,small,0.008035213686525822,0.8303571428571428,0.5676538334978611,0.6666666666666666,0.8737611496531219,True,,snapshots_probe/small/f7/wd_lam1e-5/epoch_0009.pt
10.0,f7,wd_lam1e-5,0.0,adam,0.0,True,small,0.005262121092528105,0.625,0.35197433366238895,0.375,0.748017839444995,True,,snapshots_probe/small/f7/wd_lam1e-5/epoch_0010.pt
11.0,f7,wd_lam1e-5,0.0,adam,0.0,True,small,0.007046171929687262,0.775,0.5426538334978611,0.625,0.8733894945490585,True,,snapshots_probe/small/f7/wd_lam1e-5/epoch_0011.pt
12.0,f7,wd_lam1e-5,0.0,adam,0.0,True,small,0.0065719070844352245,0.625,0.35197433366238895,0.375,0.748017839444995,True,,snapshots_probe/small/f7/wd_lam1e-5/epoch_0012.pt
13.0,f7,wd_lam1e-5,0.0,adam,0.0,True,small,0.004507114179432392,0.625,0.35197433366238895,0.375,0.748017839444995,True,,snapshots_probe/small/f7/wd_lam1e-5/epoch_0013.pt
14.0,f7,wd_lam1e-5,0.0,adam,0.0,True,small,0.008372711949050426,0.775,0.5426538334978611,0.625,0.8733894945490585,True,,snapshots_probe/small/f7/wd_lam1e-5/epoch_0014.pt
15.0,f7,wd_lam1e-5,0.0,adam,0.0,True,small,0.006446499843150377,0.775,0.5426538334978611,0.625,0.8733894945490585,True,,snapshots_probe/small/f7/wd_lam1e-5/epoch_0015.pt
16.0,f7,wd_lam1e-5,0.0,adam,0.0,True,small,0.010141284205019474,0.625,0.35197433366238895,0.375,0.748017839444995,True,,snapshots_probe/small/f7/wd_lam1e-5/epoch_0016.pt
17.0,f7,wd_lam1e-5,0.0,adam,0.0,True,small,0.006857406813651323,0.625,0.35197433366238895,0.375,0.748017839444995,True,,snapshots_probe/small/f7/wd_lam1e-5/epoch_0017.pt
18.0,f7,wd_lam1e-5,0.0,adam,0.0,True,small,0.0054369582794606686,0.625,0.35197433366238895,0.375,0.748017839444995,True,,snapshots_probe/small/f7/wd_lam1e-5/epoch_0018.pt
19.0,f7,wd_lam1e-5,0.0,adam,0.0,True,small,0.006332194432616234,0.625,0.35197433366238895,0.375,0.748017839444995,True,,snapshots_probe/small/f7/wd_lam1e-5/epoch_0019.pt
20.0,f7,wd_lam1e-5,0.0,adam,0.0,True,small,0.005606623366475105,0.5722222222222222,0.3353076669957223,0.35,0.7475222993062438,True,,snapshots_probe/small/f7/wd_lam1e-5/epoch_0020.pt
21.0,f7,wd_lam1e-5,0.0,adam,0.0,True,small,0.006193611305207014,0.5722222222222222,0.35197433366238895,0.35,0.748017839444995,True,,snapshots_probe/small/f7/wd_lam1e-5/epoch_0021.pt
22.0,f7,wd_lam1e-5,0.0,adam,0.0,True,small,0.005420714151114225,0.5722222222222222,0.3353076669957223,0.35,0.7475222993062438,True,,snapshots_probe/small/f7/wd_lam1e-5/epoch_0022.pt
23.0,f7,wd_lam1e-5,0.0,adam,0.0,True,small,0.005367312114685774,0.5722222222222222,0.35197433366238895,0.35,0.748017839444995,True,,snapshots_probe/small/f7/wd_lam1e-5/epoch_0023.pt
24.0,f7,wd_lam1e-5,0.0,adam,0.0,True,small,0.004399429075419903,0.5722222222222222,0.3353076669957223,0.35,0.7475222993062438,True,,snapshots_probe/small/f7/wd_lam1e-5/epoch_0024.pt
25.0,f7,wd_lam1e-5,0.0,adam,0.0,True,small,0.00845011230558157,0.5032467532467533,0.31447433366238897,0.3214285714285714,0.7465312190287414,True,,snapshots_probe/small/f7/wd_lam1e-5/epoch_0025.pt
26.0,f7,wd_lam1e-5,0.0,adam,0.0,True,small,0.0073709385469555855,0.5333333333333333,0.32340290509096037,0.33333333333333337,0.7470267591674925,True,,snapshots_probe/small/f7/wd_lam1e-5/epoch_0026.pt
27.0,f7,wd_lam1e-5,0.0,adam,0.0,True,small,0.006718401797115803,0.5032467532467533,0.31447433366238897,0.3214285714285714,0.7465312190287414,True,,snapshots_probe/small/f7/wd_lam1e-5/epoch_0027.pt
28.0,f7,wd_lam1e-5,0.0,adam,0.0,True,small,0.00464525306597352,0.5333333333333333,0.32340290509096037,0.33333333333333337,0.7470267591674925,True,,snapshots_probe/small/f7/wd_lam1e-5/epoch_0028.pt
29.0,f7,wd_lam1e-5,0.0,adam,0.0,True,small,0.017416203394532204,0.5032467532467533,0.31447433366238897,0.3214285714285714,0.7465312190287414,True,,snapshots_probe/small/f7/wd_lam1e-5/epoch_0029.pt
30.0,f7,wd_lam1e-5,0.0,adam,0.0,True,small,0.003889981424435973,0.47916666666666663,0.31447433366238897,0.3125,0.7465312190287414,True,,snapshots_probe/small/f7/wd_lam1e-5/epoch_0030.pt
31.0,f7,wd_lam1e-5,0.0,adam,0.0,True,small,0.005344879347831011,0.5214285714285715,0.31447433366238897,0.29166666666666663,0.7467789890981169,True,,snapshots_probe/small/f7/wd_lam1e-5/epoch_0031.pt
32.0,f7,wd_lam1e-5,0.0,adam,0.0,True,small,0.004910663235932589,0.47916666666666663,0.31447433366238897,0.3125,0.7465312190287414,True,,snapshots_probe/small/f7/wd_lam1e-5/epoch_0032.pt
33.0,f7,wd_lam1e-5,0.0,adam,0.0,True,small,0.005620687734335661,0.5333333333333333,0.3353076669957223,0.33333333333333337,0.7475222993062438,True,,snapshots_probe/small/f7/wd_lam1e-5/epoch_0033.pt
34.0,f7,wd_lam1e-5,0.0,adam,0.0,True,small,0.00981079414486885,0.4642857142857143,0.32340290509096037,0.375,0.7462834489593657,True,,snapshots_probe/small/f7/wd_lam1e-5/epoch_0034.pt
35.0,f7,wd_lam1e-5,0.0,adam,0.0,True,small,0.004960805177688599,0.4642857142857143,0.32340290509096037,0.375,0.7462834489593657,True,,snapshots_probe/small/f7/wd_lam1e-5/epoch_0035.pt
36.0,f7,wd_lam1e-5,0.0,adam,0.0,True,small,0.005127870012074709,0.5214285714285715,0.32340290509096037,0.29166666666666663,0.7472745292368681,True,,snapshots_probe/small/f7/wd_lam1e-5/epoch_0036.pt
37.0,f7,wd_lam1e-5,0.0,adam,0.0,True,small,0.005451877135783434,0.5333333333333333,0.3353076669957223,0.33333333333333337,0.7475222993062438,True,,snapshots_probe/small/f7/wd_lam1e-5/epoch_0037.pt
38.0,f7,wd_lam1e-5,0.0,adam,0.0,True,small,0.0048911189660429955,0.5214285714285715,0.32340290509096037,0.29166666666666663,0.7472745292368681,True,,snapshots_probe/small/f7/wd_lam1e-5/epoch_0038.pt
39.0,f7,wd_lam1e-5,0.0,adam,0.0,True,small,0.004866668023169041,0.47527472527472525,0.32340290509096037,0.3611111111111111,0.7465312190287414,True,,snapshots_probe/small/f7/wd_lam1e-5/epoch_0039.pt
40.0,f7,wd_lam1e-5,0.0,adam,0.0,True,small,0.007436857558786869,0.5333333333333333,0.3353076669957223,0.33333333333333337,0.7475222993062438,True,,snapshots_probe/small/f7/wd_lam1e-5/epoch_0040.pt
41.0,f7,wd_lam1e-5,0.0,adam,0.0,True,small,0.004314044490456581,0.5151515151515151,0.3353076669957223,0.35714285714285715,0.7472745292368681,True,,snapshots_probe/small/f7/wd_lam1e-5/epoch_0041.pt
42.0,f7,wd_lam1e-5,0.0,adam,0.0,True,small,0.0057243541814386845,0.5722222222222222,0.35197433366238895,0.35,0.748017839444995,True,,snapshots_probe/small/f7/wd_lam1e-5/epoch_0042.pt
43.0,f7,wd_lam1e-5,0.0,adam,0.0,True,small,0.0048861377872526646,0.5333333333333333,0.32340290509096037,0.33333333333333337,0.7470267591674925,True,,snapshots_probe/small/f7/wd_lam1e-5/epoch_0043.pt
44.0,f7,wd_lam1e-5,0.0,adam,0.0,True,small,0.005708454176783562,0.5151515151515151,0.32340290509096037,0.35714285714285715,0.746778989098117,True,,snapshots_probe/small/f7/wd_lam1e-5/epoch_0044.pt
45.0,f7,wd_lam1e-5,0.0,adam,0.0,True,small,0.005350229796022177,0.5151515151515151,0.32340290509096037,0.35714285714285715,0.746778989098117,True,,snapshots_probe/small/f7/wd_lam1e-5/epoch_0045.pt
46.0,f7,wd_lam1e-5,0.0,adam,0.0,True,small,0.004816493485122919,0.5333333333333333,0.32340290509096037,0.33333333333333337,0.7470267591674925,True,,snapshots_probe/small/f7/wd_lam1e-5/epoch_0046.pt
47.0,f7,wd_lam1e-5,0.0,adam,0.0,True,small,0.004257491789758205,0.5555555555555556,0.32340290509096037,0.3,0.7472745292368681,True,,snapshots_probe/small/f7/wd_lam1e-5/epoch_0047.pt
48.0,f7,wd_lam1e-5,0.0,adam,0.0,True,small,0.004418031312525272,0.5555555555555556,0.32340290509096037,0.3,0.7472745292368681,True,,snapshots_probe/small/f7/wd_lam1e-5/epoch_0048.pt
49.0,f7,wd_lam1e-5,0.0,adam,0.0,True,small,0.005637796595692635,0.5555555555555556,0.3353076669957223,0.3,0.7477700693756194,True,,snapshots_probe/small/f7/wd_lam1e-5/epoch_0049.pt
50.0,f7,wd_lam1e-5,0.0,adam,0.0,True,small,0.005438095889985561,0.5555555555555556,0.3353076669957223,0.3,0.7477700693756194,True,,snapshots_probe/small/f7/wd_lam1e-5/epoch_0050.pt
51.0,f7,wd_lam1e-5,0.0,adam,0.0,True,small,0.006777642294764519,0.5318181818181819,0.3353076669957223,0.39285714285714285,0.7470267591674926,True,,snapshots_probe/small/f7/wd_lam1e-5/epoch_0051.pt
52.0,f7,wd_lam1e-5,0.0,adam,0.0,True,small,0.008254416286945343,0.55,0.3353076669957223,0.375,0.7472745292368681,True,,snapshots_probe/small/f7/wd_lam1e-5/epoch_0052.pt
53.0,f7,wd_lam1e-5,0.0,adam,0.0,True,small,0.004558324348181486,0.5333333333333333,0.32340290509096037,0.33333333333333337,0.7470267591674925,True,,snapshots_probe/small/f7/wd_lam1e-5/epoch_0053.pt
54.0,f7,wd_lam1e-5,0.0,adam,0.0,True,small,0.008493809029459953,0.47527472527472525,0.31447433366238897,0.3611111111111111,0.7460356788899901,True,,snapshots_probe/small/f7/wd_lam1e-5/epoch_0054.pt
55.0,f7,wd_lam1e-5,0.0,adam,0.0,True,small,0.00482421088963747,0.4943181818181818,0.31447433366238897,0.2857142857142857,0.7467789890981169,True,,snapshots_probe/small/f7/wd_lam1e-5/epoch_0055.pt
56.0,f7,wd_lam1e-5,0.0,adam,0.0,True,small,0.005026109516620636,0.5151515151515151,0.32340290509096037,0.35714285714285715,0.746778989098117,True,,snapshots_probe/small/f7/wd_lam1e-5/epoch_0056.pt
57.0,f7,wd_lam1e-5,0.0,adam,0.0,True,small,0.00501690898090601,0.5333333333333333,0.3353076669957223,0.33333333333333337,0.7475222993062438,True,,snapshots_probe/small/f7/wd_lam1e-5/epoch_0057.pt
58.0,f7,wd_lam1e-5,0.0,adam,0.0,True,small,0.005538597237318754,0.5555555555555556,0.32340290509096037,0.3,0.7472745292368681,True,,snapshots_probe/small/f7/wd_lam1e-5/epoch_0058.pt
59.0,f7,wd_lam1e-5,0.0,adam,0.0,True,small,0.005592339672148228,0.5333333333333333,0.3353076669957223,0.33333333333333337,0.7475222993062438,True,,snapshots_probe/small/f7/wd_lam1e-5/epoch_0059.pt
60.0,f7,wd_lam1e-5,0.0,adam,0.0,True,small,0.0051234629936516285,0.6,0.35197433366238895,0.3125,0.7482656095143707,True,,snapshots_probe/small/f7/wd_lam1e-5/epoch_0060.pt
61.0,f7,wd_lam1e-5,0.0,adam,0.0,True,small,0.00651252456009388,0.5555555555555556,0.3353076669957223,0.3,0.7477700693756194,True,,snapshots_probe/small/f7/wd_lam1e-5/epoch_0061.pt
62.0,f7,wd_lam1e-5,0.0,adam,0.0,True,small,0.005101992283016443,0.5333333333333333,0.3353076669957223,0.33333333333333337,0.7475222993062438,True,,snapshots_probe/small/f7/wd_lam1e-5/epoch_0062.pt
63.0,f7,wd_lam1e-5,0.0,adam,0.0,True,small,0.004287575837224722,0.5722222222222222,0.35197433366238895,0.35,0.748017839444995,True,,snapshots_probe/small/f7/wd_lam1e-5/epoch_0063.pt
64.0,f7,wd_lam1e-5,0.0,adam,0.0,True,small,0.006493783555924892,0.5722222222222222,0.3353076669957223,0.35,0.7475222993062438,True,,snapshots_probe/small/f7/wd_lam1e-5/epoch_0064.pt
65.0,f7,wd_lam1e-5,0.0,adam,0.0,True,small,0.005184564273804426,0.5333333333333333,0.31447433366238897,0.33333333333333337,0.7465312190287414,True,,snapshots_probe/small/f7/wd_lam1e-5/epoch_0065.pt
66.0,f7,wd_lam1e-5,0.0,adam,0.0,True,small,0.005524447187781334,0.5333333333333333,0.3353076669957223,0.33333333333333337,0.7475222993062438,True,,snapshots_probe/small/f7/wd_lam1e-5/epoch_0066.pt
67.0,f7,wd_lam1e-5,0.0,adam,0.0,True,small,0.004565425682812929,0.5151515151515151,0.32340290509096037,0.35714285714285715,0.746778989098117,True,,snapshots_probe/small/f7/wd_lam1e-5/epoch_0067.pt
68.0,f7,wd_lam1e-5,0.0,adam,0.0,True,small,0.005326117388904095,0.5722222222222222,0.32340290509096037,0.35,0.7470267591674925,True,,snapshots_probe/small/f7/wd_lam1e-5/epoch_0068.pt
69.0,f7,wd_lam1e-5,0.0,adam,0.0,True,small,0.005987676326185465,0.5333333333333333,0.31447433366238897,0.33333333333333337,0.7465312190287414,True,,snapshots_probe/small/f7/wd_lam1e-5/epoch_0069.pt
70.0,f7,wd_lam1e-5,0.0,adam,0.0,True,small,0.00481899781152606,0.6,0.3353076669957223,0.3125,0.7477700693756194,True,,snapshots_probe/small/f7/wd_lam1e-5/epoch_0070.pt
71.0,f7,wd_lam1e-5,0.0,adam,0.0,True,small,0.005092517472803593,0.5722222222222222,0.3353076669957223,0.35,0.7475222993062438,True,,snapshots_probe/small/f7/wd_lam1e-5/epoch_0071.pt
72.0,f7,wd_lam1e-5,0.0,adam,0.0,True,small,0.006416040938347578,0.5555555555555556,0.32340290509096037,0.3,0.7472745292368681,True,,snapshots_probe/small/f7/wd_lam1e-5/epoch_0072.pt
73.0,f7,wd_lam1e-5,0.0,adam,0.0,True,small,0.00734772440046072,0.5151515151515151,0.32340290509096037,0.35714285714285715,0.746778989098117,True,,snapshots_probe/small/f7/wd_lam1e-5/epoch_0073.pt
74.0,f7,wd_lam1e-5,0.0,adam,0.0,True,small,0.005497131031006575,0.5151515151515151,0.32340290509096037,0.35714285714285715,0.746778989098117,True,,snapshots_probe/small/f7/wd_lam1e-5/epoch_0074.pt
75.0,f7,wd_lam1e-5,0.0,adam,0.0,True,small,0.006220342591404915,0.5214285714285715,0.31447433366238897,0.29166666666666663,0.7467789890981169,True,,snapshots_probe/small/f7/wd_lam1e-5/epoch_0075.pt
76.0,f7,wd_lam1e-5,0.0,adam,0.0,True,small,0.004158439114689827,0.5214285714285715,0.3075298892179445,0.29166666666666663,0.7462834489593658,True,,snapshots_probe/small/f7/wd_lam1e-5/epoch_0076.pt
77.0,f7,wd_lam1e-5,0.0,adam,0.0,True,small,0.004614685662090778,0.5555555555555556,0.31447433366238897,0.3,0.7467789890981169,True,,snapshots_probe/small/f7/wd_lam1e-5/epoch_0077.pt
78.0,f7,wd_lam1e-5,0.0,adam,0.0,True,small,0.004705376923084259,0.5151515151515151,0.31447433366238897,0.35714285714285715,0.7462834489593657,True,,snapshots_probe/small/f7/wd_lam1e-5/epoch_0078.pt
79.0,f7,wd_lam1e-5,0.0,adam,0.0,True,small,0.004267030395567417,0.4928571428571429,0.3353076669957223,0.425,0.7462834489593657,True,,snapshots_probe/small/f7/wd_lam1e-5/epoch_0079.pt
80.0,f7,wd_lam1e-5,0.0,adam,0.0,True,small,0.0048809959553182125,0.5555555555555556,0.31447433366238897,0.3,0.7467789890981169,True,,snapshots_probe/small/f7/wd_lam1e-5/epoch_0080.pt
81.0,f7,wd_lam1e-5,0.0,adam,0.0,True,small,0.005002444144338369,0.5555555555555556,0.32340290509096037,0.3,0.7472745292368681,True,,snapshots_probe/small/f7/wd_lam1e-5/epoch_0081.pt
82.0,f7,wd_lam1e-5,0.0,adam,0.0,True,small,0.004229370504617691,0.5,0.32340290509096037,0.375,0.7465312190287414,True,,snapshots_probe/small/f7/wd_lam1e-5/epoch_0082.pt
83.0,f7,wd_lam1e-5,0.0,adam,0.0,True,small,0.004468374419957399,0.5722222222222222,0.3353076669957223,0.35,0.7475222993062438,True,,snapshots_probe/small/f7/wd_lam1e-5/epoch_0083.pt
84.0,f7,wd_lam1e-5,0.0,adam,0.0,True,small,0.004955211188644171,0.6,0.3353076669957223,0.3125,0.7477700693756194,True,,snapshots_probe/small/f7/wd_lam1e-5/epoch_0084.pt
85.0,f7,wd_lam1e-5,0.0,adam,0.0,True,small,0.004265648778527975,0.5722222222222222,0.3353076669957223,0.35,0.7475222993062438,True,,snapshots_probe/small/f7/wd_lam1e-5/epoch_0085.pt
86.0,f7,wd_lam1e-5,0.0,adam,0.0,True,small,0.007254632655531168,0.5722222222222222,0.3353076669957223,0.35,0.7475222993062438,True,,snapshots_probe/small/f7/wd_lam1e-5/epoch_0086.pt
87.0,f7,wd_lam1e-5,0.0,adam,0.0,True,small,0.0053162709809839725,0.5722222222222222,0.32340290509096037,0.35,0.7470267591674925,True,,snapshots_probe/small/f7/wd_lam1e-5/epoch_0087.pt
88.0,f7,wd_lam1e-5,0.0,adam,0.0,True,small,0.005171645898371935,0.5151515151515151,0.32340290509096037,0.35714285714285715,0.746778989098117,True,,snapshots_probe/small/f7/wd_lam1e-5/epoch_0088.pt
89.0,f7,wd_lam1e-5,0.0,adam,0.0,True,small,0.004386396612972021,0.55,0.3353076669957223,0.375,0.7472745292368681,True,,snapshots_probe/small/f7/wd_lam1e-5/epoch_0089.pt
90.0,f7,wd_lam1e-5,0.0,adam,0.0,True,small,0.0044546895660459995,0.6,0.3353076669957223,0.3125,0.7477700693756194,True,,snapshots_probe/small/f7/wd_lam1e-5/epoch_0090.pt
91.0,f7,wd_lam1e-5,0.0,adam,0.0,True,small,0.0036866760347038507,0.5722222222222222,0.3353076669957223,0.35,0.7475222993062438,True,,snapshots_probe/small/f7/wd_lam1e-5/epoch_0091.pt
92.0,f7,wd_lam1e-5,0.0,adam,0.0,True,small,0.005455171689391136,0.55,0.3353076669957223,0.375,0.7472745292368681,True,,snapshots_probe/small/f7/wd_lam1e-5/epoch_0092.pt
93.0,f7,wd_lam1e-5,0.0,adam,0.0,True,small,0.007315231021493673,0.5722222222222222,0.3353076669957223,0.35,0.7475222993062438,True,,snapshots_probe/small/f7/wd_lam1e-5/epoch_0093.pt
94.0,f7,wd_lam1e-5,0.0,adam,0.0,True,small,0.006081604398787022,0.48717948717948717,0.32340290509096037,0.3888888888888889,0.7462834489593657,True,,snapshots_probe/small/f7/wd_lam1e-5/epoch_0094.pt
95.0,f7,wd_lam1e-5,0.0,adam,0.0,True,small,0.0035399554762989283,0.55,0.3353076669957223,0.375,0.7472745292368681,True,,snapshots_probe/small/f7/wd_lam1e-5/epoch_0095.pt
96.0,f7,wd_lam1e-5,0.0,adam,0.0,True,small,0.004856116138398647,0.5318181818181819,0.3353076669957223,0.39285714285714285,0.7470267591674926,True,,snapshots_probe/small/f7/wd_lam1e-5/epoch_0096.pt
97.0,f7,wd_lam1e-5,0.0,adam,0.0,True,small,0.004703842103481293,0.7159090909090909,0.39979669064071827,0.6428571428571428,0.8725222993062439,True,,snapshots_probe/small/f7/wd_lam1e-5/epoch_0097.pt
98.0,f7,wd_lam1e-5,0.0,adam,0.0,True,small,0.00570087693631649,0.5722222222222222,0.3353076669957223,0.35,0.7475222993062438,True,,snapshots_probe/small/f7/wd_lam1e-5/epoch_0098.pt
99.0,f7,wd_lam1e-5,0.0,adam,0.0,True,small,0.006629284471273422,0.6,0.3353076669957223,0.3125,0.7477700693756194,True,,snapshots_probe/small/f7/wd_lam1e-5/epoch_0099.pt
100.0,f7,wd_lam1e-5,0.0,adam,0.0,True,small,0.004395025782287121,0.6,0.3353076669957223,0.3125,0.7477700693756194,True,,snapshots_probe/small/f7/wd_lam1e-5/epoch_0100.pt
1.0,f7,wd_lam1e-4,0.0,adam,0.0,True,small,0.02331758476793766,0.7857142857142857,0.501974333662389,0.5,0.7492566897918732,True,,snapshots_probe/small/f7/wd_lam1e-4/epoch_0001.pt
2.0,f7,wd_lam1e-4,0.0,adam,0.0,True,small,0.011496596969664097,0.8541666666666666,0.6884871668311945,0.625,0.8745044598612487,True,,snapshots_probe/small/f7/wd_lam1e-4/epoch_0002.pt
3.0,f7,wd_lam1e-4,0.0,adam,0.0,True,small,0.014303158037364483,0.8303571428571428,0.6884871668311945,0.6666666666666666,0.8743805748265611,True,,snapshots_probe/small/f7/wd_lam1e-4/epoch_0003.pt
4.0,f7,wd_lam1e-4,0.0,adam,0.0,True,small,0.009786229580640793,0.75,0.501974333662389,0.5,0.7490089197224976,True,,snapshots_probe/small/f7/wd_lam1e-4/epoch_0004.pt
5.0,f7,wd_lam1e-4,0.0,adam,0.0,True,small,0.009302854537963867,0.7222222222222222,0.501974333662389,0.5,0.7487611496531219,True,,snapshots_probe/small/f7/wd_lam1e-4/epoch_0005.pt
6.0,f7,wd_lam1e-4,0.0,adam,0.0,True,small,0.007733156904578209,0.7,0.501974333662389,0.5,0.7485133795837462,True,,snapshots_probe/small/f7/wd_lam1e-4/epoch_0006.pt
7.0,f7,wd_lam1e-4,0.0,adam,0.0,True,small,0.011477869935333729,0.7222222222222222,0.501974333662389,0.5,0.7487611496531219,True,,snapshots_probe/small/f7/wd_lam1e-4/epoch_0007.pt
8.0,f7,wd_lam1e-4,0.0,adam,0.0,True,small,0.009412853978574276,0.6388888888888888,0.41864100032905555,0.45,0.7485133795837463,True,,snapshots_probe/small/f7/wd_lam1e-4/epoch_0008.pt
9.0,f7,wd_lam1e-4,0.0,adam,0.0,True,small,0.00837440975010395,0.5972222222222222,0.3769743336623889,0.4,0.7482656095143707,True,,snapshots_probe/small/f7/wd_lam1e-4/epoch_0009.pt
10.0,f7,wd_lam1e-4,0.0,adam,0.0,True,small,0.010590936057269573,0.5833333333333333,0.2529615004935834,0.25,0.6231417244796829,True,,snapshots_probe/small/f7/wd_lam1e-4/epoch_0010.pt
11.0,f7,wd_lam1e-4,0.0,adam,0.0,True,small,0.007672350388020277,0.5722222222222222,0.35197433366238895,0.35,0.748017839444995,True,,snapshots_probe/small/f7/wd_lam1e-4/epoch_0011.pt
12.0,f7,wd_lam1e-4,0.0,adam,0.0,True,small,0.005825643893331289,0.5722222222222222,0.35197433366238895,0.35,0.748017839444995,True,,snapshots_probe/small/f7/wd_lam1e-4/epoch_0012.pt
13.0,f7,wd_lam1e-4,0.0,adam,0.0,True,small,0.010236253961920738,0.5555555555555556,0.3353076669957223,0.3,0.7477700693756194,True,,snapshots_probe/small/f7/wd_lam1e-4/epoch_0013.pt
14.0,f7,wd_lam1e-4,0.0,adam,0.0,True,small,0.0069800312630832195,0.6,0.35197433366238895,0.3125,0.7482656095143707,True,,snapshots_probe/small/f7/wd_lam1e-4/epoch_0014.pt
15.0,f7,wd_lam1e-4,0.0,adam,0.0,True,small,0.005120486486703157,0.625,0.37697433366238897,0.375,0.7485133795837463,True,,snapshots_probe/small/f7/wd_lam1e-4/epoch_0015.pt
16.0,f7,wd_lam1e-4,0.0,adam,0.0,True,small,0.0060012913309037685,0.5722222222222222,0.35197433366238895,0.35,0.748017839444995,True,,snapshots_probe/small/f7/wd_lam1e-4/epoch_0016.pt
17.0,f7,wd_lam1e-4,0.0,adam,0.0,True,small,0.006569907534867525,0.625,0.37697433366238897,0.375,0.7485133795837463,True,,snapshots_probe/small/f7/wd_lam1e-4/epoch_0017.pt
18.0,f7,wd_lam1e-4,0.0,adam,0.0,True,small,0.008500203490257263,0.5722222222222222,0.32340290509096037,0.35,0.7470267591674925,True,,snapshots_probe/small/f7/wd_lam1e-4/epoch_0018.pt
19.0,f7,wd_lam1e-4,0.0,adam,0.0,True,small,0.005135664250701666,0.5333333333333333,0.3353076669957223,0.33333333333333337,0.7475222993062438,True,,snapshots_probe/small/f7/wd_lam1e-4/epoch_0019.pt
20.0,f7,wd_lam1e-4,0.0,adam,0.0,True,small,0.007601634599268436,0.625,0.35197433366238895,0.375,0.748017839444995,True,,snapshots_probe/small/f7/wd_lam1e-4/epoch_0020.pt
21.0,f7,wd_lam1e-4,0.0,adam,0.0,True,small,0.005467291921377182,0.5333333333333333,0.3353076669957223,0.33333333333333337,0.7475222993062438,True,,snapshots_probe/small/f7/wd_lam1e-4/epoch_0021.pt
22.0,f7,wd_lam1e-4,0.0,adam,0.0,True,small,0.005520523060113192,0.625,0.37697433366238897,0.375,0.7485133795837463,True,,snapshots_probe/small/f7/wd_lam1e-4/epoch_0022.pt
23.0,f7,wd_lam1e-4,0.0,adam,0.0,True,small,0.006517450790852308,0.5214285714285715,0.32340290509096037,0.29166666666666663,0.7472745292368681,True,,snapshots_probe/small/f7/wd_lam1e-4/epoch_0023.pt
24.0,f7,wd_lam1e-4,0.0,adam,0.0,True,small,0.0067409854382276535,0.625,0.35197433366238895,0.375,0.748017839444995,True,,snapshots_probe/small/f7/wd_lam1e-4/epoch_0024.pt
25.0,f7,wd_lam1e-4,0.0,adam,0.0,True,small,0.00646600965410471,0.5722222222222222,0.35197433366238895,0.35,0.748017839444995,True,,snapshots_probe/small/f7/wd_lam1e-4/epoch_0025.pt
26.0,f7,wd_lam1e-4,0.0,adam,0.0,True,small,0.014478219673037529,0.5722222222222222,0.35197433366238895,0.35,0.748017839444995,True,,snapshots_probe/small/f7/wd_lam1e-4/epoch_0026.pt
27.0,f7,wd_lam1e-4,0.0,adam,0.0,True,small,0.007850352674722672,0.5032467532467533,0.31447433366238897,0.3214285714285714,0.7465312190287414,True,,snapshots_probe/small/f7/wd_lam1e-4/epoch_0027.pt
28.0,f7,wd_lam1e-4,0.0,adam,0.0,True,small,0.010418996214866638,0.5333333333333333,0.32340290509096037,0.33333333333333337,0.7470267591674925,True,,snapshots_probe/small/f7/wd_lam1e-4/epoch_0028.pt
29.0,f7,wd_lam1e-4,0.0,adam,0.0,True,small,0.005090951453894377,0.625,0.35197433366238895,0.375,0.748017839444995,True,,snapshots_probe/small/f7/wd_lam1e-4/epoch_0029.pt
30.0,f7,wd_lam1e-4,0.0,adam,0.0,True,small,0.008604488335549831,0.625,0.37697433366238897,0.375,0.7485133795837463,True,,snapshots_probe/small/f7/wd_lam1e-4/epoch_0030.pt
31.0,f7,wd_lam1e-4,0.0,adam,0.0,True,small,0.01017721090465784,0.625,0.35197433366238895,0.375,0.748017839444995,True,,snapshots_probe/small/f7/wd_lam1e-4/epoch_0031.pt
32.0,f7,wd_lam1e-4,0.0,adam,0.0,True,small,0.010246231220662594,0.5333333333333333,0.32340290509096037,0.33333333333333337,0.7470267591674925,True,,snapshots_probe/small/f7/wd_lam1e-4/epoch_0032.pt
33.0,f7,wd_lam1e-4,0.0,adam,0.0,True,small,0.00464501790702343,0.5722222222222222,0.3353076669957223,0.35,0.7475222993062438,True,,snapshots_probe/small/f7/wd_lam1e-4/epoch_0033.pt
34.0,f7,wd_lam1e-4,0.0,adam,0.0,True,small,0.006863768212497234,0.5722222222222222,0.35197433366238895,0.35,0.748017839444995,True,,snapshots_probe/small/f7/wd_lam1e-4/epoch_0034.pt
35.0,f7,wd_lam1e-4,0.0,adam,0.0,True,small,0.005046827252954245,0.5722222222222222,0.3353076669957223,0.35,0.7475222993062438,True,,snapshots_probe/small/f7/wd_lam1e-4/epoch_0035.pt
36.0,f7,wd_lam1e-4,0.0,adam,0.0,True,small,0.008127501234412193,0.5333333333333333,0.32340290509096037,0.33333333333333337,0.7470267591674925,True,,snapshots_probe/small/f7/wd_lam1e-4/epoch_0036.pt
37.0,f7,wd_lam1e-4,0.0,adam,0.0,True,small,0.009067723527550697,0.625,0.37697433366238897,0.375,0.7485133795837463,True,,snapshots_probe/small/f7/wd_lam1e-4/epoch_0037.pt
38.0,f7,wd_lam1e-4,0.0,adam,0.0,True,small,0.006896513979882002,0.625,0.35197433366238895,0.375,0.748017839444995,True,,snapshots_probe/small/f7/wd_lam1e-4/epoch_0038.pt
39.0,f7,wd_lam1e-4,0.0,adam,0.0,True,small,0.005081475712358952,0.625,0.35197433366238895,0.375,0.748017839444995,True,,snapshots_probe/small/f7/wd_lam1e-4/epoch_0039.pt
40.0,f7,wd_lam1e-4,0.0,adam,0.0,True,small,0.006307485047727823,0.775,0.5426538334978611,0.625,0.8733894945490585,True,,snapshots_probe/small/f7/wd_lam1e-4/epoch_0040.pt
41.0,f7,wd_lam1e-4,0.0,adam,0.0,True,small,0.006675578188151121,0.5333333333333333,0.32340290509096037,0.33333333333333337,0.7470267591674925,True,,snapshots_probe/small/f7/wd_lam1e-4/epoch_0041.pt
42.0,f7,wd_lam1e-4,0.0,adam,0.0,True,small,0.0065727257169783115,0.5722222222222222,0.35197433366238895,0.35,0.748017839444995,True,,snapshots_probe/small/f7/wd_lam1e-4/epoch_0042.pt
43.0,f7,wd_lam1e-4,0.0,adam,0.0,True,small,0.007213383447378874,0.625,0.37697433366238897,0.375,0.7485133795837463,True,,snapshots_probe/small/f7/wd_lam1e-4/epoch_0043.pt
44.0,f7,wd_lam1e-4,0.0,adam,0.0,True,small,0.006931832991540432,0.5722222222222222,0.3353076669957223,0.35,0.7475222993062438,True,,snapshots_probe/small/f7/wd_lam1e-4/epoch_0044.pt
45.0,f7,wd_lam1e-4,0.0,adam,0.0,True,small,0.006674818694591522,0.5722222222222222,0.3353076669957223,0.35,0.7475222993062438,True,,snapshots_probe/small/f7/wd_lam1e-4/epoch_0045.pt
46.0,f7,wd_lam1e-4,0.0,adam,0.0,True,small,0.006500109564512968,0.5032467532467533,0.32340290509096037,0.3214285714285714,0.7470267591674925,True,,snapshots_probe/small/f7/wd_lam1e-4/epoch_0046.pt
47.0,f7,wd_lam1e-4,0.0,adam,0.0,True,small,0.011463706381618977,0.5032467532467533,0.32340290509096037,0.3214285714285714,0.7470267591674925,True,,snapshots_probe/small/f7/wd_lam1e-4/epoch_0047.pt
48.0,f7,wd_lam1e-4,0.0,adam,0.0,True,small,0.005498523358255625,0.5722222222222222,0.3353076669957223,0.35,0.7475222993062438,True,,snapshots_probe/small/f7/wd_lam1e-4/epoch_0048.pt
49.0,f7,wd_lam1e-4,0.0,adam,0.0,True,small,0.0057633062824606895,0.5722222222222222,0.3353076669957223,0.35,0.7475222993062438,True,,snapshots_probe/small/f7/wd_lam1e-4/epoch_0049.pt
50.0,f7,wd_lam1e-4,0.0,adam,0.0,True,small,0.005390009842813015,0.5722222222222222,0.3353076669957223,0.35,0.7475222993062438,True,,snapshots_probe/small/f7/wd_lam1e-4/epoch_0050.pt
51.0,f7,wd_lam1e-4,0.0,adam,0.0,True,small,0.009345641359686852,0.5032467532467533,0.31447433366238897,0.3214285714285714,0.7465312190287414,True,,snapshots_probe/small/f7/wd_lam1e-4/epoch_0051.pt
52.0,f7,wd_lam1e-4,0.0,adam,0.0,True,small,0.009334861300885677,0.5333333333333333,0.32340290509096037,0.33333333333333337,0.7470267591674925,True,,snapshots_probe/small/f7/wd_lam1e-4/epoch_0052.pt
53.0,f7,wd_lam1e-4,0.0,adam,0.0,True,small,0.005334062036126852,0.47916666666666663,0.31447433366238897,0.3125,0.7465312190287414,True,,snapshots_probe/small/f7/wd_lam1e-4/epoch_0053.pt
54.0,f7,wd_lam1e-4,0.0,adam,0.0,True,small,0.006459281779825687,0.5722222222222222,0.3353076669957223,0.35,0.7475222993062438,True,,snapshots_probe/small/f7/wd_lam1e-4/epoch_0054.pt
55.0,f7,wd_lam1e-4,0.0,adam,0.0,True,small,0.007729470729827881,0.5722222222222222,0.32340290509096037,0.35,0.7470267591674925,True,,snapshots_probe/small/f7/wd_lam1e-4/epoch_0055.pt
56.0,f7,wd_lam1e-4,0.0,adam,0.0,True,small,0.005287159699946642,0.5722222222222222,0.3353076669957223,0.35,0.7475222993062438,True,,snapshots_probe/small/f7/wd_lam1e-4/epoch_0056.pt
57.0,f7,wd_lam1e-4,0.0,adam,0.0,True,small,0.00762562733143568,0.5333333333333333,0.32340290509096037,0.33333333333333337,0.7470267591674925,True,,snapshots_probe/small/f7/wd_lam1e-4/epoch_0057.pt
58.0,f7,wd_lam1e-4,0.0,adam,0.0,True,small,0.005921176169067621,0.5032467532467533,0.31447433366238897,0.3214285714285714,0.7465312190287414,True,,snapshots_probe/small/f7/wd_lam1e-4/epoch_0058.pt
59.0,f7,wd_lam1e-4,0.0,adam,0.0,True,small,0.006664335262030363,0.5722222222222222,0.3353076669957223,0.35,0.7475222993062438,True,,snapshots_probe/small/f7/wd_lam1e-4/epoch_0059.pt
60.0,f7,wd_lam1e-4,0.0,adam,0.0,True,small,0.005541116464883089,0.5722222222222222,0.3353076669957223,0.35,0.7475222993062438,True,,snapshots_probe/small/f7/wd_lam1e-4/epoch_0060.pt
61.0,f7,wd_lam1e-4,0.0,adam,0.0,True,small,0.006015281192958355,0.5333333333333333,0.3353076669957223,0.33333333333333337,0.7475222993062438,True,,snapshots_probe/small/f7/wd_lam1e-4/epoch_0061.pt
62.0,f7,wd_lam1e-4,0.0,adam,0.0,True,small,0.005118616856634617,0.5722222222222222,0.3353076669957223,0.35,0.7475222993062438,True,,snapshots_probe/small/f7/wd_lam1e-4/epoch_0062.pt
63.0,f7,wd_lam1e-4,0.0,adam,0.0,True,small,0.005027657374739647,0.5333333333333333,0.32340290509096037,0.33333333333333337,0.7470267591674925,True,,snapshots_probe/small/f7/wd_lam1e-4/epoch_0063.pt
64.0,f7,wd_lam1e-4,0.0,adam,0.0,True,small,0.0076137627474963665,0.625,0.3353076669957223,0.375,0.7475222993062438,True,,snapshots_probe/small/f7/wd_lam1e-4/epoch_0064.pt
65.0,f7,wd_lam1e-4,0.0,adam,0.0,True,small,0.007066173944622278,0.5032467532467533,0.31447433366238897,0.3214285714285714,0.7465312190287414,True,,snapshots_probe/small/f7/wd_lam1e-4/epoch_0065.pt
66.0,f7,wd_lam1e-4,0.0,adam,0.0,True,small,0.007253650575876236,0.5722222222222222,0.3353076669957223,0.35,0.7475222993062438,True,,snapshots_probe/small/f7/wd_lam1e-4/epoch_0066.pt
67.0,f7,wd_lam1e-4,0.0,adam,0.0,True,small,0.005683139432221651,0.5722222222222222,0.35197433366238895,0.35,0.748017839444995,True,,snapshots_probe/small/f7/wd_lam1e-4/epoch_0067.pt
68.0,f7,wd_lam1e-4,0.0,adam,0.0,True,small,0.006903805769979954,0.5722222222222222,0.3353076669957223,0.35,0.7475222993062438,True,,snapshots_probe/small/f7/wd_lam1e-4/epoch_0068.pt
69.0,f7,wd_lam1e-4,0.0,adam,0.0,True,small,0.007251971401274204,0.5722222222222222,0.3353076669957223,0.35,0.7475222993062438,True,,snapshots_probe/small/f7/wd_lam1e-4/epoch_0069.pt
70.0,f7,wd_lam1e-4,0.0,adam,0.0,True,small,0.005415281746536493,0.5722222222222222,0.3353076669957223,0.35,0.7475222993062438,True,,snapshots_probe/small/f7/wd_lam1e-4/epoch_0070.pt
71.0,f7,wd_lam1e-4,0.0,adam,0.0,True,small,0.005829945672303438,0.5722222222222222,0.3353076669957223,0.35,0.7475222993062438,True,,snapshots_probe/small/f7/wd_lam1e-4/epoch_0071.pt
72.0,f7,wd_lam1e-4,0.0,adam,0.0,True,small,0.005991430953145027,0.625,0.35197433366238895,0.375,0.748017839444995,True,,snapshots_probe/small/f7/wd_lam1e-4/epoch_0072.pt
73.0,f7,wd_lam1e-4,0.0,adam,0.0,True,small,0.005468577612191439,0.5722222222222222,0.3353076669957223,0.35,0.7475222993062438,True,,snapshots_probe/small/f7/wd_lam1e-4/epoch_0073.pt
74.0,f7,wd_lam1e-4,0.0,adam,0.0,True,small,0.005997227970510721,0.5333333333333333,0.31447433366238897,0.33333333333333337,0.7465312190287414,True,,snapshots_probe/small/f7/wd_lam1e-4/epoch_0074.pt
75.0,f7,wd_lam1e-4,0.0,adam,0.0,True,small,0.006408181507140398,0.5722222222222222,0.32340290509096037,0.35,0.7470267591674925,True,,snapshots_probe/small/f7/wd_lam1e-4/epoch_0075.pt
76.0,f7,wd_lam1e-4,0.0,adam,0.0,True,small,0.005875098053365946,0.5722222222222222,0.3353076669957223,0.35,0.7475222993062438,True,,snapshots_probe/small/f7/wd_lam1e-4/epoch_0076.pt
77.0,f7,wd_lam1e-4,0.0,adam,0.0,True,small,0.006376566831022501,0.625,0.3353076669957223,0.375,0.7475222993062438,True,,snapshots_probe/small/f7/wd_lam1e-4/epoch_0077.pt
78.0,f7,wd_lam1e-4,0.0,adam,0.0,True,small,0.006457742769271135,0.5722222222222222,0.3353076669957223,0.35,0.7475222993062438,True,,snapshots_probe/small/f7/wd_lam1e-4/epoch_0078.pt
79.0,f7,wd_lam1e-4,0.0,adam,0.0,True,small,0.009028187021613121,0.6,0.32340290509096037,0.3125,0.7472745292368681,True,,snapshots_probe/small/f7/wd_lam1e-4/epoch_0079.pt
80.0,f7,wd_lam1e-4,0.0,adam,0.0,True,small,0.0065652308985590935,0.5333333333333333,0.32340290509096037,0.33333333333333337,0.7470267591674925,True,,snapshots_probe/small/f7/wd_lam1e-4/epoch_0080.pt
81.0,f7,wd_lam1e-4,0.0,adam,0.0,True,small,0.00548024196177721,0.6,0.32340290509096037,0.3125,0.7472745292368681,True,,snapshots_probe/small/f7/wd_lam1e-4/epoch_0081.pt
82.0,f7,wd_lam1e-4,0.0,adam,0.0,True,small,0.00837343093007803,0.5722222222222222,0.3353076669957223,0.35,0.7475222993062438,True,,snapshots_probe/small/f7/wd_lam1e-4/epoch_0082.pt
83.0,f7,wd_lam1e-4,0.0,adam,0.0,True,small,0.005042592994868755,0.5722222222222222,0.3353076669957223,0.35,0.7475222993062438,True,,snapshots_probe/small/f7/wd_lam1e-4/epoch_0083.pt
84.0,f7,wd_lam1e-4,0.0,adam,0.0,True,small,0.005640899296849966,0.5722222222222222,0.3353076669957223,0.35,0.7475222993062438,True,,snapshots_probe/small/f7/wd_lam1e-4/epoch_0084.pt
85.0,f7,wd_lam1e-4,0.0,adam,0.0,True,small,0.007723493967205286,0.5722222222222222,0.3353076669957223,0.35,0.7475222993062438,True,,snapshots_probe/small/f7/wd_lam1e-4/epoch_0085.pt
86.0,f7,wd_lam1e-4,0.0,adam,0.0,True,small,0.006445858161896467,0.5722222222222222,0.3353076669957223,0.35,0.7475222993062438,True,,snapshots_probe/small/f7/wd_lam1e-4/epoch_0086.pt
87.0,f7,wd_lam1e-4,0.0,adam,0.0,True,small,0.007316499948501587,0.6,0.32340290509096037,0.3125,0.7472745292368681,True,,snapshots_probe/small/f7/wd_lam1e-4/epoch_0087.pt
88.0,f7,wd_lam1e-4,0.0,adam,0.0,True,small,0.005257453303784132,0.6,0.3353076669957223,0.3125,0.7477700693756194,True,,snapshots_probe/small/f7/wd_lam1e-4/epoch_0088.pt
89.0,f7,wd_lam1e-4,0.0,adam,0.0,True,small,0.006607360206544399,0.5555555555555556,0.31447433366238897,0.3,0.7467789890981169,True,,snapshots_probe/small/f7/wd_lam1e-4/epoch_0089.pt
90.0,f7,wd_lam1e-4,0.0,adam,0.0,True,small,0.009080227464437485,0.6,0.3353076669957223,0.3125,0.7477700693756194,True,,snapshots_probe/small/f7/wd_lam1e-4/epoch_0090.pt
91.0,f7,wd_lam1e-4,0.0,adam,0.0,True,small,0.005343874916434288,0.625,0.35197433366238895,0.375,0.748017839444995,True,,snapshots_probe/small/f7/wd_lam1e-4/epoch_0091.pt
92.0,f7,wd_lam1e-4,0.0,adam,0.0,True,small,0.005870082415640354,0.5722222222222222,0.32340290509096037,0.35,0.7470267591674925,True,,snapshots_probe/small/f7/wd_lam1e-4/epoch_0092.pt
93.0,f7,wd_lam1e-4,0.0,adam,0.0,True,small,0.007394753862172365,0.5722222222222222,0.3353076669957223,0.35,0.7475222993062438,True,,snapshots_probe/small/f7/wd_lam1e-4/epoch_0093.pt
94.0,f7,wd_lam1e-4,0.0,adam,0.0,True,small,0.006731782108545303,0.5722222222222222,0.3353076669957223,0.35,0.7475222993062438,True,,snapshots_probe/small/f7/wd_lam1e-4/epoch_0094.pt
95.0,f7,wd_lam1e-4,0.0,adam,0.0,True,small,0.007155675906687975,0.625,0.35197433366238895,0.375,0.748017839444995,True,,snapshots_probe/small/f7/wd_lam1e-4/epoch_0095.pt
96.0,f7,wd_lam1e-4,0.0,adam,0.0,True,small,0.0066674803383648396,0.5722222222222222,0.35197433366238895,0.35,0.748017839444995,True,,snapshots_probe/small/f7/wd_lam1e-4/epoch_0096.pt
97.0,f7,wd_lam1e-4,0.0,adam,0.0,True,small,0.005454908590763807,0.5722222222222222,0.3353076669957223,0.35,0.7475222993062438,True,,snapshots_probe/small/f7/wd_lam1e-4/epoch_0097.pt
98.0,f7,wd_lam1e-4,0.0,adam,0.0,True,small,0.005476064048707485,0.5032467532467533,0.31447433366238897,0.3214285714285714,0.7465312190287414,True,,snapshots_probe/small/f7/wd_lam1e-4/epoch_0098.pt
99.0,f7,wd_lam1e-4,0.0,adam,0.0,True,small,0.006851059850305319,0.5722222222222222,0.3353076669957223,0.35,0.7475222993062438,True,,snapshots_probe/small/f7/wd_lam1e-4/epoch_0099.pt
100.0,f7,wd_lam1e-4,0.0,adam,0.0,True,small,0.0075942412950098515,0.5722222222222222,0.35197433366238895,0.35,0.748017839444995,True,,snapshots_probe/small/f7/wd_lam1e-4/epoch_0100.pt
1.0,f7,wd_lam1e-3,0.0,adam,0.0,True,small,0.022918520495295525,0.9,0.501974333662389,0.5,0.7497522299306243,True,,snapshots_probe/small/f7/wd_lam1e-3/epoch_0001.pt
2.0,f7,wd_lam1e-3,0.0,adam,0.0,True,small,0.020168175920844078,0.7857142857142857,0.4186410003290556,0.5,0.7487611496531219,True,,snapshots_probe/small/f7/wd_lam1e-3/epoch_0002.pt
3.0,f7,wd_lam1e-3,0.0,adam,0.0,True,small,0.018339211121201515,0.75,0.501974333662389,0.5,0.7490089197224976,True,,snapshots_probe/small/f7/wd_lam1e-3/epoch_0003.pt
4.0,f7,wd_lam1e-3,0.0,adam,0.0,True,small,0.013914979062974453,0.6818181818181819,0.501974333662389,0.5,0.7482656095143706,True,,snapshots_probe/small/f7/wd_lam1e-3/epoch_0004.pt
5.0,f7,wd_lam1e-3,0.0,adam,0.0,True,small,0.0300446767359972,0.7,0.501974333662389,0.5,0.7485133795837462,True,,snapshots_probe/small/f7/wd_lam1e-3/epoch_0005.pt
6.0,f7,wd_lam1e-3,0.0,adam,0.0,True,small,0.020187603309750557,0.6818181818181819,0.501974333662389,0.5,0.7482656095143706,True,,snapshots_probe/small/f7/wd_lam1e-3/epoch_0006.pt
7.0,f7,wd_lam1e-3,0.0,adam,0.0,True,small,0.0126050328835845,0.7,0.501974333662389,0.5,0.7485133795837462,True,,snapshots_probe/small/f7/wd_lam1e-3/epoch_0007.pt
8.0,f7,wd_lam1e-3,0.0,adam,0.0,True,small,0.012122840620577335,0.6166666666666667,0.4186410003290556,0.45833333333333337,0.7482656095143706,True,,snapshots_probe/small/f7/wd_lam1e-3/epoch_0008.pt
9.0,f7,wd_lam1e-3,0.0,adam,0.0,True,small,0.010871568694710732,0.5318181818181819,0.35197433366238895,0.39285714285714285,0.7475222993062437,True,,snapshots_probe/small/f7/wd_lam1e-3/epoch_0009.pt
10.0,f7,wd_lam1e-3,0.0,adam,0.0,True,small,0.010875776410102844,0.5318181818181819,0.35197433366238895,0.39285714285714285,0.7475222993062437,True,,snapshots_probe/small/f7/wd_lam1e-3/epoch_0010.pt
11.0,f7,wd_lam1e-3,0.0,adam,0.0,True,small,0.013407900929450989,0.575,0.37697433366238897,0.4166666666666667,0.748017839444995,True,,snapshots_probe/small/f7/wd_lam1e-3/epoch_0011.pt
12.0,f7,wd_lam1e-3,0.0,adam,0.0,True,small,0.011671749874949455,0.6388888888888888,0.41864100032905555,0.45,0.7485133795837463,True,,snapshots_probe/small/f7/wd_lam1e-3/epoch_0012.pt
13.0,f7,wd_lam1e-3,0.0,adam,0.0,True,small,0.00882362574338913,0.6388888888888888,0.41864100032905555,0.45,0.7485133795837463,True,,snapshots_probe/small/f7/wd_lam1e-3/epoch_0013.pt
14.0,f7,wd_lam1e-3,0.0,adam,0.0,True,small,0.009659776464104652,0.55,0.2529615004935834,0.25,0.6227700693756194,True,,snapshots_probe/small/f7/wd_lam1e-3/epoch_0014.pt
15.0,f7,wd_lam1e-3,0.0,adam,0.0,True,small,0.008376813493669033,0.5833333333333333,0.2529615004935834,0.25,0.6231417244796829,True,,snapshots_probe/small/f7/wd_lam1e-3/epoch_0015.pt
16.0,f7,wd_lam1e-3,0.0,adam,0.0,True,small,0.00847315602004528,0.5833333333333333,0.2529615004935834,0.25,0.6231417244796829,True,,snapshots_probe/small/f7/wd_lam1e-3/epoch_0016.pt
17.0,f7,wd_lam1e-3,0.0,adam,0.0,True,small,0.012378941290080547,0.5833333333333333,0.2529615004935834,0.25,0.6231417244796829,True,,snapshots_probe/small/f7/wd_lam1e-3/epoch_0017.pt
18.0,f7,wd_lam1e-3,0.0,adam,0.0,True,small,0.008054835721850395,0.5833333333333333,0.2529615004935834,0.25,0.6227700693756194,True,,snapshots_probe/small/f7/wd_lam1e-3/epoch_0018.pt
19.0,f7,wd_lam1e-3,0.0,adam,0.0,True,small,0.008777862414717674,0.55,0.2529615004935834,0.25,0.6227700693756194,True,,snapshots_probe/small/f7/wd_lam1e-3/epoch_0019.pt
20.0,f7,wd_lam1e-3,0.0,adam,0.0,True,small,0.008075697347521782,0.5833333333333333,0.2529615004935834,0.25,0.6227700693756194,True,,snapshots_probe/small/f7/wd_lam1e-3/epoch_0020.pt
21.0,f7,wd_lam1e-3,0.0,adam,0.0,True,small,0.009887384250760078,0.55,0.2529615004935834,0.25,0.6227700693756194,True,,snapshots_probe/small/f7/wd_lam1e-3/epoch_0021.pt
22.0,f7,wd_lam1e-3,0.0,adam,0.0,True,small,0.01878691278398037,0.625,0.2529615004935834,0.25,0.6235133795837463,True,,snapshots_probe/small/f7/wd_lam1e-3/epoch_0022.pt
23.0,f7,wd_lam1e-3,0.0,adam,0.0,True,small,0.008129000663757324,0.5227272727272727,0.2529615004935834,0.25,0.622398414271556,True,,snapshots_probe/small/f7/wd_lam1e-3/epoch_0023.pt
24.0,f7,wd_lam1e-3,0.0,adam,0.0,True,small,0.009733856655657291,0.55,0.2529615004935834,0.25,0.6227700693756194,True,,snapshots_probe/small/f7/wd_lam1e-3/epoch_0024.pt
25.0,f7,wd_lam1e-3,0.0,adam,0.0,True,small,0.015332447364926338,0.625,0.2529615004935834,0.25,0.6235133795837463,True,,snapshots_probe/small/f7/wd_lam1e-3/epoch_0025.pt
26.0,f7,wd_lam1e-3,0.0,adam,0.0,True,small,0.014143201522529125,0.625,0.2529615004935834,0.25,0.6235133795837463,True,,snapshots_probe/small/f7/wd_lam1e-3/epoch_0026.pt
27.0,f7,wd_lam1e-3,0.0,adam,0.0,True,small,0.009798785671591759,0.55,0.2529615004935834,0.25,0.6227700693756194,True,,snapshots_probe/small/f7/wd_lam1e-3/epoch_0027.pt
28.0,f7,wd_lam1e-3,0.0,adam,0.0,True,small,0.009157664142549038,0.55,0.2529615004935834,0.25,0.6227700693756194,True,,snapshots_probe/small/f7/wd_lam1e-3/epoch_0028.pt
29.0,f7,wd_lam1e-3,0.0,adam,0.0,True,small,0.008558548055589199,0.5833333333333333,0.2529615004935834,0.25,0.6227700693756194,True,,snapshots_probe/small/f7/wd_lam1e-3/epoch_0029.pt
30.0,f7,wd_lam1e-3,0.0,adam,0.0,True,small,0.009438854642212391,0.5833333333333333,0.2529615004935834,0.25,0.6231417244796829,True,,snapshots_probe/small/f7/wd_lam1e-3/epoch_0030.pt
31.0,f7,wd_lam1e-3,0.0,adam,0.0,True,small,0.00949777476489544,0.5833333333333333,0.2529615004935834,0.25,0.6227700693756194,True,,snapshots_probe/small/f7/wd_lam1e-3/epoch_0031.pt
32.0,f7,wd_lam1e-3,0.0,adam,0.0,True,small,0.011954051442444324,0.55,0.2529615004935834,0.25,0.6227700693756194,True,,snapshots_probe/small/f7/wd_lam1e-3/epoch_0032.pt
33.0,f7,wd_lam1e-3,0.0,adam,0.0,True,small,0.010893790982663631,0.5833333333333333,0.2529615004935834,0.25,0.6231417244796829,True,,snapshots_probe/small/f7/wd_lam1e-3/epoch_0033.pt
34.0,f7,wd_lam1e-3,0.0,adam,0.0,True,small,0.0085794972255826,0.55,0.2529615004935834,0.25,0.622398414271556,True,,snapshots_probe/small/f7/wd_lam1e-3/epoch_0034.pt
35.0,f7,wd_lam1e-3,0.0,adam,0.0,True,small,0.009982628747820854,0.5833333333333333,0.2529615004935834,0.25,0.6227700693756194,True,,snapshots_probe/small/f7/wd_lam1e-3/epoch_0035.pt
36.0,f7,wd_lam1e-3,0.0,adam,0.0,True,small,0.007993190549314022,0.5833333333333333,0.2529615004935834,0.25,0.6231417244796829,True,,snapshots_probe/small/f7/wd_lam1e-3/epoch_0036.pt
37.0,f7,wd_lam1e-3,0.0,adam,0.0,True,small,0.013430020771920681,0.5833333333333333,0.2529615004935834,0.25,0.6231417244796829,True,,snapshots_probe/small/f7/wd_lam1e-3/epoch_0037.pt
38.0,f7,wd_lam1e-3,0.0,adam,0.0,True,small,0.012768571265041828,0.5833333333333333,0.2529615004935834,0.25,0.6231417244796829,True,,snapshots_probe/small/f7/wd_lam1e-3/epoch_0038.pt
39.0,f7,wd_lam1e-3,0.0,adam,0.0,True,small,0.014128183014690876,0.55,0.2529615004935834,0.25,0.6220267591674926,True,,snapshots_probe/small/f7/wd_lam1e-3/epoch_0039.pt
40.0,f7,wd_lam1e-3,0.0,adam,0.0,True,small,0.008860411122441292,0.55,0.2529615004935834,0.25,0.6220267591674926,True,,snapshots_probe/small/f7/wd_lam1e-3/epoch_0040.pt
41.0,f7,wd_lam1e-3,0.0,adam,0.0,True,small,0.008247960358858109,0.5833333333333333,0.2529615004935834,0.25,0.6231417244796829,True,,snapshots_probe/small/f7/wd_lam1e-3/epoch_0041.pt
42.0,f7,wd_lam1e-3,0.0,adam,0.0,True,small,0.011142331175506115,0.55,0.2529615004935834,0.25,0.622398414271556,True,,snapshots_probe/small/f7/wd_lam1e-3/epoch_0042.pt
43.0,f7,wd_lam1e-3,0.0,adam,0.0,True,small,0.007661891635507345,0.55,0.2529615004935834,0.25,0.6227700693756194,True,,snapshots_probe/small/f7/wd_lam1e-3/epoch_0043.pt
44.0,f7,wd_lam1e-3,0.0,adam,0.0,True,small,0.010019345209002495,0.5833333333333333,0.2529615004935834,0.25,0.6231417244796829,True,,snapshots_probe/small/f7/wd_lam1e-3/epoch_0044.pt
45.0,f7,wd_lam1e-3,0.0,adam,0.0,True,small,0.00855687353760004,0.55,0.2529615004935834,0.25,0.6227700693756194,True,,snapshots_probe/small/f7/wd_lam1e-3/epoch_0045.pt
46.0,f7,wd_lam1e-3,0.0,adam,0.0,True,small,0.012972350232303143,0.55,0.2529615004935834,0.25,0.622398414271556,True,,snapshots_probe/small/f7/wd_lam1e-3/epoch_0046.pt
47.0,f7,wd_lam1e-3,0.0,adam,0.0,True,small,0.009166180156171322,0.5833333333333333,0.2529615004935834,0.25,0.6227700693756194,True,,snapshots_probe/small/f7/wd_lam1e-3/epoch_0047.pt
48.0,f7,wd_lam1e-3,0.0,adam,0.0,True,small,0.013682134449481964,0.5833333333333333,0.2529615004935834,0.25,0.6227700693756194,True,,snapshots_probe/small/f7/wd_lam1e-3/epoch_0048.pt
49.0,f7,wd_lam1e-3,0.0,adam,0.0,True,small,0.007789488881826401,0.5833333333333333,0.2529615004935834,0.25,0.6227700693756194,True,,snapshots_probe/small/f7/wd_lam1e-3/epoch_0049.pt
50.0,f7,wd_lam1e-3,0.0,adam,0.0,True,small,0.01022458728402853,0.625,0.2529615004935834,0.25,0.6231417244796829,True,,snapshots_probe/small/f7/wd_lam1e-3/epoch_0050.pt
51.0,f7,wd_lam1e-3,0.0,adam,0.0,True,small,0.008371471427381039,0.5833333333333333,0.2529615004935834,0.25,0.6227700693756194,True,,snapshots_probe/small/f7/wd_lam1e-3/epoch_0051.pt
52.0,f7,wd_lam1e-3,0.0,adam,0.0,True,small,0.011343122459948063,0.5833333333333333,0.2529615004935834,0.25,0.6231417244796829,True,,snapshots_probe/small/f7/wd_lam1e-3/epoch_0052.pt
53.0,f7,wd_lam1e-3,0.0,adam,0.0,True,small,0.009118284098803997,0.5833333333333333,0.2529615004935834,0.25,0.6231417244796829,True,,snapshots_probe/small/f7/wd_lam1e-3/epoch_0053.pt
54.0,f7,wd_lam1e-3,0.0,adam,0.0,True,small,0.010351434350013733,0.625,0.2529615004935834,0.25,0.6235133795837463,True,,snapshots_probe/small/f7/wd_lam1e-3/epoch_0054.pt
55.0,f7,wd_lam1e-3,0.0,adam,0.0,True,small,0.009612997993826866,0.5833333333333333,0.2529615004935834,0.25,0.6231417244796829,True,,snapshots_probe/small/f7/wd_lam1e-3/epoch_0055.pt
56.0,f7,wd_lam1e-3,0.0,adam,0.0,True,small,0.010369987227022648,0.55,0.2529615004935834,0.25,0.622398414271556,True,,snapshots_probe/small/f7/wd_lam1e-3/epoch_0056.pt
57.0,f7,wd_lam1e-3,0.0,adam,0.0,True,small,0.00902592297643423,0.625,0.2529615004935834,0.25,0.6235133795837463,True,,snapshots_probe/small/f7/wd_lam1e-3/epoch_0057.pt
58.0,f7,wd_lam1e-3,0.0,adam,0.0,True,small,0.008153705857694149,0.55,0.2529615004935834,0.25,0.6227700693756194,True,,snapshots_probe/small/f7/wd_lam1e-3/epoch_0058.pt
59.0,f7,wd_lam1e-3,0.0,adam,0.0,True,small,0.009118801914155483,0.5833333333333333,0.2529615004935834,0.25,0.6231417244796829,True,,snapshots_probe/small/f7/wd_lam1e-3/epoch_0059.pt
60.0,f7,wd_lam1e-3,0.0,adam,0.0,True,small,0.0094368327409029,0.5833333333333333,0.2529615004935834,0.25,0.6231417244796829,True,,snapshots_probe/small/f7/wd_lam1e-3/epoch_0060.pt
61.0,f7,wd_lam1e-3,0.0,adam,0.0,True,small,0.008368071168661118,0.55,0.2529615004935834,0.25,0.6227700693756194,True,,snapshots_probe/small/f7/wd_lam1e-3/epoch_0061.pt
62.0,f7,wd_lam1e-3,0.0,adam,0.0,True,small,0.010570467449724674,0.5833333333333333,0.2529615004935834,0.25,0.6227700693756194,True,,snapshots_probe/small/f7/wd_lam1e-3/epoch_0062.pt
63.0,f7,wd_lam1e-3,0.0,adam,0.0,True,small,0.009556814096868038,0.5833333333333333,0.2529615004935834,0.25,0.6227700693756194,True,,snapshots_probe/small/f7/wd_lam1e-3/epoch_0063.pt
64.0,f7,wd_lam1e-3,0.0,adam,0.0,True,small,0.009209906682372093,0.625,0.2529615004935834,0.25,0.6235133795837463,True,,snapshots_probe/small/f7/wd_lam1e-3/epoch_0064.pt
65.0,f7,wd_lam1e-3,0.0,adam,0.0,True,small,0.00941396877169609,0.5833333333333333,0.2529615004935834,0.25,0.6231417244796829,True,,snapshots_probe/small/f7/wd_lam1e-3/epoch_0065.pt
66.0,f7,wd_lam1e-3,0.0,adam,0.0,True,small,0.009568111971020699,0.55,0.2529615004935834,0.25,0.6227700693756194,True,,snapshots_probe/small/f7/wd_lam1e-3/epoch_0066.pt
67.0,f7,wd_lam1e-3,0.0,adam,0.0,True,small,0.008656620979309082,0.5,0.2529615004935834,0.25,0.6216551040634292,True,,snapshots_probe/small/f7/wd_lam1e-3/epoch_0067.pt
68.0,f7,wd_lam1e-3,0.0,adam,0.0,True,small,0.0095902718603611,0.55,0.2529615004935834,0.25,0.622398414271556,True,,snapshots_probe/small/f7/wd_lam1e-3/epoch_0068.pt
69.0,f7,wd_lam1e-3,0.0,adam,0.0,True,small,0.01021310780197382,0.5833333333333333,0.2529615004935834,0.25,0.6227700693756194,True,,snapshots_probe/small/f7/wd_lam1e-3/epoch_0069.pt
70.0,f7,wd_lam1e-3,0.0,adam,0.0,True,small,0.009441155940294266,0.5833333333333333,0.2529615004935834,0.25,0.6231417244796829,True,,snapshots_probe/small/f7/wd_lam1e-3/epoch_0070.pt
71.0,f7,wd_lam1e-3,0.0,adam,0.0,True,small,0.009206041693687439,0.5833333333333333,0.2529615004935834,0.25,0.6227700693756194,True,,snapshots_probe/small/f7/wd_lam1e-3/epoch_0071.pt
72.0,f7,wd_lam1e-3,0.0,adam,0.0,True,small,0.00949731096625328,0.5227272727272727,0.2529615004935834,0.25,0.622398414271556,True,,snapshots_probe/small/f7/wd_lam1e-3/epoch_0072.pt
73.0,f7,wd_lam1e-3,0.0,adam,0.0,True,small,0.009248943068087101,0.55,0.2529615004935834,0.25,0.622398414271556,True,,snapshots_probe/small/f7/wd_lam1e-3/epoch_0073.pt
74.0,f7,wd_lam1e-3,0.0,adam,0.0,True,small,0.010698235593736172,0.625,0.2529615004935834,0.25,0.6231417244796829,True,,snapshots_probe/small/f7/wd_lam1e-3/epoch_0074.pt
75.0,f7,wd_lam1e-3,0.0,adam,0.0,True,small,0.008094376884400845,0.5833333333333333,0.2529615004935834,0.25,0.6231417244796829,True,,snapshots_probe/small/f7/wd_lam1e-3/epoch_0075.pt
76.0,f7,wd_lam1e-3,0.0,adam,0.0,True,small,0.007883396930992603,0.55,0.2529615004935834,0.25,0.6227700693756194,True,,snapshots_probe/small/f7/wd_lam1e-3/epoch_0076.pt
77.0,f7,wd_lam1e-3,0.0,adam,0.0,True,small,0.016005074605345726,0.5833333333333333,0.2529615004935834,0.25,0.6231417244796829,True,,snapshots_probe/small/f7/wd_lam1e-3/epoch_0077.pt
78.0,f7,wd_lam1e-3,0.0,adam,0.0,True,small,0.008498252369463444,0.55,0.2529615004935834,0.25,0.6227700693756194,True,,snapshots_probe/small/f7/wd_lam1e-3/epoch_0078.pt
79.0,f7,wd_lam1e-3,0.0,adam,0.0,True,small,0.010829072445631027,0.5833333333333333,0.2529615004935834,0.25,0.6231417244796829,True,,snapshots_probe/small/f7/wd_lam1e-3/epoch_0079.pt
80.0,f7,wd_lam1e-3,0.0,adam,0.0,True,small,0.0068670050241053104,0.5833333333333333,0.2529615004935834,0.25,0.6227700693756194,True,,snapshots_probe/small/f7/wd_lam1e-3/epoch_0080.pt
81.0,f7,wd_lam1e-3,0.0,adam,0.0,True,small,0.0074640377424657345,0.5833333333333333,0.2529615004935834,0.25,0.6231417244796829,True,,snapshots_probe/small/f7/wd_lam1e-3/epoch_0081.pt
82.0,f7,wd_lam1e-3,0.0,adam,0.0,True,small,0.007569246459752321,0.5,0.2529615004935834,0.25,0.6220267591674926,True,,snapshots_probe/small/f7/wd_lam1e-3/epoch_0082.pt
83.0,f7,wd_lam1e-3,0.0,adam,0.0,True,small,0.007172566372901201,0.5833333333333333,0.2529615004935834,0.25,0.6227700693756194,True,,snapshots_probe/small/f7/wd_lam1e-3/epoch_0083.pt
84.0,f7,wd_lam1e-3,0.0,adam,0.0,True,small,0.009080318734049797,0.5833333333333333,0.2529615004935834,0.25,0.6231417244796829,True,,snapshots_probe/small/f7/wd_lam1e-3/epoch_0084.pt
85.0,f7,wd_lam1e-3,0.0,adam,0.0,True,small,0.009759871289134026,0.5833333333333333,0.2529615004935834,0.25,0.6227700693756194,True,,snapshots_probe/small/f7/wd_lam1e-3/epoch_0085.pt
86.0,f7,wd_lam1e-3,0.0,adam,0.0,True,small,0.008160595782101154,0.5833333333333333,0.2529615004935834,0.25,0.6227700693756194,True,,snapshots_probe/small/f7/wd_lam1e-3/epoch_0086.pt
87.0,f7,wd_lam1e-3,0.0,adam,0.0,True,small,0.00888266321271658,0.55,0.2529615004935834,0.25,0.6227700693756194,True,,snapshots_probe/small/f7/wd_lam1e-3/epoch_0087.pt
88.0,f7,wd_lam1e-3,0.0,adam,0.0,True,small,0.009016082622110844,0.5833333333333333,0.2529615004935834,0.25,0.6227700693756194,True,,snapshots_probe/small/f7/wd_lam1e-3/epoch_0088.pt
89.0,f7,wd_lam1e-3,0.0,adam,0.0,True,small,0.008873475715517998,0.625,0.2529615004935834,0.25,0.6235133795837463,True,,snapshots_probe/small/f7/wd_lam1e-3/epoch_0089.pt
90.0,f7,wd_lam1e-3,0.0,adam,0.0,True,small,0.013014385476708412,0.55,0.2529615004935834,0.25,0.6227700693756194,True,,snapshots_probe/small/f7/wd_lam1e-3/epoch_0090.pt
91.0,f7,wd_lam1e-3,0.0,adam,0.0,True,small,0.007519527804106474,0.5833333333333333,0.2529615004935834,0.25,0.6231417244796829,True,,snapshots_probe/small/f7/wd_lam1e-3/epoch_0091.pt
92.0,f7,wd_lam1e-3,0.0,adam,0.0,True,small,0.009321484714746475,0.5833333333333333,0.2529615004935834,0.25,0.6231417244796829,True,,snapshots_probe/small/f7/wd_lam1e-3/epoch_0092.pt
93.0,f7,wd_lam1e-3,0.0,adam,0.0,True,small,0.013225467875599861,0.5833333333333333,0.2529615004935834,0.25,0.6231417244796829,True,,snapshots_probe/small/f7/wd_lam1e-3/epoch_0093.pt
94.0,f7,wd_lam1e-3,0.0,adam,0.0,True,small,0.009891687892377377,0.5227272727272727,0.2529615004935834,0.25,0.622398414271556,True,,snapshots_probe/small/f7/wd_lam1e-3/epoch_0094.pt
95.0,f7,wd_lam1e-3,0.0,adam,0.0,True,small,0.007514121476560831,0.55,0.2529615004935834,0.25,0.622398414271556,True,,snapshots_probe/small/f7/wd_lam1e-3/epoch_0095.pt
96.0,f7,wd_lam1e-3,0.0,adam,0.0,True,small,0.009791976772248745,0.55,0.2529615004935834,0.25,0.6227700693756194,True,,snapshots_probe/small/f7/wd_lam1e-3/epoch_0096.pt
97.0,f7,wd_lam1e-3,0.0,adam,0.0,True,small,0.008512239903211594,0.5833333333333333,0.2529615004935834,0.25,0.6231417244796829,True,,snapshots_probe/small/f7/wd_lam1e-3/epoch_0097.pt
98.0,f7,wd_lam1e-3,0.0,adam,0.0,True,small,0.010728695429861546,0.5833333333333333,0.2529615004935834,0.25,0.6231417244796829,True,,snapshots_probe/small/f7/wd_lam1e-3/epoch_0098.pt
99.0,f7,wd_lam1e-3,0.0,adam,0.0,True,small,0.008270111866295338,0.55,0.2529615004935834,0.25,0.6227700693756194,True,,snapshots_probe/small/f7/wd_lam1e-3/epoch_0099.pt
100.0,f7,wd_lam1e-3,0.0,adam,0.0,True,small,0.008036775514483452,0.5833333333333333,0.2529615004935834,0.25,0.6231417244796829,True,,snapshots_probe/small/f7/wd_lam1e-3/epoch_0100.pt
1.0,f7,wd_lam1e-2,0.0,adam,0.0,True,small,0.03517717495560646,0.7857142857142857,0.501974333662389,0.5,0.7492566897918732,True,,snapshots_probe/small/f7/wd_lam1e-2/epoch_0001.pt
2.0,f7,wd_lam1e-2,0.0,adam,0.0,True,small,0.026640120893716812,0.9,0.501974333662389,0.5,0.7497522299306243,True,,snapshots_probe/small/f7/wd_lam1e-2/epoch_0002.pt
3.0,f7,wd_lam1e-2,0.0,adam,0.0,True,small,0.03050866723060608,0.9,0.501974333662389,0.5,0.7497522299306243,True,,snapshots_probe/small/f7/wd_lam1e-2/epoch_0003.pt
4.0,f7,wd_lam1e-2,0.0,adam,0.0,True,small,0.04370485618710518,0.7857142857142857,0.501974333662389,0.5,0.7492566897918732,True,,snapshots_probe/small/f7/wd_lam1e-2/epoch_0004.pt
5.0,f7,wd_lam1e-2,0.0,adam,0.0,True,small,0.02236814610660076,0.75,0.501974333662389,0.5,0.7490089197224976,True,,snapshots_probe/small/f7/wd_lam1e-2/epoch_0005.pt
6.0,f7,wd_lam1e-2,0.0,adam,0.0,True,small,0.027804942801594734,0.7857142857142857,0.501974333662389,0.5,0.7492566897918732,True,,snapshots_probe/small/f7/wd_lam1e-2/epoch_0006.pt
7.0,f7,wd_lam1e-2,0.0,adam,0.0,True,small,0.02936776913702488,0.8333333333333333,0.501974333662389,0.5,0.7495044598612487,True,,snapshots_probe/small/f7/wd_lam1e-2/epoch_0007.pt
8.0,f7,wd_lam1e-2,0.0,adam,0.0,True,small,0.022306371480226517,0.7857142857142857,0.501974333662389,0.5,0.7492566897918732,True,,snapshots_probe/small/f7/wd_lam1e-2/epoch_0008.pt
9.0,f7,wd_lam1e-2,0.0,adam,0.0,True,small,0.031449224799871445,0.75,0.501974333662389,0.5,0.7490089197224976,True,,snapshots_probe/small/f7/wd_lam1e-2/epoch_0009.pt
10.0,f7,wd_lam1e-2,0.0,adam,0.0,True,small,0.03177093341946602,0.7857142857142857,0.501974333662389,0.5,0.7492566897918732,True,,snapshots_probe/small/f7/wd_lam1e-2/epoch_0010.pt
11.0,f7,wd_lam1e-2,0.0,adam,0.0,True,small,0.03307821974158287,0.75,0.501974333662389,0.5,0.7490089197224976,True,,snapshots_probe/small/f7/wd_lam1e-2/epoch_0011.pt
12.0,f7,wd_lam1e-2,0.0,adam,0.0,True,small,0.03154389187693596,0.7222222222222222,0.501974333662389,0.5,0.7487611496531219,True,,snapshots_probe/small/f7/wd_lam1e-2/epoch_0012.pt
13.0,f7,wd_lam1e-2,0.0,adam,0.0,True,small,0.025404024869203568,0.7222222222222222,0.501974333662389,0.5,0.7487611496531219,True,,snapshots_probe/small/f7/wd_lam1e-2/epoch_0013.pt
14.0,f7,wd_lam1e-2,0.0,adam,0.0,True,small,0.031318362802267075,0.75,0.501974333662389,0.5,0.7490089197224976,True,,snapshots_probe/small/f7/wd_lam1e-2/epoch_0014.pt
15.0,f7,wd_lam1e-2,0.0,adam,0.0,True,small,0.02539687231183052,0.7222222222222222,0.501974333662389,0.5,0.7487611496531219,True,,snapshots_probe/small/f7/wd_lam1e-2/epoch_0015.pt
16.0,f7,wd_lam1e-2,0.0,adam,0.0,True,small,0.03249725326895714,0.7,0.501974333662389,0.5,0.7485133795837462,True,,snapshots_probe/small/f7/wd_lam1e-2/epoch_0016.pt
17.0,f7,wd_lam1e-2,0.0,adam,0.0,True,small,0.02390824817121029,0.7222222222222222,0.501974333662389,0.5,0.7487611496531219,True,,snapshots_probe/small/f7/wd_lam1e-2/epoch_0017.pt
18.0,f7,wd_lam1e-2,0.0,adam,0.0,True,small,0.023631004616618156,0.7222222222222222,0.501974333662389,0.5,0.7487611496531219,True,,snapshots_probe/small/f7/wd_lam1e-2/epoch_0018.pt
19.0,f7,wd_lam1e-2,0.0,adam,0.0,True,small,0.023013409227132797,0.7222222222222222,0.501974333662389,0.5,0.7487611496531219,True,,snapshots_probe/small/f7/wd_lam1e-2/epoch_0019.pt
20.0,f7,wd_lam1e-2,0.0,adam,0.0,True,small,0.02918488346040249,0.75,0.501974333662389,0.5,0.7490089197224976,True,,snapshots_probe/small/f7/wd_lam1e-2/epoch_0020.pt
21.0,f7,wd_lam1e-2,0.0,adam,0.0,True,small,0.029431967064738274,0.7222222222222222,0.501974333662389,0.5,0.7487611496531219,True,,snapshots_probe/small/f7/wd_lam1e-2/epoch_0021.pt
22.0,f7,wd_lam1e-2,0.0,adam,0.0,True,small,0.02520042285323143,0.7,0.501974333662389,0.5,0.7485133795837462,True,,snapshots_probe/small/f7/wd_lam1e-2/epoch_0022.pt
23.0,f7,wd_lam1e-2,0.0,adam,0.0,True,small,0.029033031314611435,0.75,0.501974333662389,0.5,0.7490089197224976,True,,snapshots_probe/small/f7/wd_lam1e-2/epoch_0023.pt
24.0,f7,wd_lam1e-2,0.0,adam,0.0,True,small,0.027629707008600235,0.75,0.501974333662389,0.5,0.7490089197224976,True,,snapshots_probe/small/f7/wd_lam1e-2/epoch_0024.pt
25.0,f7,wd_lam1e-2,0.0,adam,0.0,True,small,0.030056212097406387,0.6818181818181819,0.501974333662389,0.5,0.7482656095143706,True,,snapshots_probe/small/f7/wd_lam1e-2/epoch_0025.pt
26.0,f7,wd_lam1e-2,0.0,adam,0.0,True,small,0.027522949501872063,0.75,0.501974333662389,0.5,0.7490089197224976,True,,snapshots_probe/small/f7/wd_lam1e-2/epoch_0026.pt
27.0,f7,wd_lam1e-2,0.0,adam,0.0,True,small,0.030952608212828636,0.7222222222222222,0.501974333662389,0.5,0.7487611496531219,True,,snapshots_probe/small/f7/wd_lam1e-2/epoch_0027.pt
28.0,f7,wd_lam1e-2,0.0,adam,0.0,True,small,0.022434446960687637,0.6428571428571428,0.501974333662389,0.5,0.7475222993062438,True,,snapshots_probe/small/f7/wd_lam1e-2/epoch_0028.pt
29.0,f7,wd_lam1e-2,0.0,adam,0.0,True,small,0.026015687733888626,0.6666666666666666,0.501974333662389,0.5,0.7480178394449951,True,,snapshots_probe/small/f7/wd_lam1e-2/epoch_0029.pt
30.0,f7,wd_lam1e-2,0.0,adam,0.0,True,small,0.022674208506941795,0.7,0.501974333662389,0.5,0.7485133795837462,True,,snapshots_probe/small/f7/wd_lam1e-2/epoch_0030.pt
31.0,f7,wd_lam1e-2,0.0,adam,0.0,True,small,0.026184292510151863,0.6666666666666666,0.501974333662389,0.5,0.7480178394449951,True,,snapshots_probe/small/f7/wd_lam1e-2/epoch_0031.pt
32.0,f7,wd_lam1e-2,0.0,adam,0.0,True,small,0.02370566502213478,0.7222222222222222,0.501974333662389,0.5,0.7487611496531219,True,,snapshots_probe/small/f7/wd_lam1e-2/epoch_0032.pt
33.0,f7,wd_lam1e-2,0.0,adam,0.0,True,small,0.03287765383720398,0.7,0.501974333662389,0.5,0.7485133795837462,True,,snapshots_probe/small/f7/wd_lam1e-2/epoch_0033.pt
34.0,f7,wd_lam1e-2,0.0,adam,0.0,True,small,0.02749059721827507,0.7222222222222222,0.501974333662389,0.5,0.7487611496531219,True,,snapshots_probe/small/f7/wd_lam1e-2/epoch_0034.pt
35.0,f7,wd_lam1e-2,0.0,adam,0.0,True,small,0.026513008400797844,0.7,0.501974333662389,0.5,0.7485133795837462,True,,snapshots_probe/small/f7/wd_lam1e-2/epoch_0035.pt
36.0,f7,wd_lam1e-2,0.0,adam,0.0,True,small,0.026107899844646454,0.6538461538461539,0.501974333662389,0.5,0.7477700693756195,True,,snapshots_probe/small/f7/wd_lam1e-2/epoch_0036.pt
37.0,f7,wd_lam1e-2,0.0,adam,0.0,True,small,0.02684260904788971,0.7222222222222222,0.501974333662389,0.5,0.7487611496531219,True,,snapshots_probe/small/f7/wd_lam1e-2/epoch_0037.pt
38.0,f7,wd_lam1e-2,0.0,adam,0.0,True,small,0.030566010624170303,0.6818181818181819,0.501974333662389,0.5,0.7482656095143706,True,,snapshots_probe/small/f7/wd_lam1e-2/epoch_0038.pt
39.0,f7,wd_lam1e-2,0.0,adam,0.0,True,small,0.02633834443986416,0.6666666666666666,0.501974333662389,0.5,0.7480178394449951,True,,snapshots_probe/small/f7/wd_lam1e-2/epoch_0039.pt
40.0,f7,wd_lam1e-2,0.0,adam,0.0,True,small,0.024581853300333023,0.6818181818181819,0.501974333662389,0.5,0.7482656095143706,True,,snapshots_probe/small/f7/wd_lam1e-2/epoch_0040.pt
41.0,f7,wd_lam1e-2,0.0,adam,0.0,True,small,0.024783939123153687,0.7222222222222222,0.501974333662389,0.5,0.7487611496531219,True,,snapshots_probe/small/f7/wd_lam1e-2/epoch_0041.pt
42.0,f7,wd_lam1e-2,0.0,adam,0.0,True,small,0.02707698568701744,0.7,0.501974333662389,0.5,0.7485133795837462,True,,snapshots_probe/small/f7/wd_lam1e-2/epoch_0042.pt
43.0,f7,wd_lam1e-2,0.0,adam,0.0,True,small,0.022133687511086464,0.6818181818181819,0.501974333662389,0.5,0.7482656095143706,True,,snapshots_probe/small/f7/wd_lam1e-2/epoch_0043.pt
44.0,f7,wd_lam1e-2,0.0,adam,0.0,True,small,0.02785428799688816,0.6538461538461539,0.501974333662389,0.5,0.7477700693756195,True,,snapshots_probe/small/f7/wd_lam1e-2/epoch_0044.pt
45.0,f7,wd_lam1e-2,0.0,adam,0.0,True,small,0.028210792690515518,0.7,0.501974333662389,0.5,0.7485133795837462,True,,snapshots_probe/small/f7/wd_lam1e-2/epoch_0045.pt
46.0,f7,wd_lam1e-2,0.0,adam,0.0,True,small,0.027565591037273407,0.7,0.501974333662389,0.5,0.7485133795837462,True,,snapshots_probe/small/f7/wd_lam1e-2/epoch_0046.pt
47.0,f7,wd_lam1e-2,0.0,adam,0.0,True,small,0.025194983929395676,0.7,0.501974333662389,0.5,0.7485133795837462,True,,snapshots_probe/small/f7/wd_lam1e-2/epoch_0047.pt
48.0,f7,wd_lam1e-2,0.0,adam,0.0,True,small,0.02646740712225437,0.7222222222222222,0.501974333662389,0.5,0.7487611496531219,True,,snapshots_probe/small/f7/wd_lam1e-2/epoch_0048.pt
49.0,f7,wd_lam1e-2,0.0,adam,0.0,True,small,0.023561963811516762,0.6666666666666666,0.501974333662389,0.5,0.7480178394449951,True,,snapshots_probe/small/f7/wd_lam1e-2/epoch_0049.pt
50.0,f7,wd_lam1e-2,0.0,adam,0.0,True,small,0.022959738969802856,0.7,0.501974333662389,0.5,0.7485133795837462,True,,snapshots_probe/small/f7/wd_lam1e-2/epoch_0050.pt
51.0,f7,wd_lam1e-2,0.0,adam,0.0,True,small,0.025234151631593704,0.6818181818181819,0.501974333662389,0.5,0.7482656095143706,True,,snapshots_probe/small/f7/wd_lam1e-2/epoch_0051.pt
52.0,f7,wd_lam1e-2,0.0,adam,0.0,True,small,0.027306541800498962,0.6818181818181819,0.501974333662389,0.5,0.7482656095143706,True,,snapshots_probe/small/f7/wd_lam1e-2/epoch_0052.pt
53.0,f7,wd_lam1e-2,0.0,adam,0.0,True,small,0.024786509573459625,0.7,0.501974333662389,0.5,0.7485133795837462,True,,snapshots_probe/small/f7/wd_lam1e-2/epoch_0053.pt
54.0,f7,wd_lam1e-2,0.0,adam,0.0,True,small,0.03078010305762291,0.6818181818181819,0.501974333662389,0.5,0.7482656095143706,True,,snapshots_probe/small/f7/wd_lam1e-2/epoch_0054.pt
55.0,f7,wd_lam1e-2,0.0,adam,0.0,True,small,0.024225108325481415,0.6818181818181819,0.501974333662389,0.5,0.7482656095143706,True,,snapshots_probe/small/f7/wd_lam1e-2/epoch_0055.pt
56.0,f7,wd_lam1e-2,0.0,adam,0.0,True,small,0.02497994713485241,0.6818181818181819,0.501974333662389,0.5,0.7482656095143706,True,,snapshots_probe/small/f7/wd_lam1e-2/epoch_0056.pt
57.0,f7,wd_lam1e-2,0.0,adam,0.0,True,small,0.02578730694949627,0.6666666666666666,0.501974333662389,0.5,0.7480178394449951,True,,snapshots_probe/small/f7/wd_lam1e-2/epoch_0057.pt
58.0,f7,wd_lam1e-2,0.0,adam,0.0,True,small,0.04015408828854561,0.6666666666666666,0.501974333662389,0.5,0.7480178394449951,True,,snapshots_probe/small/f7/wd_lam1e-2/epoch_0058.pt
59.0,f7,wd_lam1e-2,0.0,adam,0.0,True,small,0.027678735554218292,0.6818181818181819,0.501974333662389,0.5,0.7482656095143706,True,,snapshots_probe/small/f7/wd_lam1e-2/epoch_0059.pt
60.0,f7,wd_lam1e-2,0.0,adam,0.0,True,small,0.033031269907951355,0.7222222222222222,0.501974333662389,0.5,0.7487611496531219,True,,snapshots_probe/small/f7/wd_lam1e-2/epoch_0060.pt
61.0,f7,wd_lam1e-2,0.0,adam,0.0,True,small,0.027295807376503944,0.6818181818181819,0.501974333662389,0.5,0.7482656095143706,True,,snapshots_probe/small/f7/wd_lam1e-2/epoch_0061.pt
62.0,f7,wd_lam1e-2,0.0,adam,0.0,True,small,0.029577558860182762,0.6818181818181819,0.501974333662389,0.5,0.7482656095143706,True,,snapshots_probe/small/f7/wd_lam1e-2/epoch_0062.pt
63.0,f7,wd_lam1e-2,0.0,adam,0.0,True,small,0.028431367129087448,0.7222222222222222,0.501974333662389,0.5,0.7487611496531219,True,,snapshots_probe/small/f7/wd_lam1e-2/epoch_0063.pt
64.0,f7,wd_lam1e-2,0.0,adam,0.0,True,small,0.02672283537685871,0.6818181818181819,0.501974333662389,0.5,0.7482656095143706,True,,snapshots_probe/small/f7/wd_lam1e-2/epoch_0064.pt
65.0,f7,wd_lam1e-2,0.0,adam,0.0,True,small,0.028980689123272896,0.7222222222222222,0.501974333662389,0.5,0.7487611496531219,True,,snapshots_probe/small/f7/wd_lam1e-2/epoch_0065.pt
66.0,f7,wd_lam1e-2,0.0,adam,0.0,True,small,0.02656545117497444,0.6666666666666666,0.501974333662389,0.5,0.7480178394449951,True,,snapshots_probe/small/f7/wd_lam1e-2/epoch_0066.pt
67.0,f7,wd_lam1e-2,0.0,adam,0.0,True,small,0.022687146440148354,0.6818181818181819,0.501974333662389,0.5,0.7482656095143706,True,,snapshots_probe/small/f7/wd_lam1e-2/epoch_0067.pt
68.0,f7,wd_lam1e-2,0.0,adam,0.0,True,small,0.021480852738022804,0.7,0.501974333662389,0.5,0.7485133795837462,True,,snapshots_probe/small/f7/wd_lam1e-2/epoch_0068.pt
69.0,f7,wd_lam1e-2,0.0,adam,0.0,True,small,0.03737184405326843,0.7,0.501974333662389,0.5,0.7482656095143706,True,,snapshots_probe/small/f7/wd_lam1e-2/epoch_0069.pt
70.0,f7,wd_lam1e-2,0.0,adam,0.0,True,small,0.031471896916627884,0.6818181818181819,0.501974333662389,0.5,0.7482656095143706,True,,snapshots_probe/small/f7/wd_lam1e-2/epoch_0070.pt
71.0,f7,wd_lam1e-2,0.0,adam,0.0,True,small,0.0266036968678236,0.6666666666666666,0.501974333662389,0.5,0.7480178394449951,True,,snapshots_probe/small/f7/wd_lam1e-2/epoch_0071.pt
72.0,f7,wd_lam1e-2,0.0,adam,0.0,True,small,0.02314591407775879,0.6538461538461539,0.501974333662389,0.5,0.7477700693756195,True,,snapshots_probe/small/f7/wd_lam1e-2/epoch_0072.pt
73.0,f7,wd_lam1e-2,0.0,adam,0.0,True,small,0.02475365623831749,0.6666666666666666,0.501974333662389,0.5,0.7480178394449951,True,,snapshots_probe/small/f7/wd_lam1e-2/epoch_0073.pt
74.0,f7,wd_lam1e-2,0.0,adam,0.0,True,small,0.02349378913640976,0.6818181818181819,0.501974333662389,0.5,0.7482656095143706,True,,snapshots_probe/small/f7/wd_lam1e-2/epoch_0074.pt
75.0,f7,wd_lam1e-2,0.0,adam,0.0,True,small,0.023377852514386177,0.6666666666666666,0.501974333662389,0.5,0.7480178394449951,True,,snapshots_probe/small/f7/wd_lam1e-2/epoch_0075.pt
76.0,f7,wd_lam1e-2,0.0,adam,0.0,True,small,0.023200558498501778,0.6666666666666666,0.501974333662389,0.5,0.7480178394449951,True,,snapshots_probe/small/f7/wd_lam1e-2/epoch_0076.pt
77.0,f7,wd_lam1e-2,0.0,adam,0.0,True,small,0.031185520812869072,0.6666666666666666,0.501974333662389,0.5,0.7480178394449951,True,,snapshots_probe/small/f7/wd_lam1e-2/epoch_0077.pt
78.0,f7,wd_lam1e-2,0.0,adam,0.0,True,small,0.02412695623934269,0.6818181818181819,0.501974333662389,0.5,0.7482656095143706,True,,snapshots_probe/small/f7/wd_lam1e-2/epoch_0078.pt
79.0,f7,wd_lam1e-2,0.0,adam,0.0,True,small,0.028047582134604454,0.7,0.501974333662389,0.5,0.7485133795837462,True,,snapshots_probe/small/f7/wd_lam1e-2/epoch_0079.pt
80.0,f7,wd_lam1e-2,0.0,adam,0.0,True,small,0.025786738842725754,0.6666666666666666,0.501974333662389,0.5,0.7477700693756195,True,,snapshots_probe/small/f7/wd_lam1e-2/epoch_0080.pt
81.0,f7,wd_lam1e-2,0.0,adam,0.0,True,small,0.027723347768187523,0.7,0.501974333662389,0.5,0.7485133795837462,True,,snapshots_probe/small/f7/wd_lam1e-2/epoch_0081.pt
82.0,f7,wd_lam1e-2,0.0,adam,0.0,True,small,0.025205332785844803,0.6666666666666666,0.501974333662389,0.5,0.7480178394449951,True,,snapshots_probe/small/f7/wd_lam1e-2/epoch_0082.pt
83.0,f7,wd_lam1e-2,0.0,adam,0.0,True,small,0.023344900459051132,0.6666666666666666,0.501974333662389,0.5,0.7480178394449951,True,,snapshots_probe/small/f7/wd_lam1e-2/epoch_0083.pt
84.0,f7,wd_lam1e-2,0.0,adam,0.0,True,small,0.02649514749646187,0.6666666666666666,0.501974333662389,0.5,0.7480178394449951,True,,snapshots_probe/small/f7/wd_lam1e-2/epoch_0084.pt
85.0,f7,wd_lam1e-2,0.0,adam,0.0,True,small,0.02439143881201744,0.6666666666666666,0.501974333662389,0.5,0.7480178394449951,True,,snapshots_probe/small/f7/wd_lam1e-2/epoch_0085.pt
86.0,f7,wd_lam1e-2,0.0,adam,0.0,True,small,0.0235589649528265,0.6666666666666666,0.501974333662389,0.5,0.7480178394449951,True,,snapshots_probe/small/f7/wd_lam1e-2/epoch_0086.pt
87.0,f7,wd_lam1e-2,0.0,adam,0.0,True,small,0.032597124576568604,0.7,0.501974333662389,0.5,0.7482656095143706,True,,snapshots_probe/small/f7/wd_lam1e-2/epoch_0087.pt
88.0,f7,wd_lam1e-2,0.0,adam,0.0,True,small,0.024766473099589348,0.7,0.501974333662389,0.5,0.7485133795837462,True,,snapshots_probe/small/f7/wd_lam1e-2/epoch_0088.pt
89.0,f7,wd_lam1e-2,0.0,adam,0.0,True,small,0.02415722981095314,0.6818181818181819,0.501974333662389,0.5,0.7482656095143706,True,,snapshots_probe/small/f7/wd_lam1e-2/epoch_0089.pt
90.0,f7,wd_lam1e-2,0.0,adam,0.0,True,small,0.02523239143192768,0.6818181818181819,0.501974333662389,0.5,0.7482656095143706,True,,snapshots_probe/small/f7/wd_lam1e-2/epoch_0090.pt
91.0,f7,wd_lam1e-2,0.0,adam,0.0,True,small,0.030607866123318672,0.6818181818181819,0.501974333662389,0.5,0.7482656095143706,True,,snapshots_probe/small/f7/wd_lam1e-2/epoch_0091.pt
92.0,f7,wd_lam1e-2,0.0,adam,0.0,True,small,0.02505681850016117,0.6818181818181819,0.501974333662389,0.5,0.7482656095143706,True,,snapshots_probe/small/f7/wd_lam1e-2/epoch_0092.pt
93.0,f7,wd_lam1e-2,0.0,adam,0.0,True,small,0.023929819464683533,0.6666666666666666,0.501974333662389,0.5,0.7480178394449951,True,,snapshots_probe/small/f7/wd_lam1e-2/epoch_0093.pt
94.0,f7,wd_lam1e-2,0.0,adam,0.0,True,small,0.02386561408638954,0.6538461538461539,0.501974333662389,0.5,0.7477700693756195,True,,snapshots_probe/small/f7/wd_lam1e-2/epoch_0094.pt
95.0,f7,wd_lam1e-2,0.0,adam,0.0,True,small,0.02666381374001503,0.6818181818181819,0.501974333662389,0.5,0.7482656095143706,True,,snapshots_probe/small/f7/wd_lam1e-2/epoch_0095.pt
96.0,f7,wd_lam1e-2,0.0,adam,0.0,True,small,0.028601491823792458,0.7,0.501974333662389,0.5,0.7485133795837462,True,,snapshots_probe/small/f7/wd_lam1e-2/epoch_0096.pt
97.0,f7,wd_lam1e-2,0.0,adam,0.0,True,small,0.022273631766438484,0.6666666666666666,0.501974333662389,0.5,0.7480178394449951,True,,snapshots_probe/small/f7/wd_lam1e-2/epoch_0097.pt
98.0,f7,wd_lam1e-2,0.0,adam,0.0,True,small,0.02597646228969097,0.6666666666666666,0.501974333662389,0.5,0.7480178394449951,True,,snapshots_probe/small/f7/wd_lam1e-2/epoch_0098.pt
99.0,f7,wd_lam1e-2,0.0,adam,0.0,True,small,0.024477068334817886,0.6818181818181819,0.501974333662389,0.5,0.7482656095143706,True,,snapshots_probe/small/f7/wd_lam1e-2/epoch_0099.pt
100.0,f7,wd_lam1e-2,0.0,adam,0.0,True,small,0.023075103759765625,0.7222222222222222,0.501974333662389,0.5,0.7487611496531219,True,,snapshots_probe/small/f7/wd_lam1e-2/epoch_0100.pt
,f8,base_adam,0.0,adam,0.0,False,small,,,,,,False,Missing experiment directory: snapshots_probe/small/f8/base_adam,
,f8,base_sgd,0.0,sgd,0.0,False,small,,,,,,False,Missing experiment directory: snapshots_probe/small/f8/base_sgd,
,f8,0.1_adam,0.1,adam,0.0,False,small,,,,,,False,Missing experiment directory: snapshots_probe/small/f8/0.1_adam,
,f8,0.1_sgd,0.1,sgd,0.0,False,small,,,,,,False,Missing experiment directory: snapshots_probe/small/f8/0.1_sgd,
,f8,0.1_adam_dp,0.1,adam,0.2,False,small,,,,,,False,Missing experiment directory: snapshots_probe/small/f8/0.1_adam_dp,
,f8,0.1_adam_wd,0.1,adam,0.0,True,small,,,,,,False,Missing experiment directory: snapshots_probe/small/f8/0.1_adam_wd,
,f8,0.1_adam_dp_wd,0.1,adam,0.2,True,small,,,,,,False,Missing experiment directory: snapshots_probe/small/f8/0.1_adam_dp_wd,
,f8,0.1_sgd_dp,0.1,sgd,0.2,False,small,,,,,,False,Missing experiment directory: snapshots_probe/small/f8/0.1_sgd_dp,
,f8,0.1_sgd_dp_wd,0.1,sgd,0.2,True,small,,,,,,False,Missing experiment directory: snapshots_probe/small/f8/0.1_sgd_dp_wd,
,f8,0.2_adam,0.2,adam,0.0,False,small,,,,,,False,Missing experiment directory: snapshots_probe/small/f8/0.2_adam,
,f8,0.2_sgd,0.2,sgd,0.0,False,small,,,,,,False,Missing experiment directory: snapshots_probe/small/f8/0.2_sgd,
,f8,0.2_adam_dp,0.2,adam,0.2,False,small,,,,,,False,Missing experiment directory: snapshots_probe/small/f8/0.2_adam_dp,
,f8,0.2_adam_wd,0.2,adam,0.0,True,small,,,,,,False,Missing experiment directory: snapshots_probe/small/f8/0.2_adam_wd,
,f8,0.2_adam_dp_wd,0.2,adam,0.2,True,small,,,,,,False,Missing experiment directory: snapshots_probe/small/f8/0.2_adam_dp_wd,
,f8,0.2_sgd_dp,0.2,sgd,0.2,False,small,,,,,,False,Missing experiment directory: snapshots_probe/small/f8/0.2_sgd_dp,
,f8,0.2_sgd_dp_wd,0.2,sgd,0.2,True,small,,,,,,False,Missing experiment directory: snapshots_probe/small/f8/0.2_sgd_dp_wd,
,f8,0.5_adam,0.5,adam,0.0,False,small,,,,,,False,Missing experiment directory: snapshots_probe/small/f8/0.5_adam,
,f8,0.5_sgd,0.5,sgd,0.0,False,small,,,,,,False,Missing experiment directory: snapshots_probe/small/f8/0.5_sgd,
,f8,0.5_adam_dp,0.5,adam,0.2,False,small,,,,,,False,Missing experiment directory: snapshots_probe/small/f8/0.5_adam_dp,
,f8,0.5_adam_wd,0.5,adam,0.0,True,small,,,,,,False,Missing experiment directory: snapshots_probe/small/f8/0.5_adam_wd,
,f8,0.5_adam_dp_wd,0.5,adam,0.2,True,small,,,,,,False,Missing experiment directory: snapshots_probe/small/f8/0.5_adam_dp_wd,
,f8,0.5_sgd_dp,0.5,sgd,0.2,False,small,,,,,,False,Missing experiment directory: snapshots_probe/small/f8/0.5_sgd_dp,
,f8,0.5_sgd_dp_wd,0.5,sgd,0.2,True,small,,,,,,False,Missing experiment directory: snapshots_probe/small/f8/0.5_sgd_dp_wd,
,f8,1.0_adam,1.0,adam,0.0,False,small,,,,,,False,Missing experiment directory: snapshots_probe/small/f8/1.0_adam,
,f8,1.0_sgd,1.0,sgd,0.0,False,small,,,,,,False,Missing experiment directory: snapshots_probe/small/f8/1.0_sgd,
,f8,1.0_adam_dp,1.0,adam,0.2,False,small,,,,,,False,Missing experiment directory: snapshots_probe/small/f8/1.0_adam_dp,
,f8,1.0_adam_wd,1.0,adam,0.0,True,small,,,,,,False,Missing experiment directory: snapshots_probe/small/f8/1.0_adam_wd,
,f8,1.0_adam_dp_wd,1.0,adam,0.2,True,small,,,,,,False,Missing experiment directory: snapshots_probe/small/f8/1.0_adam_dp_wd,
,f8,1.0_sgd_dp,1.0,sgd,0.2,False,small,,,,,,False,Missing experiment directory: snapshots_probe/small/f8/1.0_sgd_dp,
,f8,1.0_sgd_dp_wd,1.0,sgd,0.2,True,small,,,,,,False,Missing experiment directory: snapshots_probe/small/f8/1.0_sgd_dp_wd,
,f8,base_sgd_dp,0.0,sgd,0.2,False,small,,,,,,False,Missing experiment directory: snapshots_probe/small/f8/base_sgd_dp,
,f8,base_sgd_wd,0.0,sgd,0.0,True,small,,,,,,False,Missing experiment directory: snapshots_probe/small/f8/base_sgd_wd,
,f8,base_sgd_dp_wd,0.0,sgd,0.2,True,small,,,,,,False,Missing experiment directory: snapshots_probe/small/f8/base_sgd_dp_wd,
,f8,0.1_sgd_wd,0.1,sgd,0.0,True,small,,,,,,False,Missing experiment directory: snapshots_probe/small/f8/0.1_sgd_wd,
,f8,0.2_sgd_wd,0.2,sgd,0.0,True,small,,,,,,False,Missing experiment directory: snapshots_probe/small/f8/0.2_sgd_wd,
,f8,0.5_sgd_wd,0.5,sgd,0.0,True,small,,,,,,False,Missing experiment directory: snapshots_probe/small/f8/0.5_sgd_wd,
,f8,1.0_sgd_wd,1.0,sgd,0.0,True,small,,,,,,False,Missing experiment directory: snapshots_probe/small/f8/1.0_sgd_wd,
1.0,f8,dropout_p0.0,0.0,adam,0.0,False,small,0.03155983239412308,1.0,0.6791666666666667,1.0,0.9990089197224976,True,,snapshots_probe/small/f8/dropout_p0.0/epoch_0001.pt
2.0,f8,dropout_p0.0,0.0,adam,0.0,False,small,0.01439038198441267,1.0,1.0,1.0,1.0,True,,snapshots_probe/small/f8/dropout_p0.0/epoch_0002.pt
3.0,f8,dropout_p0.0,0.0,adam,0.0,False,small,0.012297832407057285,1.0,1.0,1.0,1.0,True,,snapshots_probe/small/f8/dropout_p0.0/epoch_0003.pt
4.0,f8,dropout_p0.0,0.0,adam,0.0,False,small,0.010239721275866032,1.0,1.0,1.0,1.0,True,,snapshots_probe/small/f8/dropout_p0.0/epoch_0004.pt
5.0,f8,dropout_p0.0,0.0,adam,0.0,False,small,0.018607880920171738,1.0,1.0,1.0,1.0,True,,snapshots_probe/small/f8/dropout_p0.0/epoch_0005.pt
6.0,f8,dropout_p0.0,0.0,adam,0.0,False,small,0.010584426112473011,1.0,1.0,1.0,1.0,True,,snapshots_probe/small/f8/dropout_p0.0/epoch_0006.pt
7.0,f8,dropout_p0.0,0.0,adam,0.0,False,small,0.011471369303762913,1.0,1.0,1.0,1.0,True,,snapshots_probe/small/f8/dropout_p0.0/epoch_0007.pt
8.0,f8,dropout_p0.0,0.0,adam,0.0,False,small,0.011785292997956276,1.0,1.0,1.0,1.0,True,,snapshots_probe/small/f8/dropout_p0.0/epoch_0008.pt
9.0,f8,dropout_p0.0,0.0,adam,0.0,False,small,0.017086146399378777,1.0,1.0,1.0,1.0,True,,snapshots_probe/small/f8/dropout_p0.0/epoch_0009.pt
10.0,f8,dropout_p0.0,0.0,adam,0.0,False,small,0.013751289807260036,1.0,1.0,1.0,1.0,True,,snapshots_probe/small/f8/dropout_p0.0/epoch_0010.pt
11.0,f8,dropout_p0.0,0.0,adam,0.0,False,small,0.009126396849751472,1.0,1.0,1.0,1.0,True,,snapshots_probe/small/f8/dropout_p0.0/epoch_0011.pt
12.0,f8,dropout_p0.0,0.0,adam,0.0,False,small,0.009812681004405022,1.0,1.0,1.0,1.0,True,,snapshots_probe/small/f8/dropout_p0.0/epoch_0012.pt
13.0,f8,dropout_p0.0,0.0,adam,0.0,False,small,0.00800847914069891,1.0,1.0,1.0,1.0,True,,snapshots_probe/small/f8/dropout_p0.0/epoch_0013.pt
14.0,f8,dropout_p0.0,0.0,adam,0.0,False,small,0.005473547615110874,1.0,1.0,1.0,1.0,True,,snapshots_probe/small/f8/dropout_p0.0/epoch_0014.pt
15.0,f8,dropout_p0.0,0.0,adam,0.0,False,small,0.007010293193161488,1.0,1.0,1.0,1.0,True,,snapshots_probe/small/f8/dropout_p0.0/epoch_0015.pt
16.0,f8,dropout_p0.0,0.0,adam,0.0,False,small,0.008461471647024155,1.0,1.0,1.0,1.0,True,,snapshots_probe/small/f8/dropout_p0.0/epoch_0016.pt
17.0,f8,dropout_p0.0,0.0,adam,0.0,False,small,0.011289877817034721,1.0,1.0,1.0,1.0,True,,snapshots_probe/small/f8/dropout_p0.0/epoch_0017.pt
18.0,f8,dropout_p0.0,0.0,adam,0.0,False,small,0.013141068629920483,1.0,0.6791666666666667,1.0,0.9990089197224975,True,,snapshots_probe/small/f8/dropout_p0.0/epoch_0018.pt
19.0,f8,dropout_p0.0,0.0,adam,0.0,False,small,0.005663870368152857,1.0,0.6791666666666667,1.0,0.9990089197224975,True,,snapshots_probe/small/f8/dropout_p0.0/epoch_0019.pt
20.0,f8,dropout_p0.0,0.0,adam,0.0,False,small,0.006861656438559294,1.0,1.0,1.0,1.0,True,,snapshots_probe/small/f8/dropout_p0.0/epoch_0020.pt
21.0,f8,dropout_p0.0,0.0,adam,0.0,False,small,0.007676358334720135,1.0,1.0,1.0,1.0,True,,snapshots_probe/small/f8/dropout_p0.0/epoch_0021.pt
22.0,f8,dropout_p0.0,0.0,adam,0.0,False,small,0.005613959860056639,1.0,0.6791666666666667,1.0,0.9990089197224975,True,,snapshots_probe/small/f8/dropout_p0.0/epoch_0022.pt
23.0,f8,dropout_p0.0,0.0,adam,0.0,False,small,0.0075026280246675014,1.0,0.6791666666666667,1.0,0.9990089197224975,True,,snapshots_probe/small/f8/dropout_p0.0/epoch_0023.pt
24.0,f8,dropout_p0.0,0.0,adam,0.0,False,small,0.006277834065258503,1.0,0.6791666666666667,1.0,0.9990089197224975,True,,snapshots_probe/small/f8/dropout_p0.0/epoch_0024.pt
25.0,f8,dropout_p0.0,0.0,adam,0.0,False,small,0.00746866874396801,1.0,1.0,1.0,1.0,True,,snapshots_probe/small/f8/dropout_p0.0/epoch_0025.pt
26.0,f8,dropout_p0.0,0.0,adam,0.0,False,small,0.012156669981777668,1.0,1.0,1.0,1.0,True,,snapshots_probe/small/f8/dropout_p0.0/epoch_0026.pt
27.0,f8,dropout_p0.0,0.0,adam,0.0,False,small,0.005550777073949575,1.0,1.0,1.0,1.0,True,,snapshots_probe/small/f8/dropout_p0.0/epoch_0027.pt
28.0,f8,dropout_p0.0,0.0,adam,0.0,False,small,0.0056358096189796925,1.0,0.6458333333333333,1.0,0.9987611496531219,True,,snapshots_probe/small/f8/dropout_p0.0/epoch_0028.pt
29.0,f8,dropout_p0.0,0.0,adam,0.0,False,small,0.004919825587421656,1.0,0.6791666666666667,1.0,0.9990089197224975,True,,snapshots_probe/small/f8/dropout_p0.0/epoch_0029.pt
30.0,f8,dropout_p0.0,0.0,adam,0.0,False,small,0.00992564670741558,1.0,0.95,1.0,0.9997522299306244,True,,snapshots_probe/small/f8/dropout_p0.0/epoch_0030.pt
31.0,f8,dropout_p0.0,0.0,adam,0.0,False,small,0.006076190620660782,1.0,0.6791666666666667,1.0,0.9990089197224975,True,,snapshots_probe/small/f8/dropout_p0.0/epoch_0031.pt
32.0,f8,dropout_p0.0,0.0,adam,0.0,False,small,0.00532262958586216,1.0,1.0,1.0,1.0,True,,snapshots_probe/small/f8/dropout_p0.0/epoch_0032.pt
33.0,f8,dropout_p0.0,0.0,adam,0.0,False,small,0.006844912655651569,1.0,1.0,1.0,1.0,True,,snapshots_probe/small/f8/dropout_p0.0/epoch_0033.pt
34.0,f8,dropout_p0.0,0.0,adam,0.0,False,small,0.008114970289170742,1.0,1.0,1.0,1.0,True,,snapshots_probe/small/f8/dropout_p0.0/epoch_0034.pt
35.0,f8,dropout_p0.0,0.0,adam,0.0,False,small,0.006059964187443256,1.0,1.0,1.0,1.0,True,,snapshots_probe/small/f8/dropout_p0.0/epoch_0035.pt
36.0,f8,dropout_p0.0,0.0,adam,0.0,False,small,0.007118308916687965,1.0,1.0,1.0,1.0,True,,snapshots_probe/small/f8/dropout_p0.0/epoch_0036.pt
37.0,f8,dropout_p0.0,0.0,adam,0.0,False,small,0.0063832527957856655,1.0,1.0,1.0,1.0,True,,snapshots_probe/small/f8/dropout_p0.0/epoch_0037.pt
38.0,f8,dropout_p0.0,0.0,adam,0.0,False,small,0.015713335946202278,1.0,0.95,1.0,0.9997522299306244,True,,snapshots_probe/small/f8/dropout_p0.0/epoch_0038.pt
39.0,f8,dropout_p0.0,0.0,adam,0.0,False,small,0.005868997424840927,1.0,1.0,1.0,1.0,True,,snapshots_probe/small/f8/dropout_p0.0/epoch_0039.pt
40.0,f8,dropout_p0.0,0.0,adam,0.0,False,small,0.006622752174735069,1.0,1.0,1.0,1.0,True,,snapshots_probe/small/f8/dropout_p0.0/epoch_0040.pt
41.0,f8,dropout_p0.0,0.0,adam,0.0,False,small,0.005573928356170654,1.0,1.0,1.0,1.0,True,,snapshots_probe/small/f8/dropout_p0.0/epoch_0041.pt
42.0,f8,dropout_p0.0,0.0,adam,0.0,False,small,0.00518557894974947,1.0,1.0,1.0,1.0,True,,snapshots_probe/small/f8/dropout_p0.0/epoch_0042.pt
43.0,f8,dropout_p0.0,0.0,adam,0.0,False,small,0.00684240972623229,1.0,1.0,1.0,1.0,True,,snapshots_probe/small/f8/dropout_p0.0/epoch_0043.pt
44.0,f8,dropout_p0.0,0.0,adam,0.0,False,small,0.005665034521371126,1.0,1.0,1.0,1.0,True,,snapshots_probe/small/f8/dropout_p0.0/epoch_0044.pt
45.0,f8,dropout_p0.0,0.0,adam,0.0,False,small,0.0051554408855736256,1.0,1.0,1.0,1.0,True,,snapshots_probe/small/f8/dropout_p0.0/epoch_0045.pt
46.0,f8,dropout_p0.0,0.0,adam,0.0,False,small,0.0051641869358718395,1.0,1.0,1.0,1.0,True,,snapshots_probe/small/f8/dropout_p0.0/epoch_0046.pt
47.0,f8,dropout_p0.0,0.0,adam,0.0,False,small,0.005069314502179623,1.0,1.0,1.0,1.0,True,,snapshots_probe/small/f8/dropout_p0.0/epoch_0047.pt
48.0,f8,dropout_p0.0,0.0,adam,0.0,False,small,0.0049953884445130825,1.0,0.8041666666666667,1.0,0.9992566897918732,True,,snapshots_probe/small/f8/dropout_p0.0/epoch_0048.pt
49.0,f8,dropout_p0.0,0.0,adam,0.0,False,small,0.008535878732800484,1.0,1.0,1.0,1.0,True,,snapshots_probe/small/f8/dropout_p0.0/epoch_0049.pt
50.0,f8,dropout_p0.0,0.0,adam,0.0,False,small,0.005814022850245237,1.0,1.0,1.0,1.0,True,,snapshots_probe/small/f8/dropout_p0.0/epoch_0050.pt
51.0,f8,dropout_p0.0,0.0,adam,0.0,False,small,0.004598583094775677,1.0,0.95,1.0,0.9997522299306244,True,,snapshots_probe/small/f8/dropout_p0.0/epoch_0051.pt
52.0,f8,dropout_p0.0,0.0,adam,0.0,False,small,0.008648774586617947,1.0,1.0,1.0,1.0,True,,snapshots_probe/small/f8/dropout_p0.0/epoch_0052.pt
53.0,f8,dropout_p0.0,0.0,adam,0.0,False,small,0.00541672483086586,1.0,1.0,1.0,1.0,True,,snapshots_probe/small/f8/dropout_p0.0/epoch_0053.pt
54.0,f8,dropout_p0.0,0.0,adam,0.0,False,small,0.0057859839871525764,1.0,0.95,1.0,0.9997522299306244,True,,snapshots_probe/small/f8/dropout_p0.0/epoch_0054.pt
55.0,f8,dropout_p0.0,0.0,adam,0.0,False,small,0.005004384554922581,1.0,1.0,1.0,1.0,True,,snapshots_probe/small/f8/dropout_p0.0/epoch_0055.pt
56.0,f8,dropout_p0.0,0.0,adam,0.0,False,small,0.004995907191187143,1.0,0.8041666666666667,1.0,0.9992566897918731,True,,snapshots_probe/small/f8/dropout_p0.0/epoch_0056.pt
57.0,f8,dropout_p0.0,0.0,adam,0.0,False,small,0.005093501415103674,1.0,1.0,1.0,1.0,True,,snapshots_probe/small/f8/dropout_p0.0/epoch_0057.pt
58.0,f8,dropout_p0.0,0.0,adam,0.0,False,small,0.004895837977528572,1.0,1.0,1.0,1.0,True,,snapshots_probe/small/f8/dropout_p0.0/epoch_0058.pt
59.0,f8,dropout_p0.0,0.0,adam,0.0,False,small,0.007652507163584232,1.0,1.0,1.0,1.0,True,,snapshots_probe/small/f8/dropout_p0.0/epoch_0059.pt
60.0,f8,dropout_p0.0,0.0,adam,0.0,False,small,0.00492187961935997,1.0,0.6791666666666667,1.0,0.9990089197224975,True,,snapshots_probe/small/f8/dropout_p0.0/epoch_0060.pt
61.0,f8,dropout_p0.0,0.0,adam,0.0,False,small,0.011240567080676556,1.0,1.0,1.0,1.0,True,,snapshots_probe/small/f8/dropout_p0.0/epoch_0061.pt
62.0,f8,dropout_p0.0,0.0,adam,0.0,False,small,0.006617553532123566,1.0,1.0,1.0,1.0,True,,snapshots_probe/small/f8/dropout_p0.0/epoch_0062.pt
63.0,f8,dropout_p0.0,0.0,adam,0.0,False,small,0.006219762377440929,1.0,0.95,1.0,0.9997522299306244,True,,snapshots_probe/small/f8/dropout_p0.0/epoch_0063.pt
64.0,f8,dropout_p0.0,0.0,adam,0.0,False,small,0.006114491261541843,1.0,1.0,1.0,1.0,True,,snapshots_probe/small/f8/dropout_p0.0/epoch_0064.pt
65.0,f8,dropout_p0.0,0.0,adam,0.0,False,small,0.005220630206167698,1.0,0.8041666666666667,1.0,0.9992566897918732,True,,snapshots_probe/small/f8/dropout_p0.0/epoch_0065.pt
66.0,f8,dropout_p0.0,0.0,adam,0.0,False,small,0.007490950170904398,1.0,1.0,1.0,1.0,True,,snapshots_probe/small/f8/dropout_p0.0/epoch_0066.pt
67.0,f8,dropout_p0.0,0.0,adam,0.0,False,small,0.005732154008001089,1.0,1.0,1.0,1.0,True,,snapshots_probe/small/f8/dropout_p0.0/epoch_0067.pt
68.0,f8,dropout_p0.0,0.0,adam,0.0,False,small,0.005637331400066614,1.0,1.0,1.0,1.0,True,,snapshots_probe/small/f8/dropout_p0.0/epoch_0068.pt
69.0,f8,dropout_p0.0,0.0,adam,0.0,False,small,0.0053743626922369,1.0,1.0,1.0,1.0,True,,snapshots_probe/small/f8/dropout_p0.0/epoch_0069.pt
70.0,f8,dropout_p0.0,0.0,adam,0.0,False,small,0.009310480207204819,1.0,1.0,1.0,1.0,True,,snapshots_probe/small/f8/dropout_p0.0/epoch_0070.pt
71.0,f8,dropout_p0.0,0.0,adam,0.0,False,small,0.006447894964367151,1.0,1.0,1.0,1.0,True,,snapshots_probe/small/f8/dropout_p0.0/epoch_0071.pt
72.0,f8,dropout_p0.0,0.0,adam,0.0,False,small,0.007025539875030518,1.0,0.95,1.0,0.9997522299306244,True,,snapshots_probe/small/f8/dropout_p0.0/epoch_0072.pt
73.0,f8,dropout_p0.0,0.0,adam,0.0,False,small,0.005639455281198025,1.0,0.95,1.0,0.9997522299306243,True,,snapshots_probe/small/f8/dropout_p0.0/epoch_0073.pt
74.0,f8,dropout_p0.0,0.0,adam,0.0,False,small,0.00736751314252615,1.0,1.0,1.0,1.0,True,,snapshots_probe/small/f8/dropout_p0.0/epoch_0074.pt
75.0,f8,dropout_p0.0,0.0,adam,0.0,False,small,0.008058899082243443,1.0,1.0,1.0,1.0,True,,snapshots_probe/small/f8/dropout_p0.0/epoch_0075.pt
76.0,f8,dropout_p0.0,0.0,adam,0.0,False,small,0.00611492246389389,1.0,1.0,1.0,1.0,True,,snapshots_probe/small/f8/dropout_p0.0/epoch_0076.pt
77.0,f8,dropout_p0.0,0.0,adam,0.0,False,small,0.009012282826006413,1.0,1.0,1.0,1.0,True,,snapshots_probe/small/f8/dropout_p0.0/epoch_0077.pt
78.0,f8,dropout_p0.0,0.0,adam,0.0,False,small,0.004668225534260273,1.0,1.0,1.0,1.0,True,,snapshots_probe/small/f8/dropout_p0.0/epoch_0078.pt
79.0,f8,dropout_p0.0,0.0,adam,0.0,False,small,0.01621258445084095,1.0,0.95,1.0,0.9997522299306243,True,,snapshots_probe/small/f8/dropout_p0.0/epoch_0079.pt
80.0,f8,dropout_p0.0,0.0,adam,0.0,False,small,0.004517580382525921,1.0,1.0,1.0,1.0,True,,snapshots_probe/small/f8/dropout_p0.0/epoch_0080.pt
81.0,f8,dropout_p0.0,0.0,adam,0.0,False,small,0.004164494574069977,1.0,0.6791666666666667,1.0,0.9990089197224975,True,,snapshots_probe/small/f8/dropout_p0.0/epoch_0081.pt
82.0,f8,dropout_p0.0,0.0,adam,0.0,False,small,0.006878488231450319,1.0,1.0,1.0,1.0,True,,snapshots_probe/small/f8/dropout_p0.0/epoch_0082.pt
83.0,f8,dropout_p0.0,0.0,adam,0.0,False,small,0.004547583404928446,1.0,0.5011904761904762,1.0,0.9977700693756195,True,,snapshots_probe/small/f8/dropout_p0.0/epoch_0083.pt
84.0,f8,dropout_p0.0,0.0,adam,0.0,False,small,0.005096388049423695,1.0,0.95,1.0,0.9997522299306244,True,,snapshots_probe/small/f8/dropout_p0.0/epoch_0084.pt
85.0,f8,dropout_p0.0,0.0,adam,0.0,False,small,0.01538022793829441,1.0,1.0,1.0,1.0,True,,snapshots_probe/small/f8/dropout_p0.0/epoch_0085.pt
86.0,f8,dropout_p0.0,0.0,adam,0.0,False,small,0.007724677212536335,1.0,1.0,1.0,1.0,True,,snapshots_probe/small/f8/dropout_p0.0/epoch_0086.pt
87.0,f8,dropout_p0.0,0.0,adam,0.0,False,small,0.005740354768931866,1.0,1.0,1.0,1.0,True,,snapshots_probe/small/f8/dropout_p0.0/epoch_0087.pt
88.0,f8,dropout_p0.0,0.0,adam,0.0,False,small,0.00717135751619935,1.0,1.0,1.0,1.0,True,,snapshots_probe/small/f8/dropout_p0.0/epoch_0088.pt
89.0,f8,dropout_p0.0,0.0,adam,0.0,False,small,0.004715329967439175,1.0,1.0,1.0,1.0,True,,snapshots_probe/small/f8/dropout_p0.0/epoch_0089.pt
90.0,f8,dropout_p0.0,0.0,adam,0.0,False,small,0.0049120099283754826,1.0,1.0,1.0,1.0,True,,snapshots_probe/small/f8/dropout_p0.0/epoch_0090.pt
91.0,f8,dropout_p0.0,0.0,adam,0.0,False,small,0.008497239090502262,1.0,1.0,1.0,1.0,True,,snapshots_probe/small/f8/dropout_p0.0/epoch_0091.pt
92.0,f8,dropout_p0.0,0.0,adam,0.0,False,small,0.005051644518971443,1.0,1.0,1.0,1.0,True,,snapshots_probe/small/f8/dropout_p0.0/epoch_0092.pt
93.0,f8,dropout_p0.0,0.0,adam,0.0,False,small,0.010325764305889606,1.0,0.6791666666666667,1.0,0.9990089197224975,True,,snapshots_probe/small/f8/dropout_p0.0/epoch_0093.pt
94.0,f8,dropout_p0.0,0.0,adam,0.0,False,small,0.00536324130371213,1.0,0.95,1.0,0.9997522299306244,True,,snapshots_probe/small/f8/dropout_p0.0/epoch_0094.pt
95.0,f8,dropout_p0.0,0.0,adam,0.0,False,small,0.0056615485809743404,1.0,1.0,1.0,1.0,True,,snapshots_probe/small/f8/dropout_p0.0/epoch_0095.pt
96.0,f8,dropout_p0.0,0.0,adam,0.0,False,small,0.006125136744230986,1.0,1.0,1.0,1.0,True,,snapshots_probe/small/f8/dropout_p0.0/epoch_0096.pt
97.0,f8,dropout_p0.0,0.0,adam,0.0,False,small,0.005236585158854723,1.0,1.0,1.0,1.0,True,,snapshots_probe/small/f8/dropout_p0.0/epoch_0097.pt
98.0,f8,dropout_p0.0,0.0,adam,0.0,False,small,0.005394417326897383,1.0,1.0,1.0,1.0,True,,snapshots_probe/small/f8/dropout_p0.0/epoch_0098.pt
99.0,f8,dropout_p0.0,0.0,adam,0.0,False,small,0.011935259215533733,1.0,0.95,1.0,0.9997522299306244,True,,snapshots_probe/small/f8/dropout_p0.0/epoch_0099.pt
100.0,f8,dropout_p0.0,0.0,adam,0.0,False,small,0.005550228990614414,1.0,1.0,1.0,1.0,True,,snapshots_probe/small/f8/dropout_p0.0/epoch_0100.pt
1.0,f8,dropout_p0.1,0.0,adam,0.1,False,small,0.06816165149211884,1.0,0.5249999999999999,1.0,0.9980178394449951,True,,snapshots_probe/small/f8/dropout_p0.1/epoch_0001.pt
2.0,f8,dropout_p0.1,0.0,adam,0.1,False,small,0.04542555660009384,1.0,0.6791666666666667,1.0,0.9990089197224975,True,,snapshots_probe/small/f8/dropout_p0.1/epoch_0002.pt
3.0,f8,dropout_p0.1,0.0,adam,0.1,False,small,0.04116204008460045,1.0,0.6791666666666667,1.0,0.9990089197224976,True,,snapshots_probe/small/f8/dropout_p0.1/epoch_0003.pt
4.0,f8,dropout_p0.1,0.0,adam,0.1,False,small,0.033801499754190445,1.0,0.6791666666666667,1.0,0.9990089197224975,True,,snapshots_probe/small/f8/dropout_p0.1/epoch_0004.pt
5.0,f8,dropout_p0.1,0.0,adam,0.1,False,small,0.036266475915908813,1.0,0.6791666666666667,1.0,0.9990089197224975,True,,snapshots_probe/small/f8/dropout_p0.1/epoch_0005.pt
6.0,f8,dropout_p0.1,0.0,adam,0.1,False,small,0.04523055627942085,1.0,0.6791666666666667,1.0,0.9990089197224975,True,,snapshots_probe/small/f8/dropout_p0.1/epoch_0006.pt
7.0,f8,dropout_p0.1,0.0,adam,0.1,False,small,0.025206739082932472,0.95,0.6458333333333333,0.9583333333333334,0.9987611496531219,True,,snapshots_probe/small/f8/dropout_p0.1/epoch_0007.pt
8.0,f8,dropout_p0.1,0.0,adam,0.1,False,small,0.032379552721977234,0.8875,0.6083333333333333,0.9,0.9985133795837463,True,,snapshots_probe/small/f8/dropout_p0.1/epoch_0008.pt
9.0,f8,dropout_p0.1,0.0,adam,0.1,False,small,0.07457403838634491,0.8875,0.6083333333333333,0.875,0.9985133795837463,True,,snapshots_probe/small/f8/dropout_p0.1/epoch_0009.pt
10.0,f8,dropout_p0.1,0.0,adam,0.1,False,small,0.05838612839579582,0.95,0.6458333333333333,0.9375,0.9987611496531219,True,,snapshots_probe/small/f8/dropout_p0.1/epoch_0010.pt
11.0,f8,dropout_p0.1,0.0,adam,0.1,False,small,0.048527028411626816,0.8875,0.6083333333333333,0.9166666666666667,0.9985133795837462,True,,snapshots_probe/small/f8/dropout_p0.1/epoch_0011.pt
12.0,f8,dropout_p0.1,0.0,adam,0.1,False,small,0.047169655561447144,0.8875,0.6083333333333333,0.9,0.9985133795837463,True,,snapshots_probe/small/f8/dropout_p0.1/epoch_0012.pt
13.0,f8,dropout_p0.1,0.0,adam,0.1,False,small,0.02604079246520996,0.8875,0.5845238095238094,0.875,0.9982656095143706,True,,snapshots_probe/small/f8/dropout_p0.1/epoch_0013.pt
14.0,f8,dropout_p0.1,0.0,adam,0.1,False,small,0.03143955394625664,0.8875,0.6083333333333333,0.875,0.9985133795837463,True,,snapshots_probe/small/f8/dropout_p0.1/epoch_0014.pt
15.0,f8,dropout_p0.1,0.0,adam,0.1,False,small,0.024503568187355995,0.95,0.6458333333333333,0.9500000000000001,0.9987611496531219,True,,snapshots_probe/small/f8/dropout_p0.1/epoch_0015.pt
16.0,f8,dropout_p0.1,0.0,adam,0.1,False,small,0.09786423295736313,1.0,0.7333333333333333,1.0,0.9987611496531219,True,,snapshots_probe/small/f8/dropout_p0.1/epoch_0016.pt
17.0,f8,dropout_p0.1,0.0,adam,0.1,False,small,0.031305454671382904,1.0,0.6791666666666667,1.0,0.9990089197224975,True,,snapshots_probe/small/f8/dropout_p0.1/epoch_0017.pt
18.0,f8,dropout_p0.1,0.0,adam,0.1,False,small,0.03578529506921768,1.0,0.8041666666666667,1.0,0.9992566897918731,True,,snapshots_probe/small/f8/dropout_p0.1/epoch_0018.pt
19.0,f8,dropout_p0.1,0.0,adam,0.1,False,small,0.059272054582834244,1.0,0.8041666666666667,1.0,0.9992566897918731,True,,snapshots_probe/small/f8/dropout_p0.1/epoch_0019.pt
20.0,f8,dropout_p0.1,0.0,adam,0.1,False,small,0.027982037514448166,1.0,0.8041666666666667,1.0,0.9992566897918731,True,,snapshots_probe/small/f8/dropout_p0.1/epoch_0020.pt
21.0,f8,dropout_p0.1,0.0,adam,0.1,False,small,0.03853154182434082,1.0,0.6791666666666667,1.0,0.9990089197224975,True,,snapshots_probe/small/f8/dropout_p0.1/epoch_0021.pt
22.0,f8,dropout_p0.1,0.0,adam,0.1,False,small,0.04121486097574234,1.0,1.0,1.0,1.0,True,,snapshots_probe/small/f8/dropout_p0.1/epoch_0022.pt
23.0,f8,dropout_p0.1,0.0,adam,0.1,False,small,0.12252099812030792,0.95,0.95,0.9583333333333334,0.9997522299306244,True,,snapshots_probe/small/f8/dropout_p0.1/epoch_0023.pt
24.0,f8,dropout_p0.1,0.0,adam,0.1,False,small,0.03313753753900528,1.0,0.8041666666666667,1.0,0.9992566897918731,True,,snapshots_probe/small/f8/dropout_p0.1/epoch_0024.pt
25.0,f8,dropout_p0.1,0.0,adam,0.1,False,small,0.06624540686607361,1.0,1.0,1.0,1.0,True,,snapshots_probe/small/f8/dropout_p0.1/epoch_0025.pt
26.0,f8,dropout_p0.1,0.0,adam,0.1,False,small,0.031477391719818115,1.0,1.0,1.0,1.0,True,,snapshots_probe/small/f8/dropout_p0.1/epoch_0026.pt
27.0,f8,dropout_p0.1,0.0,adam,0.1,False,small,0.05208878964185715,1.0,0.8041666666666667,1.0,0.9992566897918731,True,,snapshots_probe/small/f8/dropout_p0.1/epoch_0027.pt
28.0,f8,dropout_p0.1,0.0,adam,0.1,False,small,0.05331847071647644,1.0,0.5666666666666667,1.0,0.9982656095143707,True,,snapshots_probe/small/f8/dropout_p0.1/epoch_0028.pt
29.0,f8,dropout_p0.1,0.0,adam,0.1,False,small,0.05395664647221565,1.0,1.0,1.0,1.0,True,,snapshots_probe/small/f8/dropout_p0.1/epoch_0029.pt
30.0,f8,dropout_p0.1,0.0,adam,0.1,False,small,0.02984524331986904,1.0,0.8041666666666667,1.0,0.9992566897918731,True,,snapshots_probe/small/f8/dropout_p0.1/epoch_0030.pt
31.0,f8,dropout_p0.1,0.0,adam,0.1,False,small,0.02790943533182144,1.0,1.0,1.0,1.0,True,,snapshots_probe/small/f8/dropout_p0.1/epoch_0031.pt
32.0,f8,dropout_p0.1,0.0,adam,0.1,False,small,0.028544018045067787,1.0,1.0,1.0,1.0,True,,snapshots_probe/small/f8/dropout_p0.1/epoch_0032.pt
33.0,f8,dropout_p0.1,0.0,adam,0.1,False,small,0.03565056249499321,1.0,1.0,1.0,1.0,True,,snapshots_probe/small/f8/dropout_p0.1/epoch_0033.pt
34.0,f8,dropout_p0.1,0.0,adam,0.1,False,small,0.030649717897176743,1.0,1.0,1.0,1.0,True,,snapshots_probe/small/f8/dropout_p0.1/epoch_0034.pt
35.0,f8,dropout_p0.1,0.0,adam,0.1,False,small,0.05522959306836128,1.0,0.8041666666666667,1.0,0.9992566897918732,True,,snapshots_probe/small/f8/dropout_p0.1/epoch_0035.pt
36.0,f8,dropout_p0.1,0.0,adam,0.1,False,small,0.035063955932855606,0.8875,0.6083333333333333,0.9166666666666667,0.9985133795837462,True,,snapshots_probe/small/f8/dropout_p0.1/epoch_0036.pt
37.0,f8,dropout_p0.1,0.0,adam,0.1,False,small,0.06428539007902145,0.8875,0.7333333333333333,0.9375,0.9987611496531219,True,,snapshots_probe/small/f8/dropout_p0.1/epoch_0037.pt
38.0,f8,dropout_p0.1,0.0,adam,0.1,False,small,0.05984852835536003,1.0,0.8041666666666667,1.0,0.9992566897918732,True,,snapshots_probe/small/f8/dropout_p0.1/epoch_0038.pt
39.0,f8,dropout_p0.1,0.0,adam,0.1,False,small,0.03911704942584038,1.0,0.6791666666666667,1.0,0.9990089197224975,True,,snapshots_probe/small/f8/dropout_p0.1/epoch_0039.pt
40.0,f8,dropout_p0.1,0.0,adam,0.1,False,small,0.02752150408923626,1.0,0.8041666666666667,1.0,0.9992566897918732,True,,snapshots_probe/small/f8/dropout_p0.1/epoch_0040.pt
41.0,f8,dropout_p0.1,0.0,adam,0.1,False,small,0.02451675571501255,1.0,0.8041666666666667,1.0,0.9992566897918732,True,,snapshots_probe/small/f8/dropout_p0.1/epoch_0041.pt
42.0,f8,dropout_p0.1,0.0,adam,0.1,False,small,0.030514473095536232,1.0,0.8041666666666667,1.0,0.9992566897918731,True,,snapshots_probe/small/f8/dropout_p0.1/epoch_0042.pt
43.0,f8,dropout_p0.1,0.0,adam,0.1,False,small,0.05372818931937218,1.0,0.8041666666666667,1.0,0.9992566897918731,True,,snapshots_probe/small/f8/dropout_p0.1/epoch_0043.pt
44.0,f8,dropout_p0.1,0.0,adam,0.1,False,small,0.02895161509513855,1.0,0.8041666666666667,1.0,0.9992566897918732,True,,snapshots_probe/small/f8/dropout_p0.1/epoch_0044.pt
45.0,f8,dropout_p0.1,0.0,adam,0.1,False,small,0.031717900186777115,1.0,0.8041666666666667,1.0,0.9992566897918732,True,,snapshots_probe/small/f8/dropout_p0.1/epoch_0045.pt
46.0,f8,dropout_p0.1,0.0,adam,0.1,False,small,0.03355381265282631,1.0,0.95,1.0,0.9997522299306244,True,,snapshots_probe/small/f8/dropout_p0.1/epoch_0046.pt
47.0,f8,dropout_p0.1,0.0,adam,0.1,False,small,0.03601660951972008,0.95,0.6458333333333333,0.9500000000000001,0.9987611496531219,True,,snapshots_probe/small/f8/dropout_p0.1/epoch_0047.pt
48.0,f8,dropout_p0.1,0.0,adam,0.1,False,small,0.021052516996860504,1.0,0.8041666666666667,1.0,0.9992566897918732,True,,snapshots_probe/small/f8/dropout_p0.1/epoch_0048.pt
49.0,f8,dropout_p0.1,0.0,adam,0.1,False,small,0.025343798100948334,1.0,0.8041666666666667,1.0,0.9992566897918731,True,,snapshots_probe/small/f8/dropout_p0.1/epoch_0049.pt
50.0,f8,dropout_p0.1,0.0,adam,0.1,False,small,0.032335031777620316,1.0,0.8041666666666667,1.0,0.9992566897918731,True,,snapshots_probe/small/f8/dropout_p0.1/epoch_0050.pt
51.0,f8,dropout_p0.1,0.0,adam,0.1,False,small,0.04629380628466606,1.0,1.0,1.0,1.0,True,,snapshots_probe/small/f8/dropout_p0.1/epoch_0051.pt
52.0,f8,dropout_p0.1,0.0,adam,0.1,False,small,0.027031097561120987,1.0,0.8041666666666667,1.0,0.9992566897918731,True,,snapshots_probe/small/f8/dropout_p0.1/epoch_0052.pt
53.0,f8,dropout_p0.1,0.0,adam,0.1,False,small,0.03167407959699631,0.95,0.7708333333333333,0.9772727272727273,0.9990089197224975,True,,snapshots_probe/small/f8/dropout_p0.1/epoch_0053.pt
54.0,f8,dropout_p0.1,0.0,adam,0.1,False,small,0.028360683470964432,0.95,0.7708333333333333,0.9722222222222222,0.9990089197224975,True,,snapshots_probe/small/f8/dropout_p0.1/epoch_0054.pt
55.0,f8,dropout_p0.1,0.0,adam,0.1,False,small,0.027067221701145172,0.8875,0.7333333333333333,0.9444444444444444,0.9987611496531219,True,,snapshots_probe/small/f8/dropout_p0.1/epoch_0055.pt
56.0,f8,dropout_p0.1,0.0,adam,0.1,False,small,0.03034490905702114,0.95,0.7708333333333333,0.9375,0.9990089197224975,True,,snapshots_probe/small/f8/dropout_p0.1/epoch_0056.pt
57.0,f8,dropout_p0.1,0.0,adam,0.1,False,small,0.0372701995074749,0.8875,0.7333333333333333,0.9166666666666667,0.9987611496531219,True,,snapshots_probe/small/f8/dropout_p0.1/epoch_0057.pt
58.0,f8,dropout_p0.1,0.0,adam,0.1,False,small,0.04045974835753441,0.8875,0.8875,0.9545454545454545,0.9995044598612488,True,,snapshots_probe/small/f8/dropout_p0.1/epoch_0058.pt
59.0,f8,dropout_p0.1,0.0,adam,0.1,False,small,0.04364607855677605,0.95,0.95,0.9500000000000001,0.9997522299306244,True,,snapshots_probe/small/f8/dropout_p0.1/epoch_0059.pt
60.0,f8,dropout_p0.1,0.0,adam,0.1,False,small,0.02749651111662388,0.8875,0.8875,0.9166666666666667,0.9995044598612487,True,,snapshots_probe/small/f8/dropout_p0.1/epoch_0060.pt
61.0,f8,dropout_p0.1,0.0,adam,0.1,False,small,0.04504909738898277,0.95,0.95,0.96875,0.9997522299306244,True,,snapshots_probe/small/f8/dropout_p0.1/epoch_0061.pt
62.0,f8,dropout_p0.1,0.0,adam,0.1,False,small,0.030191570520401,0.8875,0.7333333333333333,0.9166666666666667,0.9987611496531219,True,,snapshots_probe/small/f8/dropout_p0.1/epoch_0062.pt
63.0,f8,dropout_p0.1,0.0,adam,0.1,False,small,0.020704351365566254,0.8875,0.7333333333333333,0.9285714285714286,0.9987611496531219,True,,snapshots_probe/small/f8/dropout_p0.1/epoch_0063.pt
64.0,f8,dropout_p0.1,0.0,adam,0.1,False,small,0.026928957551717758,0.8875,0.7333333333333333,0.9285714285714286,0.9987611496531219,True,,snapshots_probe/small/f8/dropout_p0.1/epoch_0064.pt
65.0,f8,dropout_p0.1,0.0,adam,0.1,False,small,0.04568850249052048,0.8875,0.8875,0.9,0.9995044598612488,True,,snapshots_probe/small/f8/dropout_p0.1/epoch_0065.pt
66.0,f8,dropout_p0.1,0.0,adam,0.1,False,small,0.03699808567762375,0.8875,0.7333333333333333,0.9,0.9987611496531219,True,,snapshots_probe/small/f8/dropout_p0.1/epoch_0066.pt
67.0,f8,dropout_p0.1,0.0,adam,0.1,False,small,0.03853285685181618,0.8875,0.8875,0.9,0.9995044598612488,True,,snapshots_probe/small/f8/dropout_p0.1/epoch_0067.pt
68.0,f8,dropout_p0.1,0.0,adam,0.1,False,small,0.02588350884616375,0.8875,0.8875,0.9,0.9995044598612488,True,,snapshots_probe/small/f8/dropout_p0.1/epoch_0068.pt
69.0,f8,dropout_p0.1,0.0,adam,0.1,False,small,0.031697142869234085,0.8875,0.8875,0.875,0.9995044598612488,True,,snapshots_probe/small/f8/dropout_p0.1/epoch_0069.pt
70.0,f8,dropout_p0.1,0.0,adam,0.1,False,small,0.02728249691426754,0.8875,0.8875,0.875,0.9995044598612488,True,,snapshots_probe/small/f8/dropout_p0.1/epoch_0070.pt
71.0,f8,dropout_p0.1,0.0,adam,0.1,False,small,0.024810515344142914,0.8875,0.8875,0.9166666666666667,0.9995044598612487,True,,snapshots_probe/small/f8/dropout_p0.1/epoch_0071.pt
72.0,f8,dropout_p0.1,0.0,adam,0.1,False,small,0.029692944139242172,0.8875,0.8875,0.9,0.9995044598612488,True,,snapshots_probe/small/f8/dropout_p0.1/epoch_0072.pt
73.0,f8,dropout_p0.1,0.0,adam,0.1,False,small,0.023778894916176796,0.95,0.7708333333333333,0.9375,0.9990089197224975,True,,snapshots_probe/small/f8/dropout_p0.1/epoch_0073.pt
74.0,f8,dropout_p0.1,0.0,adam,0.1,False,small,0.042889613658189774,0.8875,0.8875,0.9285714285714286,0.9995044598612487,True,,snapshots_probe/small/f8/dropout_p0.1/epoch_0074.pt
75.0,f8,dropout_p0.1,0.0,adam,0.1,False,small,0.027252567932009697,0.95,0.7708333333333333,0.9500000000000001,0.9990089197224975,True,,snapshots_probe/small/f8/dropout_p0.1/epoch_0075.pt
76.0,f8,dropout_p0.1,0.0,adam,0.1,False,small,0.031668975949287415,0.8041666666666667,0.6916666666666667,0.8928571428571429,0.9985133795837463,True,,snapshots_probe/small/f8/dropout_p0.1/epoch_0076.pt
77.0,f8,dropout_p0.1,0.0,adam,0.1,False,small,0.029993368312716484,0.8875,0.6845238095238095,0.9166666666666667,0.9982656095143707,True,,snapshots_probe/small/f8/dropout_p0.1/epoch_0077.pt
78.0,f8,dropout_p0.1,0.0,adam,0.1,False,small,0.045966748148202896,0.8041666666666667,0.8041666666666667,0.8500000000000001,0.9992566897918731,True,,snapshots_probe/small/f8/dropout_p0.1/epoch_0078.pt
79.0,f8,dropout_p0.1,0.0,adam,0.1,False,small,0.062163885682821274,0.8041666666666667,0.8041666666666667,0.8125,0.9992566897918732,True,,snapshots_probe/small/f8/dropout_p0.1/epoch_0079.pt
80.0,f8,dropout_p0.1,0.0,adam,0.1,False,small,0.06662603467702866,0.95,0.95,0.9583333333333334,0.9997522299306244,True,,snapshots_probe/small/f8/dropout_p0.1/epoch_0080.pt
81.0,f8,dropout_p0.1,0.0,adam,0.1,False,small,0.02222537435591221,0.8875,0.7333333333333333,0.9166666666666667,0.9987611496531219,True,,snapshots_probe/small/f8/dropout_p0.1/epoch_0081.pt
82.0,f8,dropout_p0.1,0.0,adam,0.1,False,small,0.03392515331506729,0.8875,0.7333333333333333,0.9375,0.9987611496531219,True,,snapshots_probe/small/f8/dropout_p0.1/epoch_0082.pt
83.0,f8,dropout_p0.1,0.0,adam,0.1,False,small,0.04097944125533104,0.8875,0.6083333333333333,0.8333333333333334,0.9985133795837463,True,,snapshots_probe/small/f8/dropout_p0.1/epoch_0083.pt
84.0,f8,dropout_p0.1,0.0,adam,0.1,False,small,0.10510285198688507,0.95,0.6458333333333333,0.9583333333333334,0.9987611496531219,True,,snapshots_probe/small/f8/dropout_p0.1/epoch_0084.pt
85.0,f8,dropout_p0.1,0.0,adam,0.1,False,small,0.030621618032455444,0.8875,0.7333333333333333,0.9,0.9987611496531219,True,,snapshots_probe/small/f8/dropout_p0.1/epoch_0085.pt
86.0,f8,dropout_p0.1,0.0,adam,0.1,False,small,0.05415015667676926,0.95,0.7708333333333333,0.9500000000000001,0.9990089197224975,True,,snapshots_probe/small/f8/dropout_p0.1/epoch_0086.pt
87.0,f8,dropout_p0.1,0.0,adam,0.1,False,small,0.03838406875729561,0.8875,0.6083333333333333,0.9166666666666667,0.9985133795837462,True,,snapshots_probe/small/f8/dropout_p0.1/epoch_0087.pt
88.0,f8,dropout_p0.1,0.0,adam,0.1,False,small,0.10884478688240051,0.8875,0.7333333333333333,0.9166666666666667,0.9987611496531219,True,,snapshots_probe/small/f8/dropout_p0.1/epoch_0088.pt
89.0,f8,dropout_p0.1,0.0,adam,0.1,False,small,0.09083476662635803,0.8875,0.8875,0.9285714285714286,0.9995044598612487,True,,snapshots_probe/small/f8/dropout_p0.1/epoch_0089.pt
90.0,f8,dropout_p0.1,0.0,adam,0.1,False,small,0.05070214718580246,0.95,0.6458333333333333,0.9500000000000001,0.9987611496531219,True,,snapshots_probe/small/f8/dropout_p0.1/epoch_0090.pt
91.0,f8,dropout_p0.1,0.0,adam,0.1,False,small,0.06706853210926056,0.8875,0.7333333333333333,0.9,0.9987611496531219,True,,snapshots_probe/small/f8/dropout_p0.1/epoch_0091.pt
92.0,f8,dropout_p0.1,0.0,adam,0.1,False,small,0.044023994356393814,0.8875,0.7333333333333333,0.9,0.9987611496531219,True,,snapshots_probe/small/f8/dropout_p0.1/epoch_0092.pt
93.0,f8,dropout_p0.1,0.0,adam,0.1,False,small,0.03919406607747078,0.8875,0.7333333333333333,0.9,0.9987611496531219,True,,snapshots_probe/small/f8/dropout_p0.1/epoch_0093.pt
94.0,f8,dropout_p0.1,0.0,adam,0.1,False,small,0.029701214283704758,0.95,0.6458333333333333,0.9500000000000001,0.9987611496531219,True,,snapshots_probe/small/f8/dropout_p0.1/epoch_0094.pt
95.0,f8,dropout_p0.1,0.0,adam,0.1,False,small,0.0514862984418869,0.8875,0.7333333333333333,0.9,0.9987611496531219,True,,snapshots_probe/small/f8/dropout_p0.1/epoch_0095.pt
96.0,f8,dropout_p0.1,0.0,adam,0.1,False,small,0.029409904032945633,0.8875,0.7333333333333333,0.9,0.9987611496531219,True,,snapshots_probe/small/f8/dropout_p0.1/epoch_0096.pt
97.0,f8,dropout_p0.1,0.0,adam,0.1,False,small,0.025486301630735397,0.8875,0.7333333333333333,0.9285714285714286,0.9987611496531219,True,,snapshots_probe/small/f8/dropout_p0.1/epoch_0097.pt
98.0,f8,dropout_p0.1,0.0,adam,0.1,False,small,0.06412594020366669,0.95,0.6458333333333333,0.9583333333333334,0.9987611496531219,True,,snapshots_probe/small/f8/dropout_p0.1/epoch_0098.pt
99.0,f8,dropout_p0.1,0.0,adam,0.1,False,small,0.09152351319789886,0.8875,0.7333333333333333,0.9285714285714286,0.9987611496531219,True,,snapshots_probe/small/f8/dropout_p0.1/epoch_0099.pt
100.0,f8,dropout_p0.1,0.0,adam,0.1,False,small,0.04718723148107529,0.95,0.7708333333333333,0.9642857142857143,0.9990089197224976,True,,snapshots_probe/small/f8/dropout_p0.1/epoch_0100.pt
1.0,f8,dropout_p0.2,0.0,adam,0.2,False,small,0.16994920372962952,1.0,0.6791666666666667,1.0,0.9990089197224976,True,,snapshots_probe/small/f8/dropout_p0.2/epoch_0001.pt
2.0,f8,dropout_p0.2,0.0,adam,0.2,False,small,0.05468893423676491,1.0,0.6791666666666667,1.0,0.9990089197224976,True,,snapshots_probe/small/f8/dropout_p0.2/epoch_0002.pt
3.0,f8,dropout_p0.2,0.0,adam,0.2,False,small,0.08402030915021896,1.0,0.6791666666666667,1.0,0.9990089197224975,True,,snapshots_probe/small/f8/dropout_p0.2/epoch_0003.pt
4.0,f8,dropout_p0.2,0.0,adam,0.2,False,small,0.049850281327962875,1.0,0.5666666666666667,1.0,0.9982656095143707,True,,snapshots_probe/small/f8/dropout_p0.2/epoch_0004.pt
5.0,f8,dropout_p0.2,0.0,adam,0.2,False,small,0.06884036213159561,1.0,0.6791666666666667,1.0,0.9990089197224975,True,,snapshots_probe/small/f8/dropout_p0.2/epoch_0005.pt
6.0,f8,dropout_p0.2,0.0,adam,0.2,False,small,0.07604840397834778,1.0,0.6791666666666667,1.0,0.9990089197224975,True,,snapshots_probe/small/f8/dropout_p0.2/epoch_0006.pt
7.0,f8,dropout_p0.2,0.0,adam,0.2,False,small,0.044664084911346436,1.0,0.6791666666666667,1.0,0.9990089197224976,True,,snapshots_probe/small/f8/dropout_p0.2/epoch_0007.pt
8.0,f8,dropout_p0.2,0.0,adam,0.2,False,small,0.05046829208731651,1.0,0.8041666666666667,1.0,0.9992566897918731,True,,snapshots_probe/small/f8/dropout_p0.2/epoch_0008.pt
9.0,f8,dropout_p0.2,0.0,adam,0.2,False,small,0.08064300566911697,1.0,0.8041666666666667,1.0,0.9992566897918731,True,,snapshots_probe/small/f8/dropout_p0.2/epoch_0009.pt
10.0,f8,dropout_p0.2,0.0,adam,0.2,False,small,0.052670396864414215,1.0,0.8041666666666667,1.0,0.9992566897918731,True,,snapshots_probe/small/f8/dropout_p0.2/epoch_0010.pt
11.0,f8,dropout_p0.2,0.0,adam,0.2,False,small,0.06033295765519142,0.95,0.6458333333333333,0.9375,0.9987611496531219,True,,snapshots_probe/small/f8/dropout_p0.2/epoch_0011.pt
12.0,f8,dropout_p0.2,0.0,adam,0.2,False,small,0.08907845616340637,0.95,0.6458333333333333,0.875,0.9987611496531219,True,,snapshots_probe/small/f8/dropout_p0.2/epoch_0012.pt
13.0,f8,dropout_p0.2,0.0,adam,0.2,False,small,0.26234692335128784,0.8875,0.6083333333333333,0.9166666666666667,0.9985133795837462,True,,snapshots_probe/small/f8/dropout_p0.2/epoch_0013.pt
14.0,f8,dropout_p0.2,0.0,adam,0.2,False,small,0.04907829314470291,1.0,0.6791666666666667,1.0,0.9990089197224976,True,,snapshots_probe/small/f8/dropout_p0.2/epoch_0014.pt
15.0,f8,dropout_p0.2,0.0,adam,0.2,False,small,0.08883902430534363,1.0,0.6791666666666667,1.0,0.9990089197224975,True,,snapshots_probe/small/f8/dropout_p0.2/epoch_0015.pt
16.0,f8,dropout_p0.2,0.0,adam,0.2,False,small,0.04897008091211319,1.0,0.6791666666666667,1.0,0.9990089197224975,True,,snapshots_probe/small/f8/dropout_p0.2/epoch_0016.pt
17.0,f8,dropout_p0.2,0.0,adam,0.2,False,small,0.07488130778074265,0.95,0.6458333333333333,0.9166666666666667,0.9987611496531219,True,,snapshots_probe/small/f8/dropout_p0.2/epoch_0017.pt
18.0,f8,dropout_p0.2,0.0,adam,0.2,False,small,0.045405033975839615,0.95,0.7708333333333333,0.9642857142857143,0.9990089197224976,True,,snapshots_probe/small/f8/dropout_p0.2/epoch_0018.pt
19.0,f8,dropout_p0.2,0.0,adam,0.2,False,small,0.07130350917577744,0.95,0.7708333333333333,0.9500000000000001,0.9990089197224975,True,,snapshots_probe/small/f8/dropout_p0.2/epoch_0019.pt
20.0,f8,dropout_p0.2,0.0,adam,0.2,False,small,0.06265800446271896,0.95,0.7708333333333333,0.9375,0.9990089197224975,True,,snapshots_probe/small/f8/dropout_p0.2/epoch_0020.pt
21.0,f8,dropout_p0.2,0.0,adam,0.2,False,small,0.053887221962213516,1.0,0.6083333333333333,1.0,0.9985133795837462,True,,snapshots_probe/small/f8/dropout_p0.2/epoch_0021.pt
22.0,f8,dropout_p0.2,0.0,adam,0.2,False,small,0.0675719827413559,0.95,0.6678571428571429,0.9166666666666667,0.9982656095143707,True,,snapshots_probe/small/f8/dropout_p0.2/epoch_0022.pt
23.0,f8,dropout_p0.2,0.0,adam,0.2,False,small,0.06308290362358093,0.95,0.7708333333333333,0.9166666666666667,0.9990089197224975,True,,snapshots_probe/small/f8/dropout_p0.2/epoch_0023.pt
24.0,f8,dropout_p0.2,0.0,adam,0.2,False,small,0.1956450492143631,1.0,0.8041666666666667,1.0,0.9992566897918731,True,,snapshots_probe/small/f8/dropout_p0.2/epoch_0024.pt
25.0,f8,dropout_p0.2,0.0,adam,0.2,False,small,0.05969444289803505,0.8041666666666667,0.5666666666666667,0.8500000000000001,0.9982656095143706,True,,snapshots_probe/small/f8/dropout_p0.2/epoch_0025.pt
26.0,f8,dropout_p0.2,0.0,adam,0.2,False,small,0.1367826610803604,0.8041666666666667,0.6916666666666667,0.7500000000000001,0.9985133795837463,True,,snapshots_probe/small/f8/dropout_p0.2/epoch_0026.pt
27.0,f8,dropout_p0.2,0.0,adam,0.2,False,small,0.07744063436985016,0.8875,0.6083333333333333,0.9375,0.9985133795837463,True,,snapshots_probe/small/f8/dropout_p0.2/epoch_0027.pt
28.0,f8,dropout_p0.2,0.0,adam,0.2,False,small,0.046842753887176514,0.95,0.6458333333333333,0.96875,0.9987611496531219,True,,snapshots_probe/small/f8/dropout_p0.2/epoch_0028.pt
29.0,f8,dropout_p0.2,0.0,adam,0.2,False,small,0.05184338986873627,0.8041666666666667,0.6428571428571428,0.8125,0.998017839444995,True,,snapshots_probe/small/f8/dropout_p0.2/epoch_0029.pt
30.0,f8,dropout_p0.2,0.0,adam,0.2,False,small,0.052672792226076126,0.8875,0.7333333333333333,0.9375,0.9987611496531219,True,,snapshots_probe/small/f8/dropout_p0.2/epoch_0030.pt
31.0,f8,dropout_p0.2,0.0,adam,0.2,False,small,0.09208682179450989,0.8875,0.5178571428571428,0.9,0.9977700693756193,True,,snapshots_probe/small/f8/dropout_p0.2/epoch_0031.pt
32.0,f8,dropout_p0.2,0.0,adam,0.2,False,small,0.05768856033682823,0.8875,0.7333333333333333,0.9375,0.9987611496531219,True,,snapshots_probe/small/f8/dropout_p0.2/epoch_0032.pt
33.0,f8,dropout_p0.2,0.0,adam,0.2,False,small,0.05558600649237633,0.8041666666666667,0.6916666666666667,0.8500000000000001,0.9985133795837463,True,,snapshots_probe/small/f8/dropout_p0.2/epoch_0033.pt
34.0,f8,dropout_p0.2,0.0,adam,0.2,False,small,0.0509546659886837,0.8875,0.6083333333333333,0.9375,0.9985133795837463,True,,snapshots_probe/small/f8/dropout_p0.2/epoch_0034.pt
35.0,f8,dropout_p0.2,0.0,adam,0.2,False,small,0.03610995039343834,0.8041666666666667,0.5666666666666667,0.8928571428571429,0.9982656095143707,True,,snapshots_probe/small/f8/dropout_p0.2/epoch_0035.pt
36.0,f8,dropout_p0.2,0.0,adam,0.2,False,small,0.0867353081703186,0.8875,0.6083333333333333,0.9285714285714286,0.9985133795837463,True,,snapshots_probe/small/f8/dropout_p0.2/epoch_0036.pt
37.0,f8,dropout_p0.2,0.0,adam,0.2,False,small,0.156789168715477,0.8875,0.6083333333333333,0.9166666666666667,0.9985133795837462,True,,snapshots_probe/small/f8/dropout_p0.2/epoch_0037.pt
38.0,f8,dropout_p0.2,0.0,adam,0.2,False,small,0.07190629094839096,0.95,0.5845238095238094,0.9642857142857143,0.9982656095143707,True,,snapshots_probe/small/f8/dropout_p0.2/epoch_0038.pt
39.0,f8,dropout_p0.2,0.0,adam,0.2,False,small,0.07021813094615936,0.8041666666666667,0.5666666666666667,0.8500000000000001,0.9982656095143706,True,,snapshots_probe/small/f8/dropout_p0.2/epoch_0039.pt
40.0,f8,dropout_p0.2,0.0,adam,0.2,False,small,0.08603280782699585,0.8041666666666667,0.6916666666666667,0.9166666666666666,0.9985133795837463,True,,snapshots_probe/small/f8/dropout_p0.2/epoch_0040.pt
41.0,f8,dropout_p0.2,0.0,adam,0.2,False,small,0.06674298644065857,0.8875,0.6083333333333333,0.9,0.9985133795837463,True,,snapshots_probe/small/f8/dropout_p0.2/epoch_0041.pt
42.0,f8,dropout_p0.2,0.0,adam,0.2,False,small,0.07229568809270859,0.8875,0.6083333333333333,0.9375,0.9985133795837463,True,,snapshots_probe/small/f8/dropout_p0.2/epoch_0042.pt
43.0,f8,dropout_p0.2,0.0,adam,0.2,False,small,0.07658720761537552,0.7333333333333333,0.6428571428571428,0.875,0.998017839444995,True,,snapshots_probe/small/f8/dropout_p0.2/epoch_0043.pt
44.0,f8,dropout_p0.2,0.0,adam,0.2,False,small,0.050977494567632675,0.8875,0.7095238095238094,0.9285714285714286,0.9985133795837463,True,,snapshots_probe/small/f8/dropout_p0.2/epoch_0044.pt
45.0,f8,dropout_p0.2,0.0,adam,0.2,False,small,0.06571290642023087,0.8041666666666667,0.6916666666666667,0.8500000000000001,0.9985133795837463,True,,snapshots_probe/small/f8/dropout_p0.2/epoch_0045.pt
46.0,f8,dropout_p0.2,0.0,adam,0.2,False,small,0.05756368115544319,0.8875,0.6083333333333333,0.875,0.9985133795837463,True,,snapshots_probe/small/f8/dropout_p0.2/epoch_0046.pt
47.0,f8,dropout_p0.2,0.0,adam,0.2,False,small,0.06875891238451004,0.95,0.6458333333333333,0.9375,0.9987611496531219,True,,snapshots_probe/small/f8/dropout_p0.2/epoch_0047.pt
48.0,f8,dropout_p0.2,0.0,adam,0.2,False,small,0.05632923170924187,0.8875,0.7333333333333333,0.9166666666666667,0.9987611496531219,True,,snapshots_probe/small/f8/dropout_p0.2/epoch_0048.pt
49.0,f8,dropout_p0.2,0.0,adam,0.2,False,small,0.06255283951759338,1.0,0.6791666666666667,1.0,0.9990089197224975,True,,snapshots_probe/small/f8/dropout_p0.2/epoch_0049.pt
50.0,f8,dropout_p0.2,0.0,adam,0.2,False,small,0.15588583052158356,0.95,0.7708333333333333,0.9500000000000001,0.9990089197224975,True,,snapshots_probe/small/f8/dropout_p0.2/epoch_0050.pt
51.0,f8,dropout_p0.2,0.0,adam,0.2,False,small,0.06254454702138901,0.95,0.6458333333333333,0.96875,0.9987611496531219,True,,snapshots_probe/small/f8/dropout_p0.2/epoch_0051.pt
52.0,f8,dropout_p0.2,0.0,adam,0.2,False,small,0.08578229695558548,0.95,0.6458333333333333,0.9375,0.9987611496531219,True,,snapshots_probe/small/f8/dropout_p0.2/epoch_0052.pt
53.0,f8,dropout_p0.2,0.0,adam,0.2,False,small,0.051228441298007965,0.95,0.6458333333333333,0.9500000000000001,0.9987611496531219,True,,snapshots_probe/small/f8/dropout_p0.2/epoch_0053.pt
54.0,f8,dropout_p0.2,0.0,adam,0.2,False,small,0.09121100604534149,0.8166666666666667,0.6845238095238095,0.8333333333333334,0.9982656095143706,True,,snapshots_probe/small/f8/dropout_p0.2/epoch_0054.pt
55.0,f8,dropout_p0.2,0.0,adam,0.2,False,small,0.14029137790203094,0.9166666666666666,0.7470238095238095,0.9,0.9987611496531219,True,,snapshots_probe/small/f8/dropout_p0.2/epoch_0055.pt
56.0,f8,dropout_p0.2,0.0,adam,0.2,False,small,0.10552218556404114,0.8041666666666667,0.6916666666666667,0.8500000000000001,0.9985133795837463,True,,snapshots_probe/small/f8/dropout_p0.2/epoch_0056.pt
57.0,f8,dropout_p0.2,0.0,adam,0.2,False,small,0.047256387770175934,0.95,0.7708333333333333,0.9166666666666667,0.9990089197224975,True,,snapshots_probe/small/f8/dropout_p0.2/epoch_0057.pt
58.0,f8,dropout_p0.2,0.0,adam,0.2,False,small,0.06347962468862534,0.95,0.7708333333333333,0.9166666666666667,0.9990089197224975,True,,snapshots_probe/small/f8/dropout_p0.2/epoch_0058.pt
59.0,f8,dropout_p0.2,0.0,adam,0.2,False,small,0.044507499784231186,0.8875,0.7333333333333333,0.875,0.9987611496531219,True,,snapshots_probe/small/f8/dropout_p0.2/epoch_0059.pt
60.0,f8,dropout_p0.2,0.0,adam,0.2,False,small,0.05058867484331131,1.0,0.8041666666666667,1.0,0.9992566897918731,True,,snapshots_probe/small/f8/dropout_p0.2/epoch_0060.pt
61.0,f8,dropout_p0.2,0.0,adam,0.2,False,small,0.05318666994571686,0.8875,0.7333333333333333,0.9,0.9987611496531219,True,,snapshots_probe/small/f8/dropout_p0.2/epoch_0061.pt
62.0,f8,dropout_p0.2,0.0,adam,0.2,False,small,0.06888093054294586,0.8875,0.6083333333333333,0.875,0.9985133795837463,True,,snapshots_probe/small/f8/dropout_p0.2/epoch_0062.pt
63.0,f8,dropout_p0.2,0.0,adam,0.2,False,small,0.1374386101961136,0.8875,0.7333333333333333,0.9285714285714286,0.9987611496531219,True,,snapshots_probe/small/f8/dropout_p0.2/epoch_0063.pt
64.0,f8,dropout_p0.2,0.0,adam,0.2,False,small,0.052323535084724426,0.8875,0.7333333333333333,0.875,0.9987611496531219,True,,snapshots_probe/small/f8/dropout_p0.2/epoch_0064.pt
65.0,f8,dropout_p0.2,0.0,adam,0.2,False,small,0.03719796985387802,0.8875,0.7333333333333333,0.75,0.9987611496531219,True,,snapshots_probe/small/f8/dropout_p0.2/epoch_0065.pt
66.0,f8,dropout_p0.2,0.0,adam,0.2,False,small,0.04435895010828972,0.95,0.6458333333333333,0.9375,0.9987611496531219,True,,snapshots_probe/small/f8/dropout_p0.2/epoch_0066.pt
67.0,f8,dropout_p0.2,0.0,adam,0.2,False,small,0.09323879331350327,1.0,0.8041666666666667,1.0,0.9992566897918731,True,,snapshots_probe/small/f8/dropout_p0.2/epoch_0067.pt
68.0,f8,dropout_p0.2,0.0,adam,0.2,False,small,0.11056173592805862,0.8875,0.7333333333333333,0.9285714285714286,0.9987611496531219,True,,snapshots_probe/small/f8/dropout_p0.2/epoch_0068.pt
69.0,f8,dropout_p0.2,0.0,adam,0.2,False,small,0.043644875288009644,1.0,0.8041666666666667,1.0,0.9992566897918732,True,,snapshots_probe/small/f8/dropout_p0.2/epoch_0069.pt
70.0,f8,dropout_p0.2,0.0,adam,0.2,False,small,0.14418040215969086,0.8875,0.8875,0.875,0.9995044598612488,True,,snapshots_probe/small/f8/dropout_p0.2/epoch_0070.pt
71.0,f8,dropout_p0.2,0.0,adam,0.2,False,small,0.08396513760089874,0.8875,0.7333333333333333,0.9285714285714286,0.9987611496531219,True,,snapshots_probe/small/f8/dropout_p0.2/epoch_0071.pt
72.0,f8,dropout_p0.2,0.0,adam,0.2,False,small,0.04070788621902466,0.8875,0.7333333333333333,0.9,0.9987611496531219,True,,snapshots_probe/small/f8/dropout_p0.2/epoch_0072.pt
73.0,f8,dropout_p0.2,0.0,adam,0.2,False,small,0.04849513992667198,0.8875,0.7333333333333333,0.875,0.9987611496531219,True,,snapshots_probe/small/f8/dropout_p0.2/epoch_0073.pt
74.0,f8,dropout_p0.2,0.0,adam,0.2,False,small,0.0605744905769825,0.8875,0.7333333333333333,0.8333333333333334,0.9987611496531219,True,,snapshots_probe/small/f8/dropout_p0.2/epoch_0074.pt
75.0,f8,dropout_p0.2,0.0,adam,0.2,False,small,0.057103708386421204,0.8875,0.6083333333333333,0.9166666666666667,0.9985133795837462,True,,snapshots_probe/small/f8/dropout_p0.2/epoch_0075.pt
76.0,f8,dropout_p0.2,0.0,adam,0.2,False,small,0.09585263580083847,0.95,0.7708333333333333,0.9583333333333334,0.9990089197224975,True,,snapshots_probe/small/f8/dropout_p0.2/epoch_0076.pt
77.0,f8,dropout_p0.2,0.0,adam,0.2,False,small,0.05522984638810158,0.95,0.7095238095238094,0.9583333333333334,0.9985133795837463,True,,snapshots_probe/small/f8/dropout_p0.2/epoch_0077.pt
78.0,f8,dropout_p0.2,0.0,adam,0.2,False,small,0.061592116951942444,1.0,0.6791666666666667,1.0,0.9990089197224975,True,,snapshots_probe/small/f8/dropout_p0.2/epoch_0078.pt
79.0,f8,dropout_p0.2,0.0,adam,0.2,False,small,0.06148925796151161,0.8166666666666667,0.6845238095238095,0.75,0.9982656095143707,True,,snapshots_probe/small/f8/dropout_p0.2/epoch_0079.pt
80.0,f8,dropout_p0.2,0.0,adam,0.2,False,small,0.06203794851899147,0.8875,0.7333333333333333,0.875,0.9987611496531219,True,,snapshots_probe/small/f8/dropout_p0.2/epoch_0080.pt
81.0,f8,dropout_p0.2,0.0,adam,0.2,False,small,0.05383247137069702,0.8041666666666667,0.8041666666666667,0.7500000000000001,0.9992566897918732,True,,snapshots_probe/small/f8/dropout_p0.2/epoch_0081.pt
82.0,f8,dropout_p0.2,0.0,adam,0.2,False,small,0.05548931285738945,0.8041666666666667,0.6428571428571428,0.7500000000000001,0.998017839444995,True,,snapshots_probe/small/f8/dropout_p0.2/epoch_0082.pt
83.0,f8,dropout_p0.2,0.0,adam,0.2,False,small,0.04337005317211151,0.8875,0.6083333333333333,0.9,0.9985133795837463,True,,snapshots_probe/small/f8/dropout_p0.2/epoch_0083.pt
84.0,f8,dropout_p0.2,0.0,adam,0.2,False,small,0.0503632016479969,0.8875,0.6845238095238095,0.875,0.9982656095143706,True,,snapshots_probe/small/f8/dropout_p0.2/epoch_0084.pt
85.0,f8,dropout_p0.2,0.0,adam,0.2,False,small,0.0708572193980217,0.8875,0.7333333333333333,0.875,0.9987611496531219,True,,snapshots_probe/small/f8/dropout_p0.2/epoch_0085.pt
86.0,f8,dropout_p0.2,0.0,adam,0.2,False,small,0.08862330764532089,0.8041666666666667,0.6916666666666667,0.90625,0.9985133795837463,True,,snapshots_probe/small/f8/dropout_p0.2/epoch_0086.pt
87.0,f8,dropout_p0.2,0.0,adam,0.2,False,small,0.07544953376054764,0.8041666666666667,0.5666666666666667,0.875,0.9982656095143706,True,,snapshots_probe/small/f8/dropout_p0.2/epoch_0087.pt
88.0,f8,dropout_p0.2,0.0,adam,0.2,False,small,0.05422861874103546,0.8875,0.7333333333333333,0.9166666666666667,0.9987611496531219,True,,snapshots_probe/small/f8/dropout_p0.2/epoch_0088.pt
89.0,f8,dropout_p0.2,0.0,adam,0.2,False,small,0.07638906687498093,0.8875,0.6083333333333333,0.9444444444444444,0.9985133795837463,True,,snapshots_probe/small/f8/dropout_p0.2/epoch_0089.pt
90.0,f8,dropout_p0.2,0.0,adam,0.2,False,small,0.03562895208597183,0.8166666666666667,0.5595238095238095,0.9,0.998017839444995,True,,snapshots_probe/small/f8/dropout_p0.2/epoch_0090.pt
91.0,f8,dropout_p0.2,0.0,adam,0.2,False,small,0.055397070944309235,0.8875,0.7333333333333333,0.9166666666666667,0.9987611496531219,True,,snapshots_probe/small/f8/dropout_p0.2/epoch_0091.pt
92.0,f8,dropout_p0.2,0.0,adam,0.2,False,small,0.06969017535448074,0.8875,0.6845238095238095,0.9,0.9982656095143706,True,,snapshots_probe/small/f8/dropout_p0.2/epoch_0092.pt
93.0,f8,dropout_p0.2,0.0,adam,0.2,False,small,0.09862963855266571,0.8875,0.7333333333333333,0.9285714285714286,0.9987611496531219,True,,snapshots_probe/small/f8/dropout_p0.2/epoch_0093.pt
94.0,f8,dropout_p0.2,0.0,adam,0.2,False,small,0.09715966880321503,0.8875,0.7333333333333333,0.9500000000000001,0.9987611496531219,True,,snapshots_probe/small/f8/dropout_p0.2/epoch_0094.pt
95.0,f8,dropout_p0.2,0.0,adam,0.2,False,small,0.0748702809214592,0.8875,0.6083333333333333,0.9375,0.9985133795837463,True,,snapshots_probe/small/f8/dropout_p0.2/epoch_0095.pt
96.0,f8,dropout_p0.2,0.0,adam,0.2,False,small,0.06745350360870361,1.0,0.8041666666666667,1.0,0.9992566897918732,True,,snapshots_probe/small/f8/dropout_p0.2/epoch_0096.pt
97.0,f8,dropout_p0.2,0.0,adam,0.2,False,small,0.06598295271396637,0.8875,0.7333333333333333,0.9285714285714286,0.9987611496531219,True,,snapshots_probe/small/f8/dropout_p0.2/epoch_0097.pt
98.0,f8,dropout_p0.2,0.0,adam,0.2,False,small,0.07689958810806274,0.8875,0.6845238095238095,0.9285714285714286,0.9982656095143707,True,,snapshots_probe/small/f8/dropout_p0.2/epoch_0098.pt
99.0,f8,dropout_p0.2,0.0,adam,0.2,False,small,0.07358074933290482,0.8875,0.7333333333333333,0.9285714285714286,0.9987611496531219,True,,snapshots_probe/small/f8/dropout_p0.2/epoch_0099.pt
100.0,f8,dropout_p0.2,0.0,adam,0.2,False,small,0.07473599910736084,0.8875,0.7333333333333333,0.9166666666666667,0.9987611496531219,True,,snapshots_probe/small/f8/dropout_p0.2/epoch_0100.pt
1.0,f8,dropout_p0.3,0.0,adam,0.3,False,small,0.0811702236533165,0.9,0.2936410003290556,0.5,0.7490089197224974,True,,snapshots_probe/small/f8/dropout_p0.3/epoch_0001.pt
2.0,f8,dropout_p0.3,0.0,adam,0.3,False,small,0.09139042347669601,0.9166666666666666,0.6041666666666666,0.8333333333333334,0.9982656095143707,True,,snapshots_probe/small/f8/dropout_p0.3/epoch_0002.pt
3.0,f8,dropout_p0.3,0.0,adam,0.3,False,small,0.09262441843748093,0.95,0.6458333333333333,0.9375,0.9987611496531219,True,,snapshots_probe/small/f8/dropout_p0.3/epoch_0003.pt
4.0,f8,dropout_p0.3,0.0,adam,0.3,False,small,0.06729000061750412,0.95,0.6220238095238095,0.9500000000000001,0.9985133795837462,True,,snapshots_probe/small/f8/dropout_p0.3/epoch_0004.pt
5.0,f8,dropout_p0.3,0.0,adam,0.3,False,small,0.08662232011556625,0.8541666666666666,0.5666666666666667,0.8125,0.998017839444995,True,,snapshots_probe/small/f8/dropout_p0.3/epoch_0005.pt
6.0,f8,dropout_p0.3,0.0,adam,0.3,False,small,0.09680395573377609,1.0,0.6791666666666667,1.0,0.9990089197224975,True,,snapshots_probe/small/f8/dropout_p0.3/epoch_0006.pt
7.0,f8,dropout_p0.3,0.0,adam,0.3,False,small,0.07415120303630829,0.8875,0.6083333333333333,0.8333333333333334,0.9985133795837463,True,,snapshots_probe/small/f8/dropout_p0.3/epoch_0007.pt
8.0,f8,dropout_p0.3,0.0,adam,0.3,False,small,0.07186965644359589,0.8041666666666667,0.5666666666666667,0.875,0.9982656095143706,True,,snapshots_probe/small/f8/dropout_p0.3/epoch_0008.pt
9.0,f8,dropout_p0.3,0.0,adam,0.3,False,small,0.08286259323358536,0.8875,0.5845238095238094,0.9166666666666667,0.9982656095143707,True,,snapshots_probe/small/f8/dropout_p0.3/epoch_0009.pt
10.0,f8,dropout_p0.3,0.0,adam,0.3,False,small,0.08043358474969864,0.8041666666666667,0.5666666666666667,0.8125,0.9982656095143707,True,,snapshots_probe/small/f8/dropout_p0.3/epoch_0010.pt
11.0,f8,dropout_p0.3,0.0,adam,0.3,False,small,0.1353580355644226,0.8041666666666667,0.5428571428571428,0.90625,0.9980178394449951,True,,snapshots_probe/small/f8/dropout_p0.3/epoch_0011.pt
12.0,f8,dropout_p0.3,0.0,adam,0.3,False,small,0.059061404317617416,0.8041666666666667,0.5428571428571428,0.875,0.9980178394449951,True,,snapshots_probe/small/f8/dropout_p0.3/epoch_0012.pt
13.0,f8,dropout_p0.3,0.0,adam,0.3,False,small,0.16279743611812592,0.8041666666666667,0.5666666666666667,0.8928571428571429,0.9982656095143707,True,,snapshots_probe/small/f8/dropout_p0.3/epoch_0013.pt
14.0,f8,dropout_p0.3,0.0,adam,0.3,False,small,0.05311807245016098,0.8041666666666667,0.5666666666666667,0.8500000000000001,0.9982656095143706,True,,snapshots_probe/small/f8/dropout_p0.3/epoch_0014.pt
15.0,f8,dropout_p0.3,0.0,adam,0.3,False,small,0.09034395962953568,0.8041666666666667,0.5666666666666667,0.875,0.9982656095143706,True,,snapshots_probe/small/f8/dropout_p0.3/epoch_0015.pt
16.0,f8,dropout_p0.3,0.0,adam,0.3,False,small,0.07018949836492538,0.8041666666666667,0.5666666666666667,0.8500000000000001,0.9982656095143706,True,,snapshots_probe/small/f8/dropout_p0.3/epoch_0016.pt
17.0,f8,dropout_p0.3,0.0,adam,0.3,False,small,0.07230663299560547,0.8875,0.6083333333333333,0.9166666666666667,0.9985133795837462,True,,snapshots_probe/small/f8/dropout_p0.3/epoch_0017.pt
18.0,f8,dropout_p0.3,0.0,adam,0.3,False,small,0.0607561394572258,0.8041666666666667,0.5666666666666667,0.875,0.9982656095143706,True,,snapshots_probe/small/f8/dropout_p0.3/epoch_0018.pt
19.0,f8,dropout_p0.3,0.0,adam,0.3,False,small,0.2236134558916092,0.8041666666666667,0.5666666666666667,0.8928571428571429,0.9982656095143707,True,,snapshots_probe/small/f8/dropout_p0.3/epoch_0019.pt
20.0,f8,dropout_p0.3,0.0,adam,0.3,False,small,0.09576976299285889,0.7470238095238095,0.5111111111111111,0.7916666666666667,0.9975222993062438,True,,snapshots_probe/small/f8/dropout_p0.3/epoch_0020.pt
21.0,f8,dropout_p0.3,0.0,adam,0.3,False,small,0.08074017614126205,0.8041666666666667,0.5666666666666667,0.8500000000000001,0.9982656095143706,True,,snapshots_probe/small/f8/dropout_p0.3/epoch_0021.pt
22.0,f8,dropout_p0.3,0.0,adam,0.3,False,small,0.06554259359836578,0.7708333333333333,0.525,0.8,0.9977700693756193,True,,snapshots_probe/small/f8/dropout_p0.3/epoch_0022.pt
23.0,f8,dropout_p0.3,0.0,adam,0.3,False,small,0.08742265403270721,0.8041666666666667,0.4928571428571429,0.8500000000000001,0.9975222993062438,True,,snapshots_probe/small/f8/dropout_p0.3/epoch_0023.pt
24.0,f8,dropout_p0.3,0.0,adam,0.3,False,small,0.07199805229902267,0.8541666666666666,0.5666666666666667,0.875,0.998017839444995,True,,snapshots_probe/small/f8/dropout_p0.3/epoch_0024.pt
25.0,f8,dropout_p0.3,0.0,adam,0.3,False,small,0.10215245187282562,0.7333333333333333,0.5178571428571428,0.8214285714285714,0.9977700693756194,True,,snapshots_probe/small/f8/dropout_p0.3/epoch_0025.pt
26.0,f8,dropout_p0.3,0.0,adam,0.3,False,small,0.07743066549301147,0.8041666666666667,0.4928571428571429,0.90625,0.9975222993062438,True,,snapshots_probe/small/f8/dropout_p0.3/epoch_0026.pt
27.0,f8,dropout_p0.3,0.0,adam,0.3,False,small,0.07318763434886932,0.65,0.3331300239740516,0.65625,0.8717789890981169,True,,snapshots_probe/small/f8/dropout_p0.3/epoch_0027.pt
28.0,f8,dropout_p0.3,0.0,adam,0.3,False,small,0.09733166545629501,0.7470238095238095,0.5111111111111111,0.8611111111111112,0.9975222993062438,True,,snapshots_probe/small/f8/dropout_p0.3/epoch_0028.pt
29.0,f8,dropout_p0.3,0.0,adam,0.3,False,small,0.06915052235126495,0.8303571428571428,0.5666666666666667,0.8,0.998017839444995,True,,snapshots_probe/small/f8/dropout_p0.3/epoch_0029.pt
30.0,f8,dropout_p0.3,0.0,adam,0.3,False,small,0.06854426860809326,0.8041666666666667,0.5666666666666667,0.8125,0.9982656095143707,True,,snapshots_probe/small/f8/dropout_p0.3/epoch_0030.pt
31.0,f8,dropout_p0.3,0.0,adam,0.3,False,small,0.07388023287057877,0.8041666666666667,0.6916666666666667,0.875,0.9985133795837462,True,,snapshots_probe/small/f8/dropout_p0.3/epoch_0031.pt
32.0,f8,dropout_p0.3,0.0,adam,0.3,False,small,0.09123798459768295,0.7291666666666666,0.625,0.75,0.9975222993062438,True,,snapshots_probe/small/f8/dropout_p0.3/epoch_0032.pt
33.0,f8,dropout_p0.3,0.0,adam,0.3,False,small,0.0986868143081665,0.7470238095238095,0.5111111111111111,0.8611111111111112,0.9975222993062438,True,,snapshots_probe/small/f8/dropout_p0.3/epoch_0033.pt
34.0,f8,dropout_p0.3,0.0,adam,0.3,False,small,0.07291372120380402,0.7291666666666666,0.5111111111111111,0.8333333333333334,0.9975222993062438,True,,snapshots_probe/small/f8/dropout_p0.3/epoch_0034.pt
35.0,f8,dropout_p0.3,0.0,adam,0.3,False,small,0.07003290951251984,0.8041666666666667,0.5428571428571428,0.875,0.9980178394449951,True,,snapshots_probe/small/f8/dropout_p0.3/epoch_0035.pt
36.0,f8,dropout_p0.3,0.0,adam,0.3,False,small,0.07004505395889282,0.7708333333333333,0.5428571428571428,0.8888888888888888,0.9980178394449951,True,,snapshots_probe/small/f8/dropout_p0.3/epoch_0036.pt
37.0,f8,dropout_p0.3,0.0,adam,0.3,False,small,0.07465463876724243,0.7470238095238095,0.5111111111111111,0.84375,0.9975222993062438,True,,snapshots_probe/small/f8/dropout_p0.3/epoch_0037.pt
38.0,f8,dropout_p0.3,0.0,adam,0.3,False,small,0.06678552180528641,0.8125,0.5416666666666666,0.84375,0.9975222993062437,True,,snapshots_probe/small/f8/dropout_p0.3/epoch_0038.pt
39.0,f8,dropout_p0.3,0.0,adam,0.3,False,small,0.05780277028679848,0.8041666666666667,0.5428571428571429,0.9375,0.9980178394449951,True,,snapshots_probe/small/f8/dropout_p0.3/epoch_0039.pt
40.0,f8,dropout_p0.3,0.0,adam,0.3,False,small,0.061677221208810806,0.7291666666666666,0.5,0.7857142857142857,0.9972745292368681,True,,snapshots_probe/small/f8/dropout_p0.3/epoch_0040.pt
41.0,f8,dropout_p0.3,0.0,adam,0.3,False,small,0.0699024423956871,0.7470238095238095,0.525,0.6875,0.9977700693756194,True,,snapshots_probe/small/f8/dropout_p0.3/epoch_0041.pt
42.0,f8,dropout_p0.3,0.0,adam,0.3,False,small,0.09225977957248688,0.7291666666666666,0.5,0.7857142857142857,0.9972745292368681,True,,snapshots_probe/small/f8/dropout_p0.3/epoch_0042.pt
43.0,f8,dropout_p0.3,0.0,adam,0.3,False,small,0.0682278424501419,0.7708333333333333,0.5428571428571428,0.9,0.9980178394449951,True,,snapshots_probe/small/f8/dropout_p0.3/epoch_0043.pt
44.0,f8,dropout_p0.3,0.0,adam,0.3,False,small,0.14778363704681396,0.6416666666666666,0.3447371668311945,0.5833333333333334,0.8720267591674926,True,,snapshots_probe/small/f8/dropout_p0.3/epoch_0044.pt
45.0,f8,dropout_p0.3,0.0,adam,0.3,False,small,0.14267008006572723,0.7708333333333333,0.5428571428571428,0.8571428571428572,0.9980178394449951,True,,snapshots_probe/small/f8/dropout_p0.3/epoch_0045.pt
46.0,f8,dropout_p0.3,0.0,adam,0.3,False,small,0.14554736018180847,0.7708333333333333,0.525,0.8571428571428572,0.9977700693756194,True,,snapshots_probe/small/f8/dropout_p0.3/epoch_0046.pt
47.0,f8,dropout_p0.3,0.0,adam,0.3,False,small,0.12237559258937836,0.7708333333333333,0.5428571428571428,0.8333333333333334,0.998017839444995,True,,snapshots_probe/small/f8/dropout_p0.3/epoch_0047.pt
48.0,f8,dropout_p0.3,0.0,adam,0.3,False,small,0.07405370473861694,0.7291666666666666,0.5111111111111111,0.75,0.9975222993062438,True,,snapshots_probe/small/f8/dropout_p0.3/epoch_0048.pt
49.0,f8,dropout_p0.3,0.0,adam,0.3,False,small,0.15890686213970184,0.8875,0.6083333333333333,0.9,0.9985133795837463,True,,snapshots_probe/small/f8/dropout_p0.3/epoch_0049.pt
50.0,f8,dropout_p0.3,0.0,adam,0.3,False,small,0.17210808396339417,0.7708333333333333,0.5428571428571428,0.8571428571428572,0.9980178394449951,True,,snapshots_probe/small/f8/dropout_p0.3/epoch_0050.pt
51.0,f8,dropout_p0.3,0.0,adam,0.3,False,small,0.08984000980854034,0.8875,0.6083333333333333,0.875,0.9985133795837463,True,,snapshots_probe/small/f8/dropout_p0.3/epoch_0051.pt
52.0,f8,dropout_p0.3,0.0,adam,0.3,False,small,0.07043060660362244,0.8041666666666667,0.5666666666666667,0.8928571428571429,0.9982656095143707,True,,snapshots_probe/small/f8/dropout_p0.3/epoch_0052.pt
53.0,f8,dropout_p0.3,0.0,adam,0.3,False,small,0.09781287610530853,0.7708333333333333,0.525,0.8333333333333334,0.9977700693756194,True,,snapshots_probe/small/f8/dropout_p0.3/epoch_0053.pt
54.0,f8,dropout_p0.3,0.0,adam,0.3,False,small,0.12175557762384415,0.8875,0.6083333333333333,0.9,0.9985133795837463,True,,snapshots_probe/small/f8/dropout_p0.3/epoch_0054.pt
55.0,f8,dropout_p0.3,0.0,adam,0.3,False,small,0.07989226281642914,0.7708333333333333,0.5428571428571428,0.8333333333333334,0.998017839444995,True,,snapshots_probe/small/f8/dropout_p0.3/epoch_0055.pt
56.0,f8,dropout_p0.3,0.0,adam,0.3,False,small,0.05681031942367554,0.8041666666666667,0.5666666666666667,0.875,0.9982656095143706,True,,snapshots_probe/small/f8/dropout_p0.3/epoch_0056.pt
57.0,f8,dropout_p0.3,0.0,adam,0.3,False,small,0.07004858553409576,0.7470238095238095,0.525,0.8611111111111112,0.9977700693756194,True,,snapshots_probe/small/f8/dropout_p0.3/epoch_0057.pt
58.0,f8,dropout_p0.3,0.0,adam,0.3,False,small,0.0743885263800621,0.8041666666666667,0.5666666666666667,0.875,0.9982656095143706,True,,snapshots_probe/small/f8/dropout_p0.3/epoch_0058.pt
59.0,f8,dropout_p0.3,0.0,adam,0.3,False,small,0.08253395557403564,0.7708333333333333,0.525,0.8,0.9977700693756193,True,,snapshots_probe/small/f8/dropout_p0.3/epoch_0059.pt
60.0,f8,dropout_p0.3,0.0,adam,0.3,False,small,0.13176463544368744,0.8041666666666667,0.5666666666666667,0.90625,0.9982656095143707,True,,snapshots_probe/small/f8/dropout_p0.3/epoch_0060.pt
61.0,f8,dropout_p0.3,0.0,adam,0.3,False,small,0.05746855214238167,0.7708333333333333,0.525,0.8333333333333334,0.9977700693756194,True,,snapshots_probe/small/f8/dropout_p0.3/epoch_0061.pt
62.0,f8,dropout_p0.3,0.0,adam,0.3,False,small,0.07579495757818222,0.8041666666666667,0.6678571428571428,0.875,0.9982656095143707,True,,snapshots_probe/small/f8/dropout_p0.3/epoch_0062.pt
63.0,f8,dropout_p0.3,0.0,adam,0.3,False,small,0.06733913719654083,0.6777777777777778,0.3759871668311945,0.6,0.8727700693756194,True,,snapshots_probe/small/f8/dropout_p0.3/epoch_0063.pt
64.0,f8,dropout_p0.3,0.0,adam,0.3,False,small,0.06813021749258041,0.6777777777777778,0.3759871668311945,0.6,0.8727700693756194,True,,snapshots_probe/small/f8/dropout_p0.3/epoch_0064.pt
65.0,f8,dropout_p0.3,0.0,adam,0.3,False,small,0.0756392553448677,0.8041666666666667,0.5666666666666667,0.90625,0.9982656095143707,True,,snapshots_probe/small/f8/dropout_p0.3/epoch_0065.pt
66.0,f8,dropout_p0.3,0.0,adam,0.3,False,small,0.2517731785774231,0.7470238095238095,0.5111111111111111,0.75,0.9975222993062438,True,,snapshots_probe/small/f8/dropout_p0.3/epoch_0066.pt
67.0,f8,dropout_p0.3,0.0,adam,0.3,False,small,0.1644749492406845,0.8041666666666667,0.5666666666666667,0.875,0.9982656095143706,True,,snapshots_probe/small/f8/dropout_p0.3/epoch_0067.pt
68.0,f8,dropout_p0.3,0.0,adam,0.3,False,small,0.09498567879199982,0.8875,0.6083333333333333,0.9285714285714286,0.9985133795837463,True,,snapshots_probe/small/f8/dropout_p0.3/epoch_0068.pt
69.0,f8,dropout_p0.3,0.0,adam,0.3,False,small,0.05045756325125694,0.7708333333333333,0.525,0.8,0.9977700693756193,True,,snapshots_probe/small/f8/dropout_p0.3/epoch_0069.pt
70.0,f8,dropout_p0.3,0.0,adam,0.3,False,small,0.06558194011449814,0.5416666666666666,0.3343205001645278,0.5833333333333334,0.872398414271556,True,,snapshots_probe/small/f8/dropout_p0.3/epoch_0070.pt
71.0,f8,dropout_p0.3,0.0,adam,0.3,False,small,0.07677961885929108,0.7708333333333333,0.5428571428571428,0.8333333333333334,0.998017839444995,True,,snapshots_probe/small/f8/dropout_p0.3/epoch_0071.pt
72.0,f8,dropout_p0.3,0.0,adam,0.3,False,small,0.07402300089597702,0.6916666666666667,0.3581300239740516,0.5625,0.8725222993062438,True,,snapshots_probe/small/f8/dropout_p0.3/epoch_0072.pt
73.0,f8,dropout_p0.3,0.0,adam,0.3,False,small,0.09229377657175064,0.7708333333333333,0.5428571428571429,0.8,0.998017839444995,True,,snapshots_probe/small/f8/dropout_p0.3/epoch_0073.pt
74.0,f8,dropout_p0.3,0.0,adam,0.3,False,small,0.0627589300274849,0.7708333333333333,0.525,0.8,0.9977700693756193,True,,snapshots_probe/small/f8/dropout_p0.3/epoch_0074.pt
75.0,f8,dropout_p0.3,0.0,adam,0.3,False,small,0.07967662811279297,0.7470238095238095,0.5111111111111111,0.75,0.9975222993062438,True,,snapshots_probe/small/f8/dropout_p0.3/epoch_0075.pt
76.0,f8,dropout_p0.3,0.0,adam,0.3,False,small,0.06616315245628357,0.8041666666666667,0.5666666666666667,0.875,0.9982656095143706,True,,snapshots_probe/small/f8/dropout_p0.3/epoch_0076.pt
77.0,f8,dropout_p0.3,0.0,adam,0.3,False,small,0.08143042027950287,0.8041666666666667,0.5666666666666667,0.875,0.9982656095143706,True,,snapshots_probe/small/f8/dropout_p0.3/epoch_0077.pt
78.0,f8,dropout_p0.3,0.0,adam,0.3,False,small,0.05207454040646553,0.8541666666666666,0.5666666666666667,0.8928571428571428,0.998017839444995,True,,snapshots_probe/small/f8/dropout_p0.3/epoch_0078.pt
79.0,f8,dropout_p0.3,0.0,adam,0.3,False,small,0.0796232745051384,0.7470238095238095,0.525,0.8214285714285714,0.9977700693756194,True,,snapshots_probe/small/f8/dropout_p0.3/epoch_0079.pt
80.0,f8,dropout_p0.3,0.0,adam,0.3,False,small,0.10318305343389511,0.6777777777777777,0.475,0.7777777777777778,0.9970267591674926,True,,snapshots_probe/small/f8/dropout_p0.3/epoch_0080.pt
81.0,f8,dropout_p0.3,0.0,adam,0.3,False,small,0.09289100021123886,0.7291666666666666,0.5111111111111111,0.7000000000000001,0.9975222993062438,True,,snapshots_probe/small/f8/dropout_p0.3/epoch_0081.pt
82.0,f8,dropout_p0.3,0.0,adam,0.3,False,small,0.07244797050952911,0.7470238095238095,0.525,0.8611111111111112,0.9977700693756194,True,,snapshots_probe/small/f8/dropout_p0.3/epoch_0082.pt
83.0,f8,dropout_p0.3,0.0,adam,0.3,False,small,0.07355425506830215,0.8041666666666667,0.5666666666666667,0.9375,0.9982656095143706,True,,snapshots_probe/small/f8/dropout_p0.3/epoch_0083.pt
84.0,f8,dropout_p0.3,0.0,adam,0.3,False,small,0.06761229038238525,0.8166666666666667,0.5595238095238095,0.8888888888888888,0.998017839444995,True,,snapshots_probe/small/f8/dropout_p0.3/epoch_0084.pt
85.0,f8,dropout_p0.3,0.0,adam,0.3,False,small,0.09680324792861938,0.8041666666666667,0.5666666666666667,0.875,0.9982656095143706,True,,snapshots_probe/small/f8/dropout_p0.3/epoch_0085.pt
86.0,f8,dropout_p0.3,0.0,adam,0.3,False,small,0.06535772234201431,0.8875,0.6083333333333333,0.9166666666666667,0.9985133795837462,True,,snapshots_probe/small/f8/dropout_p0.3/epoch_0086.pt
87.0,f8,dropout_p0.3,0.0,adam,0.3,False,small,0.07475252449512482,0.7708333333333333,0.525,0.8,0.9977700693756193,True,,snapshots_probe/small/f8/dropout_p0.3/epoch_0087.pt
88.0,f8,dropout_p0.3,0.0,adam,0.3,False,small,0.09228187054395676,0.7291666666666666,0.5111111111111111,0.7857142857142857,0.9975222993062438,True,,snapshots_probe/small/f8/dropout_p0.3/epoch_0088.pt
89.0,f8,dropout_p0.3,0.0,adam,0.3,False,small,0.125788152217865,0.6458333333333333,0.5011904761904762,0.7916666666666667,0.9977700693756194,True,,snapshots_probe/small/f8/dropout_p0.3/epoch_0089.pt
90.0,f8,dropout_p0.3,0.0,adam,0.3,False,small,0.12469877302646637,0.8041666666666667,0.5666666666666667,0.8125,0.9982656095143707,True,,snapshots_probe/small/f8/dropout_p0.3/epoch_0090.pt
91.0,f8,dropout_p0.3,0.0,adam,0.3,False,small,0.10641229152679443,0.8541666666666666,0.5666666666666667,0.85,0.9980178394449949,True,,snapshots_probe/small/f8/dropout_p0.3/epoch_0091.pt
92.0,f8,dropout_p0.3,0.0,adam,0.3,False,small,0.06117295101284981,0.7470238095238095,0.525,0.7916666666666667,0.9977700693756193,True,,snapshots_probe/small/f8/dropout_p0.3/epoch_0092.pt
93.0,f8,dropout_p0.3,0.0,adam,0.3,False,small,0.05102892592549324,0.8041666666666667,0.5666666666666667,0.8500000000000001,0.9982656095143706,True,,snapshots_probe/small/f8/dropout_p0.3/epoch_0093.pt
94.0,f8,dropout_p0.3,0.0,adam,0.3,False,small,0.06611301004886627,0.7708333333333333,0.525,0.8571428571428572,0.9977700693756194,True,,snapshots_probe/small/f8/dropout_p0.3/epoch_0094.pt
95.0,f8,dropout_p0.3,0.0,adam,0.3,False,small,0.0870981514453888,0.775,0.4176538334978611,0.625,0.8731417244796829,True,,snapshots_probe/small/f8/dropout_p0.3/epoch_0095.pt
96.0,f8,dropout_p0.3,0.0,adam,0.3,False,small,0.1427709311246872,0.8303571428571428,0.5527777777777777,0.75,0.9977700693756194,True,,snapshots_probe/small/f8/dropout_p0.3/epoch_0096.pt
97.0,f8,dropout_p0.3,0.0,adam,0.3,False,small,0.06471334397792816,0.8041666666666667,0.5666666666666667,0.8500000000000001,0.9982656095143706,True,,snapshots_probe/small/f8/dropout_p0.3/epoch_0097.pt
98.0,f8,dropout_p0.3,0.0,adam,0.3,False,small,0.08728133141994476,0.7333333333333333,0.5178571428571428,0.6875,0.9977700693756194,True,,snapshots_probe/small/f8/dropout_p0.3/epoch_0098.pt
99.0,f8,dropout_p0.3,0.0,adam,0.3,False,small,0.10873804986476898,0.8541666666666666,0.5845238095238094,0.8125,0.9982656095143707,True,,snapshots_probe/small/f8/dropout_p0.3/epoch_0099.pt
100.0,f8,dropout_p0.3,0.0,adam,0.3,False,small,0.13414359092712402,0.8303571428571428,0.5527777777777777,0.75,0.9977700693756194,True,,snapshots_probe/small/f8/dropout_p0.3/epoch_0100.pt
1.0,f8,dropout_p0.5,0.0,adam,0.5,False,small,0.2895808219909668,0.9166666666666666,0.4801538334978611,0.75,0.8738850346878098,True,,snapshots_probe/small/f8/dropout_p0.5/epoch_0001.pt
2.0,f8,dropout_p0.5,0.0,adam,0.5,False,small,0.20243318378925323,0.7708333333333333,0.40098716683119445,0.5,0.8733894945490586,True,,snapshots_probe/small/f8/dropout_p0.5/epoch_0002.pt
3.0,f8,dropout_p0.5,0.0,adam,0.5,False,small,0.22588737308979034,0.75,0.22697433366238895,0.375,0.7480178394449951,True,,snapshots_probe/small/f8/dropout_p0.5/epoch_0003.pt
4.0,f8,dropout_p0.5,0.0,adam,0.5,False,small,0.10990464687347412,0.7857142857142857,0.21030766699572226,0.5,0.7477700693756194,True,,snapshots_probe/small/f8/dropout_p0.5/epoch_0004.pt
5.0,f8,dropout_p0.5,0.0,adam,0.5,False,small,0.14567042887210846,0.75,0.08629483382691674,0.25,0.623017839444995,True,,snapshots_probe/small/f8/dropout_p0.5/epoch_0005.pt
6.0,f8,dropout_p0.5,0.0,adam,0.5,False,small,0.14687640964984894,0.9166666666666666,0.4801538334978611,0.75,0.8738850346878098,True,,snapshots_probe/small/f8/dropout_p0.5/epoch_0006.pt
7.0,f8,dropout_p0.5,0.0,adam,0.5,False,small,0.19025273621082306,0.9166666666666666,0.4801538334978611,0.75,0.8738850346878098,True,,snapshots_probe/small/f8/dropout_p0.5/epoch_0007.pt
8.0,f8,dropout_p0.5,0.0,adam,0.5,False,small,0.1393468976020813,0.7708333333333333,0.3759871668311945,0.5,0.873017839444995,True,,snapshots_probe/small/f8/dropout_p0.5/epoch_0008.pt
9.0,f8,dropout_p0.5,0.0,adam,0.5,False,small,0.11534875631332397,0.8928571428571428,0.4801538334978611,0.75,0.8737611496531219,True,,snapshots_probe/small/f8/dropout_p0.5/epoch_0009.pt
10.0,f8,dropout_p0.5,0.0,adam,0.5,False,small,0.1363653540611267,0.95,0.4801538334978611,0.75,0.8740089197224975,True,,snapshots_probe/small/f8/dropout_p0.5/epoch_0010.pt
11.0,f8,dropout_p0.5,0.0,adam,0.5,False,small,0.17087966203689575,0.8928571428571428,0.4009871668311945,0.75,0.8731417244796829,True,,snapshots_probe/small/f8/dropout_p0.5/epoch_0011.pt
12.0,f8,dropout_p0.5,0.0,adam,0.5,False,small,0.35885539650917053,0.9166666666666666,0.4801538334978611,0.75,0.8737611496531219,True,,snapshots_probe/small/f8/dropout_p0.5/epoch_0012.pt
13.0,f8,dropout_p0.5,0.0,adam,0.5,False,small,0.15593546628952026,0.95,0.4801538334978611,0.75,0.8740089197224975,True,,snapshots_probe/small/f8/dropout_p0.5/epoch_0013.pt
14.0,f8,dropout_p0.5,0.0,adam,0.5,False,small,0.15339678525924683,0.7470238095238095,0.40098716683119445,0.5833333333333334,0.8732656095143706,True,,snapshots_probe/small/f8/dropout_p0.5/epoch_0014.pt
15.0,f8,dropout_p0.5,0.0,adam,0.5,False,small,0.19047671556472778,0.8541666666666666,0.4426538334978611,0.625,0.8735133795837463,True,,snapshots_probe/small/f8/dropout_p0.5/epoch_0015.pt
16.0,f8,dropout_p0.5,0.0,adam,0.5,False,small,0.25791630148887634,0.8928571428571428,0.4801538334978611,0.75,0.873637264618434,True,,snapshots_probe/small/f8/dropout_p0.5/epoch_0016.pt
17.0,f8,dropout_p0.5,0.0,adam,0.5,False,small,0.13466140627861023,0.8928571428571428,0.4801538334978611,0.75,0.8737611496531219,True,,snapshots_probe/small/f8/dropout_p0.5/epoch_0017.pt
18.0,f8,dropout_p0.5,0.0,adam,0.5,False,small,0.12458144873380661,0.8928571428571428,0.4801538334978611,0.75,0.873637264618434,True,,snapshots_probe/small/f8/dropout_p0.5/epoch_0018.pt
19.0,f8,dropout_p0.5,0.0,adam,0.5,False,small,0.26002010703086853,0.8928571428571428,0.4801538334978611,0.75,0.8737611496531219,True,,snapshots_probe/small/f8/dropout_p0.5/epoch_0019.pt
20.0,f8,dropout_p0.5,0.0,adam,0.5,False,small,0.15466813743114471,0.8611111111111112,0.4801538334978611,0.75,0.8735133795837463,True,,snapshots_probe/small/f8/dropout_p0.5/epoch_0020.pt
21.0,f8,dropout_p0.5,0.0,adam,0.5,False,small,0.2292652577161789,0.9166666666666666,0.4426538334978611,0.75,0.8735133795837463,True,,snapshots_probe/small/f8/dropout_p0.5/epoch_0021.pt
22.0,f8,dropout_p0.5,0.0,adam,0.5,False,small,0.13801948726177216,0.8611111111111112,0.4801538334978611,0.75,0.8735133795837463,True,,snapshots_probe/small/f8/dropout_p0.5/epoch_0022.pt
23.0,f8,dropout_p0.5,0.0,adam,0.5,False,small,0.2627386450767517,0.9166666666666666,0.40098716683119445,0.75,0.8732656095143706,True,,snapshots_probe/small/f8/dropout_p0.5/epoch_0023.pt
24.0,f8,dropout_p0.5,0.0,adam,0.5,False,small,0.11341681331396103,0.8928571428571428,0.4801538334978611,0.75,0.8737611496531219,True,,snapshots_probe/small/f8/dropout_p0.5/epoch_0024.pt
25.0,f8,dropout_p0.5,0.0,adam,0.5,False,small,0.22749726474285126,0.95,0.4801538334978611,0.75,0.8740089197224975,True,,snapshots_probe/small/f8/dropout_p0.5/epoch_0025.pt
26.0,f8,dropout_p0.5,0.0,adam,0.5,False,small,0.12649783492088318,0.8303571428571428,0.4176538334978611,0.6666666666666666,0.8730178394449951,True,,snapshots_probe/small/f8/dropout_p0.5/epoch_0026.pt
27.0,f8,dropout_p0.5,0.0,adam,0.5,False,small,0.10400695353746414,0.875,0.4801538334978611,0.75,0.873637264618434,True,,snapshots_probe/small/f8/dropout_p0.5/epoch_0027.pt
28.0,f8,dropout_p0.5,0.0,adam,0.5,False,small,0.11260329186916351,0.8928571428571428,0.4801538334978611,0.75,0.8737611496531219,True,,snapshots_probe/small/f8/dropout_p0.5/epoch_0028.pt
29.0,f8,dropout_p0.5,0.0,adam,0.5,False,small,0.1607871800661087,0.9166666666666666,0.4801538334978611,0.75,0.8738850346878098,True,,snapshots_probe/small/f8/dropout_p0.5/epoch_0029.pt
30.0,f8,dropout_p0.5,0.0,adam,0.5,False,small,0.13832049071788788,0.8928571428571428,0.4801538334978611,0.75,0.8737611496531219,True,,snapshots_probe/small/f8/dropout_p0.5/epoch_0030.pt
31.0,f8,dropout_p0.5,0.0,adam,0.5,False,small,0.11672748625278473,0.8541666666666666,0.44265383349786114,0.625,0.8736372646184342,True,,snapshots_probe/small/f8/dropout_p0.5/epoch_0031.pt
32.0,f8,dropout_p0.5,0.0,adam,0.5,False,small,0.19495055079460144,0.95,0.4801538334978611,0.75,0.8740089197224975,True,,snapshots_probe/small/f8/dropout_p0.5/epoch_0032.pt
33.0,f8,dropout_p0.5,0.0,adam,0.5,False,small,0.1301611065864563,0.95,0.4801538334978611,0.75,0.8740089197224975,True,,snapshots_probe/small/f8/dropout_p0.5/epoch_0033.pt
34.0,f8,dropout_p0.5,0.0,adam,0.5,False,small,0.2450600415468216,0.9166666666666666,0.4801538334978611,0.75,0.8738850346878098,True,,snapshots_probe/small/f8/dropout_p0.5/epoch_0034.pt
35.0,f8,dropout_p0.5,0.0,adam,0.5,False,small,0.20792149007320404,0.7291666666666666,0.4009871668311945,0.625,0.8731417244796829,True,,snapshots_probe/small/f8/dropout_p0.5/epoch_0035.pt
36.0,f8,dropout_p0.5,0.0,adam,0.5,False,small,0.12209216505289078,0.8541666666666666,0.3759871668311945,0.625,0.873017839444995,True,,snapshots_probe/small/f8/dropout_p0.5/epoch_0036.pt
37.0,f8,dropout_p0.5,0.0,adam,0.5,False,small,0.27802151441574097,0.85,0.4801538334978611,0.75,0.8732656095143707,True,,snapshots_probe/small/f8/dropout_p0.5/epoch_0037.pt
38.0,f8,dropout_p0.5,0.0,adam,0.5,False,small,0.15920954942703247,0.9166666666666666,0.4801538334978611,0.75,0.8738850346878098,True,,snapshots_probe/small/f8/dropout_p0.5/epoch_0038.pt
39.0,f8,dropout_p0.5,0.0,adam,0.5,False,small,0.12191318720579147,0.8928571428571428,0.4801538334978611,0.75,0.8737611496531219,True,,snapshots_probe/small/f8/dropout_p0.5/epoch_0039.pt
40.0,f8,dropout_p0.5,0.0,adam,0.5,False,small,0.17867138981819153,0.9166666666666666,0.4801538334978611,0.75,0.8738850346878098,True,,snapshots_probe/small/f8/dropout_p0.5/epoch_0040.pt
41.0,f8,dropout_p0.5,0.0,adam,0.5,False,small,0.14646805822849274,0.8928571428571428,0.4801538334978611,0.75,0.8737611496531219,True,,snapshots_probe/small/f8/dropout_p0.5/epoch_0041.pt
42.0,f8,dropout_p0.5,0.0,adam,0.5,False,small,0.11365871876478195,0.875,0.4801538334978611,0.75,0.8735133795837463,True,,snapshots_probe/small/f8/dropout_p0.5/epoch_0042.pt
43.0,f8,dropout_p0.5,0.0,adam,0.5,False,small,0.08886987715959549,0.95,0.40098716683119445,0.75,0.8733894945490586,True,,snapshots_probe/small/f8/dropout_p0.5/epoch_0043.pt
44.0,f8,dropout_p0.5,0.0,adam,0.5,False,small,0.12352528423070908,0.8928571428571428,0.44265383349786114,0.75,0.8733894945490585,True,,snapshots_probe/small/f8/dropout_p0.5/epoch_0044.pt
45.0,f8,dropout_p0.5,0.0,adam,0.5,False,small,0.2588544487953186,0.8541666666666666,0.44265383349786114,0.625,0.8736372646184342,True,,snapshots_probe/small/f8/dropout_p0.5/epoch_0045.pt
46.0,f8,dropout_p0.5,0.0,adam,0.5,False,small,0.10784842818975449,0.95,0.44265383349786114,0.75,0.8736372646184342,True,,snapshots_probe/small/f8/dropout_p0.5/epoch_0046.pt
47.0,f8,dropout_p0.5,0.0,adam,0.5,False,small,0.16552510857582092,0.95,0.4801538334978611,0.75,0.8740089197224975,True,,snapshots_probe/small/f8/dropout_p0.5/epoch_0047.pt
48.0,f8,dropout_p0.5,0.0,adam,0.5,False,small,0.15865391492843628,0.95,0.4801538334978611,0.75,0.8740089197224975,True,,snapshots_probe/small/f8/dropout_p0.5/epoch_0048.pt
49.0,f8,dropout_p0.5,0.0,adam,0.5,False,small,0.10755934566259384,0.8928571428571428,0.4801538334978611,0.75,0.8737611496531219,True,,snapshots_probe/small/f8/dropout_p0.5/epoch_0049.pt
50.0,f8,dropout_p0.5,0.0,adam,0.5,False,small,0.17082442343235016,0.875,0.44265383349786114,0.75,0.8732656095143707,True,,snapshots_probe/small/f8/dropout_p0.5/epoch_0050.pt
51.0,f8,dropout_p0.5,0.0,adam,0.5,False,small,0.1105148121714592,0.9166666666666666,0.4801538334978611,0.75,0.8738850346878098,True,,snapshots_probe/small/f8/dropout_p0.5/epoch_0051.pt
52.0,f8,dropout_p0.5,0.0,adam,0.5,False,small,0.138076514005661,0.8928571428571428,0.4801538334978611,0.75,0.8737611496531219,True,,snapshots_probe/small/f8/dropout_p0.5/epoch_0052.pt
53.0,f8,dropout_p0.5,0.0,adam,0.5,False,small,0.1461714506149292,0.9166666666666666,0.4801538334978611,0.75,0.8738850346878098,True,,snapshots_probe/small/f8/dropout_p0.5/epoch_0053.pt
54.0,f8,dropout_p0.5,0.0,adam,0.5,False,small,0.15070496499538422,0.8928571428571428,0.4801538334978611,0.75,0.8737611496531219,True,,snapshots_probe/small/f8/dropout_p0.5/epoch_0054.pt
55.0,f8,dropout_p0.5,0.0,adam,0.5,False,small,0.1482812762260437,0.9166666666666666,0.4801538334978611,0.75,0.8738850346878098,True,,snapshots_probe/small/f8/dropout_p0.5/epoch_0055.pt
56.0,f8,dropout_p0.5,0.0,adam,0.5,False,small,0.12659329175949097,0.9166666666666666,0.4801538334978611,0.75,0.8738850346878098,True,,snapshots_probe/small/f8/dropout_p0.5/epoch_0056.pt
57.0,f8,dropout_p0.5,0.0,adam,0.5,False,small,0.10721568018198013,0.9166666666666666,0.35098716683119446,0.75,0.8726461843409317,True,,snapshots_probe/small/f8/dropout_p0.5/epoch_0057.pt
58.0,f8,dropout_p0.5,0.0,adam,0.5,False,small,0.15604853630065918,0.9166666666666666,0.4801538334978611,0.75,0.8738850346878098,True,,snapshots_probe/small/f8/dropout_p0.5/epoch_0058.pt
59.0,f8,dropout_p0.5,0.0,adam,0.5,False,small,0.19177283346652985,0.95,0.35932050016452777,0.75,0.873141724479683,True,,snapshots_probe/small/f8/dropout_p0.5/epoch_0059.pt
60.0,f8,dropout_p0.5,0.0,adam,0.5,False,small,0.1446588784456253,0.875,0.4801538334978611,0.75,0.873637264618434,True,,snapshots_probe/small/f8/dropout_p0.5/epoch_0060.pt
61.0,f8,dropout_p0.5,0.0,adam,0.5,False,small,0.11514311283826828,0.9166666666666666,0.4801538334978611,0.75,0.8738850346878098,True,,snapshots_probe/small/f8/dropout_p0.5/epoch_0061.pt
62.0,f8,dropout_p0.5,0.0,adam,0.5,False,small,0.1455671787261963,0.9166666666666666,0.4801538334978611,0.75,0.8738850346878098,True,,snapshots_probe/small/f8/dropout_p0.5/epoch_0062.pt
63.0,f8,dropout_p0.5,0.0,adam,0.5,False,small,0.14569708704948425,0.8928571428571428,0.44265383349786114,0.75,0.8733894945490585,True,,snapshots_probe/small/f8/dropout_p0.5/epoch_0063.pt
64.0,f8,dropout_p0.5,0.0,adam,0.5,False,small,0.15376661717891693,0.8928571428571428,0.4801538334978611,0.75,0.8737611496531219,True,,snapshots_probe/small/f8/dropout_p0.5/epoch_0064.pt
65.0,f8,dropout_p0.5,0.0,adam,0.5,False,small,0.25227415561676025,0.95,0.4801538334978611,0.75,0.8740089197224975,True,,snapshots_probe/small/f8/dropout_p0.5/epoch_0065.pt
66.0,f8,dropout_p0.5,0.0,adam,0.5,False,small,0.17425252497196198,0.9166666666666666,0.4801538334978611,0.75,0.8738850346878098,True,,snapshots_probe/small/f8/dropout_p0.5/epoch_0066.pt
67.0,f8,dropout_p0.5,0.0,adam,0.5,False,small,0.13736866414546967,0.8928571428571428,0.4801538334978611,0.75,0.8737611496531219,True,,snapshots_probe/small/f8/dropout_p0.5/epoch_0067.pt
68.0,f8,dropout_p0.5,0.0,adam,0.5,False,small,0.09933559596538544,0.9166666666666666,0.4801538334978611,0.75,0.8738850346878098,True,,snapshots_probe/small/f8/dropout_p0.5/epoch_0068.pt
69.0,f8,dropout_p0.5,0.0,adam,0.5,False,small,0.20138989388942719,0.9166666666666666,0.4801538334978611,0.75,0.8738850346878098,True,,snapshots_probe/small/f8/dropout_p0.5/epoch_0069.pt
70.0,f8,dropout_p0.5,0.0,adam,0.5,False,small,0.10559050738811493,0.95,0.4801538334978611,0.75,0.8740089197224975,True,,snapshots_probe/small/f8/dropout_p0.5/epoch_0070.pt
71.0,f8,dropout_p0.5,0.0,adam,0.5,False,small,0.11836262792348862,0.95,0.4801538334978611,0.75,0.8740089197224975,True,,snapshots_probe/small/f8/dropout_p0.5/epoch_0071.pt
72.0,f8,dropout_p0.5,0.0,adam,0.5,False,small,0.10267369449138641,0.95,0.4801538334978611,0.75,0.8740089197224975,True,,snapshots_probe/small/f8/dropout_p0.5/epoch_0072.pt
73.0,f8,dropout_p0.5,0.0,adam,0.5,False,small,0.11109795421361923,0.95,0.4801538334978611,0.75,0.8740089197224975,True,,snapshots_probe/small/f8/dropout_p0.5/epoch_0073.pt
74.0,f8,dropout_p0.5,0.0,adam,0.5,False,small,0.33337971568107605,0.9166666666666666,0.4801538334978611,0.75,0.8738850346878098,True,,snapshots_probe/small/f8/dropout_p0.5/epoch_0074.pt
75.0,f8,dropout_p0.5,0.0,adam,0.5,False,small,0.15804848074913025,0.9166666666666666,0.4801538334978611,0.75,0.8738850346878098,True,,snapshots_probe/small/f8/dropout_p0.5/epoch_0075.pt
76.0,f8,dropout_p0.5,0.0,adam,0.5,False,small,0.12307479232549667,0.95,0.4801538334978611,0.75,0.8740089197224975,True,,snapshots_probe/small/f8/dropout_p0.5/epoch_0076.pt
77.0,f8,dropout_p0.5,0.0,adam,0.5,False,small,0.1462988704442978,0.8928571428571428,0.4801538334978611,0.75,0.8737611496531219,True,,snapshots_probe/small/f8/dropout_p0.5/epoch_0077.pt
78.0,f8,dropout_p0.5,0.0,adam,0.5,False,small,0.1090753823518753,0.9166666666666666,0.35932050016452777,0.75,0.873017839444995,True,,snapshots_probe/small/f8/dropout_p0.5/epoch_0078.pt
79.0,f8,dropout_p0.5,0.0,adam,0.5,False,small,0.15373128652572632,0.9166666666666666,0.40098716683119445,0.75,0.8732656095143706,True,,snapshots_probe/small/f8/dropout_p0.5/epoch_0079.pt
80.0,f8,dropout_p0.5,0.0,adam,0.5,False,small,0.16380903124809265,0.9166666666666666,0.35932050016452777,0.75,0.873017839444995,True,,snapshots_probe/small/f8/dropout_p0.5/epoch_0080.pt
81.0,f8,dropout_p0.5,0.0,adam,0.5,False,small,0.12103844434022903,0.875,0.4801538334978611,0.75,0.873637264618434,True,,snapshots_probe/small/f8/dropout_p0.5/epoch_0081.pt
82.0,f8,dropout_p0.5,0.0,adam,0.5,False,small,0.13170084357261658,0.8928571428571428,0.4801538334978611,0.75,0.8737611496531219,True,,snapshots_probe/small/f8/dropout_p0.5/epoch_0082.pt
83.0,f8,dropout_p0.5,0.0,adam,0.5,False,small,0.15055043995380402,0.9166666666666666,0.4801538334978611,0.75,0.8738850346878098,True,,snapshots_probe/small/f8/dropout_p0.5/epoch_0083.pt
84.0,f8,dropout_p0.5,0.0,adam,0.5,False,small,0.17864149808883667,0.9166666666666666,0.4801538334978611,0.75,0.8738850346878098,True,,snapshots_probe/small/f8/dropout_p0.5/epoch_0084.pt
85.0,f8,dropout_p0.5,0.0,adam,0.5,False,small,0.29379966855049133,0.9166666666666666,0.35932050016452777,0.75,0.873017839444995,True,,snapshots_probe/small/f8/dropout_p0.5/epoch_0085.pt
86.0,f8,dropout_p0.5,0.0,adam,0.5,False,small,0.13040252029895782,0.9166666666666666,0.4801538334978611,0.75,0.8738850346878098,True,,snapshots_probe/small/f8/dropout_p0.5/epoch_0086.pt
87.0,f8,dropout_p0.5,0.0,adam,0.5,False,small,0.13878244161605835,0.8928571428571428,0.4801538334978611,0.75,0.8737611496531219,True,,snapshots_probe/small/f8/dropout_p0.5/epoch_0087.pt
88.0,f8,dropout_p0.5,0.0,adam,0.5,False,small,0.3713028132915497,0.95,0.4801538334978611,0.75,0.8740089197224975,True,,snapshots_probe/small/f8/dropout_p0.5/epoch_0088.pt
89.0,f8,dropout_p0.5,0.0,adam,0.5,False,small,0.12827429175376892,0.95,0.3093205001645278,0.75,0.8725222993062438,True,,snapshots_probe/small/f8/dropout_p0.5/epoch_0089.pt
90.0,f8,dropout_p0.5,0.0,adam,0.5,False,small,0.1258443295955658,0.8928571428571428,0.4801538334978611,0.75,0.873637264618434,True,,snapshots_probe/small/f8/dropout_p0.5/epoch_0090.pt
91.0,f8,dropout_p0.5,0.0,adam,0.5,False,small,0.12334892898797989,0.8541666666666666,0.33432050016452775,0.625,0.8727700693756194,True,,snapshots_probe/small/f8/dropout_p0.5/epoch_0091.pt
92.0,f8,dropout_p0.5,0.0,adam,0.5,False,small,0.11057679355144501,0.7470238095238095,0.40098716683119445,0.5833333333333334,0.8732656095143706,True,,snapshots_probe/small/f8/dropout_p0.5/epoch_0092.pt
93.0,f8,dropout_p0.5,0.0,adam,0.5,False,small,0.10387249290943146,0.95,0.35932050016452777,0.75,0.873141724479683,True,,snapshots_probe/small/f8/dropout_p0.5/epoch_0093.pt
94.0,f8,dropout_p0.5,0.0,adam,0.5,False,small,0.17133498191833496,0.85,0.4801538334978611,0.75,0.8733894945490585,True,,snapshots_probe/small/f8/dropout_p0.5/epoch_0094.pt
95.0,f8,dropout_p0.5,0.0,adam,0.5,False,small,0.11987809091806412,0.9166666666666666,0.4801538334978611,0.75,0.8738850346878098,True,,snapshots_probe/small/f8/dropout_p0.5/epoch_0095.pt
96.0,f8,dropout_p0.5,0.0,adam,0.5,False,small,0.30449292063713074,0.8928571428571428,0.4801538334978611,0.75,0.8737611496531219,True,,snapshots_probe/small/f8/dropout_p0.5/epoch_0096.pt
97.0,f8,dropout_p0.5,0.0,adam,0.5,False,small,0.1135711595416069,0.9166666666666666,0.4801538334978611,0.75,0.8738850346878098,True,,snapshots_probe/small/f8/dropout_p0.5/epoch_0097.pt
98.0,f8,dropout_p0.5,0.0,adam,0.5,False,small,0.10113506019115448,0.9166666666666666,0.35932050016452777,0.75,0.873017839444995,True,,snapshots_probe/small/f8/dropout_p0.5/epoch_0098.pt
99.0,f8,dropout_p0.5,0.0,adam,0.5,False,small,0.12618571519851685,0.9166666666666666,0.4801538334978611,0.75,0.8738850346878098,True,,snapshots_probe/small/f8/dropout_p0.5/epoch_0099.pt
100.0,f8,dropout_p0.5,0.0,adam,0.5,False,small,0.20584289729595184,0.9166666666666666,0.4801538334978611,0.75,0.8738850346878098,True,,snapshots_probe/small/f8/dropout_p0.5/epoch_0100.pt
1.0,f8,wd_lam0,0.0,adam,0.0,False,small,0.04405995458364487,0.8928571428571428,0.4801538334978611,0.75,0.8737611496531219,True,,snapshots_probe/small/f8/wd_lam0/epoch_0001.pt
2.0,f8,wd_lam0,0.0,adam,0.0,False,small,0.020109863951802254,1.0,0.5249999999999999,1.0,0.998017839444995,True,,snapshots_probe/small/f8/wd_lam0/epoch_0002.pt
3.0,f8,wd_lam0,0.0,adam,0.0,False,small,0.027467146515846252,1.0,0.525,1.0,0.9980178394449951,True,,snapshots_probe/small/f8/wd_lam0/epoch_0003.pt
4.0,f8,wd_lam0,0.0,adam,0.0,False,small,0.019528545439243317,1.0,0.6791666666666667,1.0,0.9990089197224975,True,,snapshots_probe/small/f8/wd_lam0/epoch_0004.pt
5.0,f8,wd_lam0,0.0,adam,0.0,False,small,0.012610071338713169,1.0,1.0,1.0,1.0,True,,snapshots_probe/small/f8/wd_lam0/epoch_0005.pt
6.0,f8,wd_lam0,0.0,adam,0.0,False,small,0.011213850229978561,1.0,1.0,1.0,1.0,True,,snapshots_probe/small/f8/wd_lam0/epoch_0006.pt
7.0,f8,wd_lam0,0.0,adam,0.0,False,small,0.01092204637825489,1.0,1.0,1.0,1.0,True,,snapshots_probe/small/f8/wd_lam0/epoch_0007.pt
8.0,f8,wd_lam0,0.0,adam,0.0,False,small,0.010690048336982727,1.0,1.0,1.0,1.0,True,,snapshots_probe/small/f8/wd_lam0/epoch_0008.pt
9.0,f8,wd_lam0,0.0,adam,0.0,False,small,0.011028026230633259,1.0,1.0,1.0,1.0,True,,snapshots_probe/small/f8/wd_lam0/epoch_0009.pt
10.0,f8,wd_lam0,0.0,adam,0.0,False,small,0.024294735863804817,1.0,1.0,1.0,1.0,True,,snapshots_probe/small/f8/wd_lam0/epoch_0010.pt
11.0,f8,wd_lam0,0.0,adam,0.0,False,small,0.008911130018532276,1.0,1.0,1.0,1.0,True,,snapshots_probe/small/f8/wd_lam0/epoch_0011.pt
12.0,f8,wd_lam0,0.0,adam,0.0,False,small,0.00975885521620512,1.0,1.0,1.0,1.0,True,,snapshots_probe/small/f8/wd_lam0/epoch_0012.pt
13.0,f8,wd_lam0,0.0,adam,0.0,False,small,0.011416967958211899,1.0,1.0,1.0,1.0,True,,snapshots_probe/small/f8/wd_lam0/epoch_0013.pt
14.0,f8,wd_lam0,0.0,adam,0.0,False,small,0.011088543571531773,1.0,1.0,1.0,1.0,True,,snapshots_probe/small/f8/wd_lam0/epoch_0014.pt
15.0,f8,wd_lam0,0.0,adam,0.0,False,small,0.0083634527400136,1.0,1.0,1.0,1.0,True,,snapshots_probe/small/f8/wd_lam0/epoch_0015.pt
16.0,f8,wd_lam0,0.0,adam,0.0,False,small,0.021382108330726624,1.0,0.6791666666666667,1.0,0.9990089197224976,True,,snapshots_probe/small/f8/wd_lam0/epoch_0016.pt
17.0,f8,wd_lam0,0.0,adam,0.0,False,small,0.012915878556668758,1.0,1.0,1.0,1.0,True,,snapshots_probe/small/f8/wd_lam0/epoch_0017.pt
18.0,f8,wd_lam0,0.0,adam,0.0,False,small,0.019329318776726723,1.0,1.0,1.0,1.0,True,,snapshots_probe/small/f8/wd_lam0/epoch_0018.pt
19.0,f8,wd_lam0,0.0,adam,0.0,False,small,0.007811151910573244,1.0,0.95,1.0,0.9997522299306243,True,,snapshots_probe/small/f8/wd_lam0/epoch_0019.pt
20.0,f8,wd_lam0,0.0,adam,0.0,False,small,0.010718823410570621,1.0,0.6791666666666667,1.0,0.9990089197224975,True,,snapshots_probe/small/f8/wd_lam0/epoch_0020.pt
21.0,f8,wd_lam0,0.0,adam,0.0,False,small,0.006814290769398212,1.0,1.0,1.0,1.0,True,,snapshots_probe/small/f8/wd_lam0/epoch_0021.pt
22.0,f8,wd_lam0,0.0,adam,0.0,False,small,0.011461363174021244,1.0,1.0,1.0,1.0,True,,snapshots_probe/small/f8/wd_lam0/epoch_0022.pt
23.0,f8,wd_lam0,0.0,adam,0.0,False,small,0.009331673383712769,1.0,1.0,1.0,1.0,True,,snapshots_probe/small/f8/wd_lam0/epoch_0023.pt
24.0,f8,wd_lam0,0.0,adam,0.0,False,small,0.006836317479610443,1.0,1.0,1.0,1.0,True,,snapshots_probe/small/f8/wd_lam0/epoch_0024.pt
25.0,f8,wd_lam0,0.0,adam,0.0,False,small,0.007868880406022072,1.0,1.0,1.0,1.0,True,,snapshots_probe/small/f8/wd_lam0/epoch_0025.pt
26.0,f8,wd_lam0,0.0,adam,0.0,False,small,0.010140026919543743,1.0,1.0,1.0,1.0,True,,snapshots_probe/small/f8/wd_lam0/epoch_0026.pt
27.0,f8,wd_lam0,0.0,adam,0.0,False,small,0.006558600813150406,1.0,1.0,1.0,1.0,True,,snapshots_probe/small/f8/wd_lam0/epoch_0027.pt
28.0,f8,wd_lam0,0.0,adam,0.0,False,small,0.00998909492045641,1.0,1.0,1.0,1.0,True,,snapshots_probe/small/f8/wd_lam0/epoch_0028.pt
29.0,f8,wd_lam0,0.0,adam,0.0,False,small,0.010804294608533382,1.0,1.0,1.0,1.0,True,,snapshots_probe/small/f8/wd_lam0/epoch_0029.pt
30.0,f8,wd_lam0,0.0,adam,0.0,False,small,0.010115682147443295,1.0,1.0,1.0,1.0,True,,snapshots_probe/small/f8/wd_lam0/epoch_0030.pt
31.0,f8,wd_lam0,0.0,adam,0.0,False,small,0.01089085079729557,1.0,1.0,1.0,1.0,True,,snapshots_probe/small/f8/wd_lam0/epoch_0031.pt
32.0,f8,wd_lam0,0.0,adam,0.0,False,small,0.010975830256938934,1.0,1.0,1.0,1.0,True,,snapshots_probe/small/f8/wd_lam0/epoch_0032.pt
33.0,f8,wd_lam0,0.0,adam,0.0,False,small,0.012251597829163074,1.0,1.0,1.0,1.0,True,,snapshots_probe/small/f8/wd_lam0/epoch_0033.pt
34.0,f8,wd_lam0,0.0,adam,0.0,False,small,0.008074801415205002,1.0,0.6791666666666667,1.0,0.9990089197224975,True,,snapshots_probe/small/f8/wd_lam0/epoch_0034.pt
35.0,f8,wd_lam0,0.0,adam,0.0,False,small,0.008664142340421677,1.0,1.0,1.0,1.0,True,,snapshots_probe/small/f8/wd_lam0/epoch_0035.pt
36.0,f8,wd_lam0,0.0,adam,0.0,False,small,0.008760621771216393,1.0,0.6458333333333333,1.0,0.9987611496531219,True,,snapshots_probe/small/f8/wd_lam0/epoch_0036.pt
37.0,f8,wd_lam0,0.0,adam,0.0,False,small,0.014271683990955353,1.0,1.0,1.0,1.0,True,,snapshots_probe/small/f8/wd_lam0/epoch_0037.pt
38.0,f8,wd_lam0,0.0,adam,0.0,False,small,0.01288620475679636,1.0,1.0,1.0,1.0,True,,snapshots_probe/small/f8/wd_lam0/epoch_0038.pt
39.0,f8,wd_lam0,0.0,adam,0.0,False,small,0.007267726119607687,1.0,0.95,1.0,0.9997522299306243,True,,snapshots_probe/small/f8/wd_lam0/epoch_0039.pt
40.0,f8,wd_lam0,0.0,adam,0.0,False,small,0.01015778910368681,1.0,1.0,1.0,1.0,True,,snapshots_probe/small/f8/wd_lam0/epoch_0040.pt
41.0,f8,wd_lam0,0.0,adam,0.0,False,small,0.008564310148358345,1.0,1.0,1.0,1.0,True,,snapshots_probe/small/f8/wd_lam0/epoch_0041.pt
42.0,f8,wd_lam0,0.0,adam,0.0,False,small,0.013673163019120693,1.0,1.0,1.0,1.0,True,,snapshots_probe/small/f8/wd_lam0/epoch_0042.pt
43.0,f8,wd_lam0,0.0,adam,0.0,False,small,0.008923289366066456,1.0,1.0,1.0,1.0,True,,snapshots_probe/small/f8/wd_lam0/epoch_0043.pt
44.0,f8,wd_lam0,0.0,adam,0.0,False,small,0.012011184357106686,1.0,1.0,1.0,1.0,True,,snapshots_probe/small/f8/wd_lam0/epoch_0044.pt
45.0,f8,wd_lam0,0.0,adam,0.0,False,small,0.00839975755661726,1.0,1.0,1.0,1.0,True,,snapshots_probe/small/f8/wd_lam0/epoch_0045.pt
46.0,f8,wd_lam0,0.0,adam,0.0,False,small,0.007125536911189556,1.0,1.0,1.0,1.0,True,,snapshots_probe/small/f8/wd_lam0/epoch_0046.pt
47.0,f8,wd_lam0,0.0,adam,0.0,False,small,0.007087246980518103,1.0,0.6458333333333333,1.0,0.9987611496531219,True,,snapshots_probe/small/f8/wd_lam0/epoch_0047.pt
48.0,f8,wd_lam0,0.0,adam,0.0,False,small,0.008614377118647099,1.0,1.0,1.0,1.0,True,,snapshots_probe/small/f8/wd_lam0/epoch_0048.pt
49.0,f8,wd_lam0,0.0,adam,0.0,False,small,0.00826847180724144,1.0,1.0,1.0,1.0,True,,snapshots_probe/small/f8/wd_lam0/epoch_0049.pt
50.0,f8,wd_lam0,0.0,adam,0.0,False,small,0.008924905210733414,1.0,1.0,1.0,1.0,True,,snapshots_probe/small/f8/wd_lam0/epoch_0050.pt
51.0,f8,wd_lam0,0.0,adam,0.0,False,small,0.007898496463894844,1.0,0.6458333333333333,1.0,0.9987611496531219,True,,snapshots_probe/small/f8/wd_lam0/epoch_0051.pt
52.0,f8,wd_lam0,0.0,adam,0.0,False,small,0.008188609965145588,1.0,0.95,1.0,0.9997522299306243,True,,snapshots_probe/small/f8/wd_lam0/epoch_0052.pt
53.0,f8,wd_lam0,0.0,adam,0.0,False,small,0.006482785567641258,1.0,1.0,1.0,1.0,True,,snapshots_probe/small/f8/wd_lam0/epoch_0053.pt
54.0,f8,wd_lam0,0.0,adam,0.0,False,small,0.008915037848055363,1.0,1.0,1.0,1.0,True,,snapshots_probe/small/f8/wd_lam0/epoch_0054.pt
55.0,f8,wd_lam0,0.0,adam,0.0,False,small,0.009181308560073376,1.0,0.95,1.0,0.9997522299306243,True,,snapshots_probe/small/f8/wd_lam0/epoch_0055.pt
56.0,f8,wd_lam0,0.0,adam,0.0,False,small,0.0072176470421254635,1.0,0.6791666666666667,1.0,0.9990089197224976,True,,snapshots_probe/small/f8/wd_lam0/epoch_0056.pt
57.0,f8,wd_lam0,0.0,adam,0.0,False,small,0.010078920982778072,1.0,1.0,1.0,1.0,True,,snapshots_probe/small/f8/wd_lam0/epoch_0057.pt
58.0,f8,wd_lam0,0.0,adam,0.0,False,small,0.007013258989900351,1.0,1.0,1.0,1.0,True,,snapshots_probe/small/f8/wd_lam0/epoch_0058.pt
59.0,f8,wd_lam0,0.0,adam,0.0,False,small,0.006681276019662619,1.0,1.0,1.0,1.0,True,,snapshots_probe/small/f8/wd_lam0/epoch_0059.pt
60.0,f8,wd_lam0,0.0,adam,0.0,False,small,0.012548873201012611,1.0,1.0,1.0,1.0,True,,snapshots_probe/small/f8/wd_lam0/epoch_0060.pt
61.0,f8,wd_lam0,0.0,adam,0.0,False,small,0.00694194994866848,1.0,1.0,1.0,1.0,True,,snapshots_probe/small/f8/wd_lam0/epoch_0061.pt
62.0,f8,wd_lam0,0.0,adam,0.0,False,small,0.007022274192422628,1.0,1.0,1.0,1.0,True,,snapshots_probe/small/f8/wd_lam0/epoch_0062.pt
63.0,f8,wd_lam0,0.0,adam,0.0,False,small,0.007858005352318287,1.0,1.0,1.0,1.0,True,,snapshots_probe/small/f8/wd_lam0/epoch_0063.pt
64.0,f8,wd_lam0,0.0,adam,0.0,False,small,0.008376043289899826,1.0,1.0,1.0,1.0,True,,snapshots_probe/small/f8/wd_lam0/epoch_0064.pt
65.0,f8,wd_lam0,0.0,adam,0.0,False,small,0.008559503592550755,1.0,0.95,1.0,0.9997522299306244,True,,snapshots_probe/small/f8/wd_lam0/epoch_0065.pt
66.0,f8,wd_lam0,0.0,adam,0.0,False,small,0.012194506824016571,1.0,1.0,1.0,1.0,True,,snapshots_probe/small/f8/wd_lam0/epoch_0066.pt
67.0,f8,wd_lam0,0.0,adam,0.0,False,small,0.009553550742566586,1.0,1.0,1.0,1.0,True,,snapshots_probe/small/f8/wd_lam0/epoch_0067.pt
68.0,f8,wd_lam0,0.0,adam,0.0,False,small,0.006402136757969856,1.0,1.0,1.0,1.0,True,,snapshots_probe/small/f8/wd_lam0/epoch_0068.pt
69.0,f8,wd_lam0,0.0,adam,0.0,False,small,0.008577984757721424,1.0,1.0,1.0,1.0,True,,snapshots_probe/small/f8/wd_lam0/epoch_0069.pt
70.0,f8,wd_lam0,0.0,adam,0.0,False,small,0.006813681684434414,1.0,0.95,1.0,0.9997522299306244,True,,snapshots_probe/small/f8/wd_lam0/epoch_0070.pt
71.0,f8,wd_lam0,0.0,adam,0.0,False,small,0.013344810344278812,1.0,0.95,1.0,0.9997522299306244,True,,snapshots_probe/small/f8/wd_lam0/epoch_0071.pt
72.0,f8,wd_lam0,0.0,adam,0.0,False,small,0.006282150745391846,1.0,0.95,1.0,0.9997522299306244,True,,snapshots_probe/small/f8/wd_lam0/epoch_0072.pt
73.0,f8,wd_lam0,0.0,adam,0.0,False,small,0.006154742557555437,1.0,1.0,1.0,1.0,True,,snapshots_probe/small/f8/wd_lam0/epoch_0073.pt
74.0,f8,wd_lam0,0.0,adam,0.0,False,small,0.0068697319366037846,1.0,0.95,1.0,0.9997522299306244,True,,snapshots_probe/small/f8/wd_lam0/epoch_0074.pt
75.0,f8,wd_lam0,0.0,adam,0.0,False,small,0.008406151086091995,1.0,0.95,1.0,0.9997522299306244,True,,snapshots_probe/small/f8/wd_lam0/epoch_0075.pt
76.0,f8,wd_lam0,0.0,adam,0.0,False,small,0.007350812666118145,1.0,1.0,1.0,1.0,True,,snapshots_probe/small/f8/wd_lam0/epoch_0076.pt
77.0,f8,wd_lam0,0.0,adam,0.0,False,small,0.009872747585177422,1.0,0.6791666666666667,1.0,0.9990089197224976,True,,snapshots_probe/small/f8/wd_lam0/epoch_0077.pt
78.0,f8,wd_lam0,0.0,adam,0.0,False,small,0.01146005280315876,1.0,1.0,1.0,1.0,True,,snapshots_probe/small/f8/wd_lam0/epoch_0078.pt
79.0,f8,wd_lam0,0.0,adam,0.0,False,small,0.00579628674313426,1.0,1.0,1.0,1.0,True,,snapshots_probe/small/f8/wd_lam0/epoch_0079.pt
80.0,f8,wd_lam0,0.0,adam,0.0,False,small,0.006408739369362593,1.0,1.0,1.0,1.0,True,,snapshots_probe/small/f8/wd_lam0/epoch_0080.pt
81.0,f8,wd_lam0,0.0,adam,0.0,False,small,0.01595769263803959,1.0,1.0,1.0,1.0,True,,snapshots_probe/small/f8/wd_lam0/epoch_0081.pt
82.0,f8,wd_lam0,0.0,adam,0.0,False,small,0.0072343735955655575,1.0,0.6791666666666667,1.0,0.9990089197224976,True,,snapshots_probe/small/f8/wd_lam0/epoch_0082.pt
83.0,f8,wd_lam0,0.0,adam,0.0,False,small,0.006793648470193148,1.0,1.0,1.0,1.0,True,,snapshots_probe/small/f8/wd_lam0/epoch_0083.pt
84.0,f8,wd_lam0,0.0,adam,0.0,False,small,0.006546080112457275,1.0,1.0,1.0,1.0,True,,snapshots_probe/small/f8/wd_lam0/epoch_0084.pt
85.0,f8,wd_lam0,0.0,adam,0.0,False,small,0.00851299799978733,1.0,0.6791666666666667,1.0,0.9990089197224976,True,,snapshots_probe/small/f8/wd_lam0/epoch_0085.pt
86.0,f8,wd_lam0,0.0,adam,0.0,False,small,0.008986754342913628,1.0,0.6791666666666667,1.0,0.9990089197224975,True,,snapshots_probe/small/f8/wd_lam0/epoch_0086.pt
87.0,f8,wd_lam0,0.0,adam,0.0,False,small,0.006085659377276897,1.0,1.0,1.0,1.0,True,,snapshots_probe/small/f8/wd_lam0/epoch_0087.pt
88.0,f8,wd_lam0,0.0,adam,0.0,False,small,0.008360980078577995,1.0,1.0,1.0,1.0,True,,snapshots_probe/small/f8/wd_lam0/epoch_0088.pt
89.0,f8,wd_lam0,0.0,adam,0.0,False,small,0.011420042254030704,1.0,1.0,1.0,1.0,True,,snapshots_probe/small/f8/wd_lam0/epoch_0089.pt
90.0,f8,wd_lam0,0.0,adam,0.0,False,small,0.007569318637251854,1.0,0.6791666666666667,1.0,0.9990089197224975,True,,snapshots_probe/small/f8/wd_lam0/epoch_0090.pt
91.0,f8,wd_lam0,0.0,adam,0.0,False,small,0.008159271441400051,1.0,1.0,1.0,1.0,True,,snapshots_probe/small/f8/wd_lam0/epoch_0091.pt
92.0,f8,wd_lam0,0.0,adam,0.0,False,small,0.006108580622822046,1.0,0.95,1.0,0.9997522299306244,True,,snapshots_probe/small/f8/wd_lam0/epoch_0092.pt
93.0,f8,wd_lam0,0.0,adam,0.0,False,small,0.006496816873550415,1.0,1.0,1.0,1.0,True,,snapshots_probe/small/f8/wd_lam0/epoch_0093.pt
94.0,f8,wd_lam0,0.0,adam,0.0,False,small,0.006569353863596916,1.0,1.0,1.0,1.0,True,,snapshots_probe/small/f8/wd_lam0/epoch_0094.pt
95.0,f8,wd_lam0,0.0,adam,0.0,False,small,0.008347507566213608,1.0,1.0,1.0,1.0,True,,snapshots_probe/small/f8/wd_lam0/epoch_0095.pt
96.0,f8,wd_lam0,0.0,adam,0.0,False,small,0.006599025335162878,1.0,1.0,1.0,1.0,True,,snapshots_probe/small/f8/wd_lam0/epoch_0096.pt
97.0,f8,wd_lam0,0.0,adam,0.0,False,small,0.006736660376191139,1.0,1.0,1.0,1.0,True,,snapshots_probe/small/f8/wd_lam0/epoch_0097.pt
98.0,f8,wd_lam0,0.0,adam,0.0,False,small,0.008238344453275204,1.0,1.0,1.0,1.0,True,,snapshots_probe/small/f8/wd_lam0/epoch_0098.pt
99.0,f8,wd_lam0,0.0,adam,0.0,False,small,0.009838540107011795,1.0,1.0,1.0,1.0,True,,snapshots_probe/small/f8/wd_lam0/epoch_0099.pt
100.0,f8,wd_lam0,0.0,adam,0.0,False,small,0.011308670975267887,1.0,0.6791666666666667,1.0,0.9990089197224975,True,,snapshots_probe/small/f8/wd_lam0/epoch_0100.pt
1.0,f8,wd_lam1e-5,0.0,adam,0.0,True,small,0.0350693017244339,1.0,0.6791666666666667,1.0,0.9990089197224975,True,,snapshots_probe/small/f8/wd_lam1e-5/epoch_0001.pt
2.0,f8,wd_lam1e-5,0.0,adam,0.0,True,small,0.01424490101635456,1.0,1.0,1.0,1.0,True,,snapshots_probe/small/f8/wd_lam1e-5/epoch_0002.pt
3.0,f8,wd_lam1e-5,0.0,adam,0.0,True,small,0.027016155421733856,1.0,1.0,1.0,1.0,True,,snapshots_probe/small/f8/wd_lam1e-5/epoch_0003.pt
4.0,f8,wd_lam1e-5,0.0,adam,0.0,True,small,0.00764401676133275,1.0,1.0,1.0,1.0,True,,snapshots_probe/small/f8/wd_lam1e-5/epoch_0004.pt
5.0,f8,wd_lam1e-5,0.0,adam,0.0,True,small,0.015998179093003273,1.0,1.0,1.0,1.0,True,,snapshots_probe/small/f8/wd_lam1e-5/epoch_0005.pt
6.0,f8,wd_lam1e-5,0.0,adam,0.0,True,small,0.012563066557049751,1.0,1.0,1.0,1.0,True,,snapshots_probe/small/f8/wd_lam1e-5/epoch_0006.pt
7.0,f8,wd_lam1e-5,0.0,adam,0.0,True,small,0.014098969288170338,1.0,0.6458333333333333,1.0,0.9987611496531219,True,,snapshots_probe/small/f8/wd_lam1e-5/epoch_0007.pt
8.0,f8,wd_lam1e-5,0.0,adam,0.0,True,small,0.007708430755883455,1.0,1.0,1.0,1.0,True,,snapshots_probe/small/f8/wd_lam1e-5/epoch_0008.pt
9.0,f8,wd_lam1e-5,0.0,adam,0.0,True,small,0.009751532226800919,1.0,1.0,1.0,1.0,True,,snapshots_probe/small/f8/wd_lam1e-5/epoch_0009.pt
10.0,f8,wd_lam1e-5,0.0,adam,0.0,True,small,0.006691377144306898,1.0,1.0,1.0,1.0,True,,snapshots_probe/small/f8/wd_lam1e-5/epoch_0010.pt
11.0,f8,wd_lam1e-5,0.0,adam,0.0,True,small,0.00799105130136013,1.0,1.0,1.0,1.0,True,,snapshots_probe/small/f8/wd_lam1e-5/epoch_0011.pt
12.0,f8,wd_lam1e-5,0.0,adam,0.0,True,small,0.005708577577024698,1.0,1.0,1.0,1.0,True,,snapshots_probe/small/f8/wd_lam1e-5/epoch_0012.pt
13.0,f8,wd_lam1e-5,0.0,adam,0.0,True,small,0.02349666878581047,1.0,1.0,1.0,1.0,True,,snapshots_probe/small/f8/wd_lam1e-5/epoch_0013.pt
14.0,f8,wd_lam1e-5,0.0,adam,0.0,True,small,0.006548102013766766,1.0,1.0,1.0,1.0,True,,snapshots_probe/small/f8/wd_lam1e-5/epoch_0014.pt
15.0,f8,wd_lam1e-5,0.0,adam,0.0,True,small,0.005706821568310261,1.0,1.0,1.0,1.0,True,,snapshots_probe/small/f8/wd_lam1e-5/epoch_0015.pt
16.0,f8,wd_lam1e-5,0.0,adam,0.0,True,small,0.0051338328048586845,1.0,1.0,1.0,1.0,True,,snapshots_probe/small/f8/wd_lam1e-5/epoch_0016.pt
17.0,f8,wd_lam1e-5,0.0,adam,0.0,True,small,0.008295277133584023,1.0,1.0,1.0,1.0,True,,snapshots_probe/small/f8/wd_lam1e-5/epoch_0017.pt
18.0,f8,wd_lam1e-5,0.0,adam,0.0,True,small,0.00707706343382597,1.0,1.0,1.0,1.0,True,,snapshots_probe/small/f8/wd_lam1e-5/epoch_0018.pt
19.0,f8,wd_lam1e-5,0.0,adam,0.0,True,small,0.010000957176089287,1.0,1.0,1.0,1.0,True,,snapshots_probe/small/f8/wd_lam1e-5/epoch_0019.pt
20.0,f8,wd_lam1e-5,0.0,adam,0.0,True,small,0.006404430139809847,1.0,1.0,1.0,1.0,True,,snapshots_probe/small/f8/wd_lam1e-5/epoch_0020.pt
21.0,f8,wd_lam1e-5,0.0,adam,0.0,True,small,0.004710833542048931,1.0,1.0,1.0,1.0,True,,snapshots_probe/small/f8/wd_lam1e-5/epoch_0021.pt
22.0,f8,wd_lam1e-5,0.0,adam,0.0,True,small,0.020890381187200546,1.0,0.95,1.0,0.9997522299306244,True,,snapshots_probe/small/f8/wd_lam1e-5/epoch_0022.pt
23.0,f8,wd_lam1e-5,0.0,adam,0.0,True,small,0.005993514787405729,1.0,1.0,1.0,1.0,True,,snapshots_probe/small/f8/wd_lam1e-5/epoch_0023.pt
24.0,f8,wd_lam1e-5,0.0,adam,0.0,True,small,0.01643117144703865,1.0,1.0,1.0,1.0,True,,snapshots_probe/small/f8/wd_lam1e-5/epoch_0024.pt
25.0,f8,wd_lam1e-5,0.0,adam,0.0,True,small,0.004004252143204212,1.0,1.0,1.0,1.0,True,,snapshots_probe/small/f8/wd_lam1e-5/epoch_0025.pt
26.0,f8,wd_lam1e-5,0.0,adam,0.0,True,small,0.004174449015408754,1.0,1.0,1.0,1.0,True,,snapshots_probe/small/f8/wd_lam1e-5/epoch_0026.pt
27.0,f8,wd_lam1e-5,0.0,adam,0.0,True,small,0.0046797809191048145,1.0,1.0,1.0,1.0,True,,snapshots_probe/small/f8/wd_lam1e-5/epoch_0027.pt
28.0,f8,wd_lam1e-5,0.0,adam,0.0,True,small,0.008439889177680016,1.0,1.0,1.0,1.0,True,,snapshots_probe/small/f8/wd_lam1e-5/epoch_0028.pt
29.0,f8,wd_lam1e-5,0.0,adam,0.0,True,small,0.006880625616759062,1.0,1.0,1.0,1.0,True,,snapshots_probe/small/f8/wd_lam1e-5/epoch_0029.pt
30.0,f8,wd_lam1e-5,0.0,adam,0.0,True,small,0.004297572188079357,1.0,1.0,1.0,1.0,True,,snapshots_probe/small/f8/wd_lam1e-5/epoch_0030.pt
31.0,f8,wd_lam1e-5,0.0,adam,0.0,True,small,0.005303885787725449,1.0,1.0,1.0,1.0,True,,snapshots_probe/small/f8/wd_lam1e-5/epoch_0031.pt
32.0,f8,wd_lam1e-5,0.0,adam,0.0,True,small,0.006534608546644449,1.0,1.0,1.0,1.0,True,,snapshots_probe/small/f8/wd_lam1e-5/epoch_0032.pt
33.0,f8,wd_lam1e-5,0.0,adam,0.0,True,small,0.004960736725479364,1.0,0.95,1.0,0.9997522299306243,True,,snapshots_probe/small/f8/wd_lam1e-5/epoch_0033.pt
34.0,f8,wd_lam1e-5,0.0,adam,0.0,True,small,0.0067141372710466385,1.0,1.0,1.0,1.0,True,,snapshots_probe/small/f8/wd_lam1e-5/epoch_0034.pt
35.0,f8,wd_lam1e-5,0.0,adam,0.0,True,small,0.005859612952917814,1.0,1.0,1.0,1.0,True,,snapshots_probe/small/f8/wd_lam1e-5/epoch_0035.pt
36.0,f8,wd_lam1e-5,0.0,adam,0.0,True,small,0.006134494673460722,1.0,1.0,1.0,1.0,True,,snapshots_probe/small/f8/wd_lam1e-5/epoch_0036.pt
37.0,f8,wd_lam1e-5,0.0,adam,0.0,True,small,0.006377356592565775,1.0,1.0,1.0,1.0,True,,snapshots_probe/small/f8/wd_lam1e-5/epoch_0037.pt
38.0,f8,wd_lam1e-5,0.0,adam,0.0,True,small,0.0047387732192873955,1.0,1.0,1.0,1.0,True,,snapshots_probe/small/f8/wd_lam1e-5/epoch_0038.pt
39.0,f8,wd_lam1e-5,0.0,adam,0.0,True,small,0.008594885468482971,1.0,1.0,1.0,1.0,True,,snapshots_probe/small/f8/wd_lam1e-5/epoch_0039.pt
40.0,f8,wd_lam1e-5,0.0,adam,0.0,True,small,0.0052140080370008945,1.0,1.0,1.0,1.0,True,,snapshots_probe/small/f8/wd_lam1e-5/epoch_0040.pt
41.0,f8,wd_lam1e-5,0.0,adam,0.0,True,small,0.005537535063922405,1.0,1.0,1.0,1.0,True,,snapshots_probe/small/f8/wd_lam1e-5/epoch_0041.pt
42.0,f8,wd_lam1e-5,0.0,adam,0.0,True,small,0.004172770772129297,1.0,1.0,1.0,1.0,True,,snapshots_probe/small/f8/wd_lam1e-5/epoch_0042.pt
43.0,f8,wd_lam1e-5,0.0,adam,0.0,True,small,0.008193600922822952,1.0,1.0,1.0,1.0,True,,snapshots_probe/small/f8/wd_lam1e-5/epoch_0043.pt
44.0,f8,wd_lam1e-5,0.0,adam,0.0,True,small,0.004097132012248039,1.0,1.0,1.0,1.0,True,,snapshots_probe/small/f8/wd_lam1e-5/epoch_0044.pt
45.0,f8,wd_lam1e-5,0.0,adam,0.0,True,small,0.008016778156161308,1.0,1.0,1.0,1.0,True,,snapshots_probe/small/f8/wd_lam1e-5/epoch_0045.pt
46.0,f8,wd_lam1e-5,0.0,adam,0.0,True,small,0.004959256388247013,1.0,1.0,1.0,1.0,True,,snapshots_probe/small/f8/wd_lam1e-5/epoch_0046.pt
47.0,f8,wd_lam1e-5,0.0,adam,0.0,True,small,0.005745715461671352,1.0,1.0,1.0,1.0,True,,snapshots_probe/small/f8/wd_lam1e-5/epoch_0047.pt
48.0,f8,wd_lam1e-5,0.0,adam,0.0,True,small,0.004919861909002066,1.0,1.0,1.0,1.0,True,,snapshots_probe/small/f8/wd_lam1e-5/epoch_0048.pt
49.0,f8,wd_lam1e-5,0.0,adam,0.0,True,small,0.006195371504873037,1.0,1.0,1.0,1.0,True,,snapshots_probe/small/f8/wd_lam1e-5/epoch_0049.pt
50.0,f8,wd_lam1e-5,0.0,adam,0.0,True,small,0.005913614761084318,1.0,1.0,1.0,1.0,True,,snapshots_probe/small/f8/wd_lam1e-5/epoch_0050.pt
51.0,f8,wd_lam1e-5,0.0,adam,0.0,True,small,0.009477303363382816,1.0,1.0,1.0,1.0,True,,snapshots_probe/small/f8/wd_lam1e-5/epoch_0051.pt
52.0,f8,wd_lam1e-5,0.0,adam,0.0,True,small,0.005046487785875797,1.0,1.0,1.0,1.0,True,,snapshots_probe/small/f8/wd_lam1e-5/epoch_0052.pt
53.0,f8,wd_lam1e-5,0.0,adam,0.0,True,small,0.007313667330890894,1.0,1.0,1.0,1.0,True,,snapshots_probe/small/f8/wd_lam1e-5/epoch_0053.pt
54.0,f8,wd_lam1e-5,0.0,adam,0.0,True,small,0.0058932555839419365,1.0,1.0,1.0,1.0,True,,snapshots_probe/small/f8/wd_lam1e-5/epoch_0054.pt
55.0,f8,wd_lam1e-5,0.0,adam,0.0,True,small,0.0034328459296375513,1.0,1.0,1.0,1.0,True,,snapshots_probe/small/f8/wd_lam1e-5/epoch_0055.pt
56.0,f8,wd_lam1e-5,0.0,adam,0.0,True,small,0.006930926814675331,1.0,1.0,1.0,1.0,True,,snapshots_probe/small/f8/wd_lam1e-5/epoch_0056.pt
57.0,f8,wd_lam1e-5,0.0,adam,0.0,True,small,0.005793305113911629,1.0,1.0,1.0,1.0,True,,snapshots_probe/small/f8/wd_lam1e-5/epoch_0057.pt
58.0,f8,wd_lam1e-5,0.0,adam,0.0,True,small,0.007533790078014135,1.0,1.0,1.0,1.0,True,,snapshots_probe/small/f8/wd_lam1e-5/epoch_0058.pt
59.0,f8,wd_lam1e-5,0.0,adam,0.0,True,small,0.0044026547111570835,1.0,1.0,1.0,1.0,True,,snapshots_probe/small/f8/wd_lam1e-5/epoch_0059.pt
60.0,f8,wd_lam1e-5,0.0,adam,0.0,True,small,0.00393404858186841,1.0,1.0,1.0,1.0,True,,snapshots_probe/small/f8/wd_lam1e-5/epoch_0060.pt
61.0,f8,wd_lam1e-5,0.0,adam,0.0,True,small,0.003978291526436806,1.0,1.0,1.0,1.0,True,,snapshots_probe/small/f8/wd_lam1e-5/epoch_0061.pt
62.0,f8,wd_lam1e-5,0.0,adam,0.0,True,small,0.010349522344768047,1.0,1.0,1.0,1.0,True,,snapshots_probe/small/f8/wd_lam1e-5/epoch_0062.pt
63.0,f8,wd_lam1e-5,0.0,adam,0.0,True,small,0.003409109776839614,1.0,0.95,1.0,0.9997522299306244,True,,snapshots_probe/small/f8/wd_lam1e-5/epoch_0063.pt
64.0,f8,wd_lam1e-5,0.0,adam,0.0,True,small,0.008173981681466103,1.0,1.0,1.0,1.0,True,,snapshots_probe/small/f8/wd_lam1e-5/epoch_0064.pt
65.0,f8,wd_lam1e-5,0.0,adam,0.0,True,small,0.004494881257414818,1.0,1.0,1.0,1.0,True,,snapshots_probe/small/f8/wd_lam1e-5/epoch_0065.pt
66.0,f8,wd_lam1e-5,0.0,adam,0.0,True,small,0.00794583186507225,1.0,0.6791666666666667,1.0,0.9990089197224975,True,,snapshots_probe/small/f8/wd_lam1e-5/epoch_0066.pt
67.0,f8,wd_lam1e-5,0.0,adam,0.0,True,small,0.008203811012208462,1.0,1.0,1.0,1.0,True,,snapshots_probe/small/f8/wd_lam1e-5/epoch_0067.pt
68.0,f8,wd_lam1e-5,0.0,adam,0.0,True,small,0.0031962268985807896,1.0,0.6791666666666667,1.0,0.9990089197224976,True,,snapshots_probe/small/f8/wd_lam1e-5/epoch_0068.pt
69.0,f8,wd_lam1e-5,0.0,adam,0.0,True,small,0.003490360453724861,1.0,1.0,1.0,1.0,True,,snapshots_probe/small/f8/wd_lam1e-5/epoch_0069.pt
70.0,f8,wd_lam1e-5,0.0,adam,0.0,True,small,0.004066139925271273,1.0,1.0,1.0,1.0,True,,snapshots_probe/small/f8/wd_lam1e-5/epoch_0070.pt
71.0,f8,wd_lam1e-5,0.0,adam,0.0,True,small,0.007469768635928631,1.0,1.0,1.0,1.0,True,,snapshots_probe/small/f8/wd_lam1e-5/epoch_0071.pt
72.0,f8,wd_lam1e-5,0.0,adam,0.0,True,small,0.005961264483630657,1.0,1.0,1.0,1.0,True,,snapshots_probe/small/f8/wd_lam1e-5/epoch_0072.pt
73.0,f8,wd_lam1e-5,0.0,adam,0.0,True,small,0.004316552542150021,1.0,1.0,1.0,1.0,True,,snapshots_probe/small/f8/wd_lam1e-5/epoch_0073.pt
74.0,f8,wd_lam1e-5,0.0,adam,0.0,True,small,0.014712488278746605,1.0,1.0,1.0,1.0,True,,snapshots_probe/small/f8/wd_lam1e-5/epoch_0074.pt
75.0,f8,wd_lam1e-5,0.0,adam,0.0,True,small,0.0025594092439860106,1.0,1.0,1.0,1.0,True,,snapshots_probe/small/f8/wd_lam1e-5/epoch_0075.pt
76.0,f8,wd_lam1e-5,0.0,adam,0.0,True,small,0.004682037513703108,1.0,1.0,1.0,1.0,True,,snapshots_probe/small/f8/wd_lam1e-5/epoch_0076.pt
77.0,f8,wd_lam1e-5,0.0,adam,0.0,True,small,0.004303389694541693,1.0,0.8041666666666667,1.0,0.9992566897918732,True,,snapshots_probe/small/f8/wd_lam1e-5/epoch_0077.pt
78.0,f8,wd_lam1e-5,0.0,adam,0.0,True,small,0.002437084913253784,1.0,1.0,1.0,1.0,True,,snapshots_probe/small/f8/wd_lam1e-5/epoch_0078.pt
79.0,f8,wd_lam1e-5,0.0,adam,0.0,True,small,0.010442339815199375,1.0,1.0,1.0,1.0,True,,snapshots_probe/small/f8/wd_lam1e-5/epoch_0079.pt
80.0,f8,wd_lam1e-5,0.0,adam,0.0,True,small,0.0032192147336900234,1.0,1.0,1.0,1.0,True,,snapshots_probe/small/f8/wd_lam1e-5/epoch_0080.pt
81.0,f8,wd_lam1e-5,0.0,adam,0.0,True,small,0.011016260832548141,1.0,1.0,1.0,1.0,True,,snapshots_probe/small/f8/wd_lam1e-5/epoch_0081.pt
82.0,f8,wd_lam1e-5,0.0,adam,0.0,True,small,0.003262776881456375,1.0,1.0,1.0,1.0,True,,snapshots_probe/small/f8/wd_lam1e-5/epoch_0082.pt
83.0,f8,wd_lam1e-5,0.0,adam,0.0,True,small,0.003184699220582843,1.0,1.0,1.0,1.0,True,,snapshots_probe/small/f8/wd_lam1e-5/epoch_0083.pt
84.0,f8,wd_lam1e-5,0.0,adam,0.0,True,small,0.004161749966442585,1.0,1.0,1.0,1.0,True,,snapshots_probe/small/f8/wd_lam1e-5/epoch_0084.pt
85.0,f8,wd_lam1e-5,0.0,adam,0.0,True,small,0.0044044312089681625,1.0,1.0,1.0,1.0,True,,snapshots_probe/small/f8/wd_lam1e-5/epoch_0085.pt
86.0,f8,wd_lam1e-5,0.0,adam,0.0,True,small,0.006425737868994474,1.0,0.6791666666666667,1.0,0.9990089197224975,True,,snapshots_probe/small/f8/wd_lam1e-5/epoch_0086.pt
87.0,f8,wd_lam1e-5,0.0,adam,0.0,True,small,0.004497372545301914,1.0,1.0,1.0,1.0,True,,snapshots_probe/small/f8/wd_lam1e-5/epoch_0087.pt
88.0,f8,wd_lam1e-5,0.0,adam,0.0,True,small,0.002894133562222123,1.0,1.0,1.0,1.0,True,,snapshots_probe/small/f8/wd_lam1e-5/epoch_0088.pt
89.0,f8,wd_lam1e-5,0.0,adam,0.0,True,small,0.006756882648915052,1.0,1.0,1.0,1.0,True,,snapshots_probe/small/f8/wd_lam1e-5/epoch_0089.pt
90.0,f8,wd_lam1e-5,0.0,adam,0.0,True,small,0.005365128628909588,1.0,1.0,1.0,1.0,True,,snapshots_probe/small/f8/wd_lam1e-5/epoch_0090.pt
91.0,f8,wd_lam1e-5,0.0,adam,0.0,True,small,0.003189335111528635,1.0,1.0,1.0,1.0,True,,snapshots_probe/small/f8/wd_lam1e-5/epoch_0091.pt
92.0,f8,wd_lam1e-5,0.0,adam,0.0,True,small,0.0026951092295348644,1.0,1.0,1.0,1.0,True,,snapshots_probe/small/f8/wd_lam1e-5/epoch_0092.pt
93.0,f8,wd_lam1e-5,0.0,adam,0.0,True,small,0.0038911548908799887,1.0,0.95,1.0,0.9997522299306244,True,,snapshots_probe/small/f8/wd_lam1e-5/epoch_0093.pt
94.0,f8,wd_lam1e-5,0.0,adam,0.0,True,small,0.015233675017952919,1.0,1.0,1.0,1.0,True,,snapshots_probe/small/f8/wd_lam1e-5/epoch_0094.pt
95.0,f8,wd_lam1e-5,0.0,adam,0.0,True,small,0.0046325260773301125,1.0,1.0,1.0,1.0,True,,snapshots_probe/small/f8/wd_lam1e-5/epoch_0095.pt
96.0,f8,wd_lam1e-5,0.0,adam,0.0,True,small,0.007335135247558355,1.0,1.0,1.0,1.0,True,,snapshots_probe/small/f8/wd_lam1e-5/epoch_0096.pt
97.0,f8,wd_lam1e-5,0.0,adam,0.0,True,small,0.004431175533682108,1.0,1.0,1.0,1.0,True,,snapshots_probe/small/f8/wd_lam1e-5/epoch_0097.pt
98.0,f8,wd_lam1e-5,0.0,adam,0.0,True,small,0.00291081634350121,1.0,1.0,1.0,1.0,True,,snapshots_probe/small/f8/wd_lam1e-5/epoch_0098.pt
99.0,f8,wd_lam1e-5,0.0,adam,0.0,True,small,0.006710456218570471,1.0,1.0,1.0,1.0,True,,snapshots_probe/small/f8/wd_lam1e-5/epoch_0099.pt
100.0,f8,wd_lam1e-5,0.0,adam,0.0,True,small,0.0062965028919279575,1.0,1.0,1.0,1.0,True,,snapshots_probe/small/f8/wd_lam1e-5/epoch_0100.pt
1.0,f8,wd_lam1e-4,0.0,adam,0.0,True,small,0.03813883289694786,1.0,0.6791666666666667,1.0,0.9990089197224975,True,,snapshots_probe/small/f8/wd_lam1e-4/epoch_0001.pt
2.0,f8,wd_lam1e-4,0.0,adam,0.0,True,small,0.02035321667790413,1.0,0.5666666666666667,1.0,0.9982656095143706,True,,snapshots_probe/small/f8/wd_lam1e-4/epoch_0002.pt
3.0,f8,wd_lam1e-4,0.0,adam,0.0,True,small,0.012272684834897518,1.0,0.6791666666666667,1.0,0.9990089197224976,True,,snapshots_probe/small/f8/wd_lam1e-4/epoch_0003.pt
4.0,f8,wd_lam1e-4,0.0,adam,0.0,True,small,0.02125566266477108,1.0,0.6791666666666667,1.0,0.9990089197224975,True,,snapshots_probe/small/f8/wd_lam1e-4/epoch_0004.pt
5.0,f8,wd_lam1e-4,0.0,adam,0.0,True,small,0.013733379542827606,1.0,0.5249999999999999,1.0,0.998017839444995,True,,snapshots_probe/small/f8/wd_lam1e-4/epoch_0005.pt
6.0,f8,wd_lam1e-4,0.0,adam,0.0,True,small,0.008045696653425694,1.0,0.525,1.0,0.998017839444995,True,,snapshots_probe/small/f8/wd_lam1e-4/epoch_0006.pt
7.0,f8,wd_lam1e-4,0.0,adam,0.0,True,small,0.02521982416510582,1.0,0.6791666666666667,1.0,0.9990089197224976,True,,snapshots_probe/small/f8/wd_lam1e-4/epoch_0007.pt
8.0,f8,wd_lam1e-4,0.0,adam,0.0,True,small,0.014028160832822323,1.0,0.525,1.0,0.998017839444995,True,,snapshots_probe/small/f8/wd_lam1e-4/epoch_0008.pt
9.0,f8,wd_lam1e-4,0.0,adam,0.0,True,small,0.007761119399219751,1.0,0.6791666666666667,1.0,0.9990089197224976,True,,snapshots_probe/small/f8/wd_lam1e-4/epoch_0009.pt
10.0,f8,wd_lam1e-4,0.0,adam,0.0,True,small,0.010223882272839546,1.0,0.5249999999999999,1.0,0.998017839444995,True,,snapshots_probe/small/f8/wd_lam1e-4/epoch_0010.pt
11.0,f8,wd_lam1e-4,0.0,adam,0.0,True,small,0.008343138732016087,1.0,0.6791666666666667,1.0,0.9990089197224975,True,,snapshots_probe/small/f8/wd_lam1e-4/epoch_0011.pt
12.0,f8,wd_lam1e-4,0.0,adam,0.0,True,small,0.003957910928875208,1.0,0.6791666666666667,1.0,0.9990089197224975,True,,snapshots_probe/small/f8/wd_lam1e-4/epoch_0012.pt
13.0,f8,wd_lam1e-4,0.0,adam,0.0,True,small,0.005087793339043856,1.0,1.0,1.0,1.0,True,,snapshots_probe/small/f8/wd_lam1e-4/epoch_0013.pt
14.0,f8,wd_lam1e-4,0.0,adam,0.0,True,small,0.004436463583260775,1.0,1.0,1.0,1.0,True,,snapshots_probe/small/f8/wd_lam1e-4/epoch_0014.pt
15.0,f8,wd_lam1e-4,0.0,adam,0.0,True,small,0.004789908416569233,1.0,1.0,1.0,1.0,True,,snapshots_probe/small/f8/wd_lam1e-4/epoch_0015.pt
16.0,f8,wd_lam1e-4,0.0,adam,0.0,True,small,0.006746165920048952,1.0,1.0,1.0,1.0,True,,snapshots_probe/small/f8/wd_lam1e-4/epoch_0016.pt
17.0,f8,wd_lam1e-4,0.0,adam,0.0,True,small,0.0066601126454770565,1.0,0.6791666666666667,1.0,0.9990089197224975,True,,snapshots_probe/small/f8/wd_lam1e-4/epoch_0017.pt
18.0,f8,wd_lam1e-4,0.0,adam,0.0,True,small,0.008762127719819546,1.0,1.0,1.0,1.0,True,,snapshots_probe/small/f8/wd_lam1e-4/epoch_0018.pt
19.0,f8,wd_lam1e-4,0.0,adam,0.0,True,small,0.003286190563812852,1.0,1.0,1.0,1.0,True,,snapshots_probe/small/f8/wd_lam1e-4/epoch_0019.pt
20.0,f8,wd_lam1e-4,0.0,adam,0.0,True,small,0.02315162867307663,1.0,1.0,1.0,1.0,True,,snapshots_probe/small/f8/wd_lam1e-4/epoch_0020.pt
21.0,f8,wd_lam1e-4,0.0,adam,0.0,True,small,0.003917906899005175,1.0,1.0,1.0,1.0,True,,snapshots_probe/small/f8/wd_lam1e-4/epoch_0021.pt
22.0,f8,wd_lam1e-4,0.0,adam,0.0,True,small,0.008373875170946121,1.0,1.0,1.0,1.0,True,,snapshots_probe/small/f8/wd_lam1e-4/epoch_0022.pt
23.0,f8,wd_lam1e-4,0.0,adam,0.0,True,small,0.0054428898729383945,1.0,1.0,1.0,1.0,True,,snapshots_probe/small/f8/wd_lam1e-4/epoch_0023.pt
24.0,f8,wd_lam1e-4,0.0,adam,0.0,True,small,0.004550748039036989,1.0,1.0,1.0,1.0,True,,snapshots_probe/small/f8/wd_lam1e-4/epoch_0024.pt
25.0,f8,wd_lam1e-4,0.0,adam,0.0,True,small,0.004597844555974007,1.0,1.0,1.0,1.0,True,,snapshots_probe/small/f8/wd_lam1e-4/epoch_0025.pt
26.0,f8,wd_lam1e-4,0.0,adam,0.0,True,small,0.00791817158460617,1.0,1.0,1.0,1.0,True,,snapshots_probe/small/f8/wd_lam1e-4/epoch_0026.pt
27.0,f8,wd_lam1e-4,0.0,adam,0.0,True,small,0.00363286305218935,1.0,1.0,1.0,1.0,True,,snapshots_probe/small/f8/wd_lam1e-4/epoch_0027.pt
28.0,f8,wd_lam1e-4,0.0,adam,0.0,True,small,0.005408014170825481,1.0,1.0,1.0,1.0,True,,snapshots_probe/small/f8/wd_lam1e-4/epoch_0028.pt
29.0,f8,wd_lam1e-4,0.0,adam,0.0,True,small,0.00375838833861053,1.0,1.0,1.0,1.0,True,,snapshots_probe/small/f8/wd_lam1e-4/epoch_0029.pt
30.0,f8,wd_lam1e-4,0.0,adam,0.0,True,small,0.007825824432075024,1.0,1.0,1.0,1.0,True,,snapshots_probe/small/f8/wd_lam1e-4/epoch_0030.pt
31.0,f8,wd_lam1e-4,0.0,adam,0.0,True,small,0.00304581830278039,1.0,1.0,1.0,1.0,True,,snapshots_probe/small/f8/wd_lam1e-4/epoch_0031.pt
32.0,f8,wd_lam1e-4,0.0,adam,0.0,True,small,0.0028654448688030243,1.0,1.0,1.0,1.0,True,,snapshots_probe/small/f8/wd_lam1e-4/epoch_0032.pt
33.0,f8,wd_lam1e-4,0.0,adam,0.0,True,small,0.006898907944560051,1.0,1.0,1.0,1.0,True,,snapshots_probe/small/f8/wd_lam1e-4/epoch_0033.pt
34.0,f8,wd_lam1e-4,0.0,adam,0.0,True,small,0.005422018934041262,1.0,1.0,1.0,1.0,True,,snapshots_probe/small/f8/wd_lam1e-4/epoch_0034.pt
35.0,f8,wd_lam1e-4,0.0,adam,0.0,True,small,0.00999973900616169,1.0,1.0,1.0,1.0,True,,snapshots_probe/small/f8/wd_lam1e-4/epoch_0035.pt
36.0,f8,wd_lam1e-4,0.0,adam,0.0,True,small,0.005807722918689251,1.0,1.0,1.0,1.0,True,,snapshots_probe/small/f8/wd_lam1e-4/epoch_0036.pt
37.0,f8,wd_lam1e-4,0.0,adam,0.0,True,small,0.007742755115032196,1.0,1.0,1.0,1.0,True,,snapshots_probe/small/f8/wd_lam1e-4/epoch_0037.pt
38.0,f8,wd_lam1e-4,0.0,adam,0.0,True,small,0.004166929516941309,1.0,1.0,1.0,1.0,True,,snapshots_probe/small/f8/wd_lam1e-4/epoch_0038.pt
39.0,f8,wd_lam1e-4,0.0,adam,0.0,True,small,0.004962581675499678,1.0,1.0,1.0,1.0,True,,snapshots_probe/small/f8/wd_lam1e-4/epoch_0039.pt
40.0,f8,wd_lam1e-4,0.0,adam,0.0,True,small,0.005409247241914272,1.0,1.0,1.0,1.0,True,,snapshots_probe/small/f8/wd_lam1e-4/epoch_0040.pt
41.0,f8,wd_lam1e-4,0.0,adam,0.0,True,small,0.0036759262438863516,1.0,1.0,1.0,1.0,True,,snapshots_probe/small/f8/wd_lam1e-4/epoch_0041.pt
42.0,f8,wd_lam1e-4,0.0,adam,0.0,True,small,0.006292783189564943,1.0,1.0,1.0,1.0,True,,snapshots_probe/small/f8/wd_lam1e-4/epoch_0042.pt
43.0,f8,wd_lam1e-4,0.0,adam,0.0,True,small,0.003425200004130602,1.0,1.0,1.0,1.0,True,,snapshots_probe/small/f8/wd_lam1e-4/epoch_0043.pt
44.0,f8,wd_lam1e-4,0.0,adam,0.0,True,small,0.0034151184372603893,1.0,1.0,1.0,1.0,True,,snapshots_probe/small/f8/wd_lam1e-4/epoch_0044.pt
45.0,f8,wd_lam1e-4,0.0,adam,0.0,True,small,0.01391646172851324,1.0,1.0,1.0,1.0,True,,snapshots_probe/small/f8/wd_lam1e-4/epoch_0045.pt
46.0,f8,wd_lam1e-4,0.0,adam,0.0,True,small,0.015452970750629902,1.0,1.0,1.0,1.0,True,,snapshots_probe/small/f8/wd_lam1e-4/epoch_0046.pt
47.0,f8,wd_lam1e-4,0.0,adam,0.0,True,small,0.006745016202330589,1.0,1.0,1.0,1.0,True,,snapshots_probe/small/f8/wd_lam1e-4/epoch_0047.pt
48.0,f8,wd_lam1e-4,0.0,adam,0.0,True,small,0.006008452735841274,1.0,1.0,1.0,1.0,True,,snapshots_probe/small/f8/wd_lam1e-4/epoch_0048.pt
49.0,f8,wd_lam1e-4,0.0,adam,0.0,True,small,0.004704396706074476,1.0,1.0,1.0,1.0,True,,snapshots_probe/small/f8/wd_lam1e-4/epoch_0049.pt
50.0,f8,wd_lam1e-4,0.0,adam,0.0,True,small,0.004592983052134514,1.0,1.0,1.0,1.0,True,,snapshots_probe/small/f8/wd_lam1e-4/epoch_0050.pt
51.0,f8,wd_lam1e-4,0.0,adam,0.0,True,small,0.003683348884806037,1.0,1.0,1.0,1.0,True,,snapshots_probe/small/f8/wd_lam1e-4/epoch_0051.pt
52.0,f8,wd_lam1e-4,0.0,adam,0.0,True,small,0.009083646349608898,1.0,1.0,1.0,1.0,True,,snapshots_probe/small/f8/wd_lam1e-4/epoch_0052.pt
53.0,f8,wd_lam1e-4,0.0,adam,0.0,True,small,0.0045328764244914055,1.0,1.0,1.0,1.0,True,,snapshots_probe/small/f8/wd_lam1e-4/epoch_0053.pt
54.0,f8,wd_lam1e-4,0.0,adam,0.0,True,small,0.005218872334808111,1.0,1.0,1.0,1.0,True,,snapshots_probe/small/f8/wd_lam1e-4/epoch_0054.pt
55.0,f8,wd_lam1e-4,0.0,adam,0.0,True,small,0.007528024725615978,1.0,1.0,1.0,1.0,True,,snapshots_probe/small/f8/wd_lam1e-4/epoch_0055.pt
56.0,f8,wd_lam1e-4,0.0,adam,0.0,True,small,0.004573236219584942,1.0,1.0,1.0,1.0,True,,snapshots_probe/small/f8/wd_lam1e-4/epoch_0056.pt
57.0,f8,wd_lam1e-4,0.0,adam,0.0,True,small,0.01833958365023136,1.0,1.0,1.0,1.0,True,,snapshots_probe/small/f8/wd_lam1e-4/epoch_0057.pt
58.0,f8,wd_lam1e-4,0.0,adam,0.0,True,small,0.006060614250600338,1.0,1.0,1.0,1.0,True,,snapshots_probe/small/f8/wd_lam1e-4/epoch_0058.pt
59.0,f8,wd_lam1e-4,0.0,adam,0.0,True,small,0.004162848927080631,1.0,1.0,1.0,1.0,True,,snapshots_probe/small/f8/wd_lam1e-4/epoch_0059.pt
60.0,f8,wd_lam1e-4,0.0,adam,0.0,True,small,0.00624902592971921,1.0,1.0,1.0,1.0,True,,snapshots_probe/small/f8/wd_lam1e-4/epoch_0060.pt
61.0,f8,wd_lam1e-4,0.0,adam,0.0,True,small,0.004191672895103693,1.0,1.0,1.0,1.0,True,,snapshots_probe/small/f8/wd_lam1e-4/epoch_0061.pt
62.0,f8,wd_lam1e-4,0.0,adam,0.0,True,small,0.0058039044961333275,1.0,1.0,1.0,1.0,True,,snapshots_probe/small/f8/wd_lam1e-4/epoch_0062.pt
63.0,f8,wd_lam1e-4,0.0,adam,0.0,True,small,0.004460484720766544,1.0,1.0,1.0,1.0,True,,snapshots_probe/small/f8/wd_lam1e-4/epoch_0063.pt
64.0,f8,wd_lam1e-4,0.0,adam,0.0,True,small,0.005241983570158482,1.0,1.0,1.0,1.0,True,,snapshots_probe/small/f8/wd_lam1e-4/epoch_0064.pt
65.0,f8,wd_lam1e-4,0.0,adam,0.0,True,small,0.006246878299862146,1.0,0.95,1.0,0.9997522299306244,True,,snapshots_probe/small/f8/wd_lam1e-4/epoch_0065.pt
66.0,f8,wd_lam1e-4,0.0,adam,0.0,True,small,0.004068206995725632,1.0,1.0,1.0,1.0,True,,snapshots_probe/small/f8/wd_lam1e-4/epoch_0066.pt
67.0,f8,wd_lam1e-4,0.0,adam,0.0,True,small,0.004239723552018404,1.0,1.0,1.0,1.0,True,,snapshots_probe/small/f8/wd_lam1e-4/epoch_0067.pt
68.0,f8,wd_lam1e-4,0.0,adam,0.0,True,small,0.008622421883046627,1.0,0.95,1.0,0.9997522299306244,True,,snapshots_probe/small/f8/wd_lam1e-4/epoch_0068.pt
69.0,f8,wd_lam1e-4,0.0,adam,0.0,True,small,0.0063689821399748325,1.0,1.0,1.0,1.0,True,,snapshots_probe/small/f8/wd_lam1e-4/epoch_0069.pt
70.0,f8,wd_lam1e-4,0.0,adam,0.0,True,small,0.003573167836293578,1.0,1.0,1.0,1.0,True,,snapshots_probe/small/f8/wd_lam1e-4/epoch_0070.pt
71.0,f8,wd_lam1e-4,0.0,adam,0.0,True,small,0.004704494494944811,1.0,1.0,1.0,1.0,True,,snapshots_probe/small/f8/wd_lam1e-4/epoch_0071.pt
72.0,f8,wd_lam1e-4,0.0,adam,0.0,True,small,0.004839911591261625,1.0,1.0,1.0,1.0,True,,snapshots_probe/small/f8/wd_lam1e-4/epoch_0072.pt
73.0,f8,wd_lam1e-4,0.0,adam,0.0,True,small,0.003385470248758793,1.0,0.6791666666666667,1.0,0.9990089197224975,True,,snapshots_probe/small/f8/wd_lam1e-4/epoch_0073.pt
74.0,f8,wd_lam1e-4,0.0,adam,0.0,True,small,0.004540967755019665,1.0,1.0,1.0,1.0,True,,snapshots_probe/small/f8/wd_lam1e-4/epoch_0074.pt
75.0,f8,wd_lam1e-4,0.0,adam,0.0,True,small,0.00578501308336854,1.0,1.0,1.0,1.0,True,,snapshots_probe/small/f8/wd_lam1e-4/epoch_0075.pt
76.0,f8,wd_lam1e-4,0.0,adam,0.0,True,small,0.010633271187543869,1.0,1.0,1.0,1.0,True,,snapshots_probe/small/f8/wd_lam1e-4/epoch_0076.pt
77.0,f8,wd_lam1e-4,0.0,adam,0.0,True,small,0.0057534282095730305,1.0,1.0,1.0,1.0,True,,snapshots_probe/small/f8/wd_lam1e-4/epoch_0077.pt
78.0,f8,wd_lam1e-4,0.0,adam,0.0,True,small,0.006978217046707869,1.0,1.0,1.0,1.0,True,,snapshots_probe/small/f8/wd_lam1e-4/epoch_0078.pt
79.0,f8,wd_lam1e-4,0.0,adam,0.0,True,small,0.007745199836790562,1.0,1.0,1.0,1.0,True,,snapshots_probe/small/f8/wd_lam1e-4/epoch_0079.pt
80.0,f8,wd_lam1e-4,0.0,adam,0.0,True,small,0.012555662542581558,1.0,1.0,1.0,1.0,True,,snapshots_probe/small/f8/wd_lam1e-4/epoch_0080.pt
81.0,f8,wd_lam1e-4,0.0,adam,0.0,True,small,0.003983452450484037,1.0,0.6791666666666667,1.0,0.9990089197224975,True,,snapshots_probe/small/f8/wd_lam1e-4/epoch_0081.pt
82.0,f8,wd_lam1e-4,0.0,adam,0.0,True,small,0.0035218922421336174,1.0,1.0,1.0,1.0,True,,snapshots_probe/small/f8/wd_lam1e-4/epoch_0082.pt
83.0,f8,wd_lam1e-4,0.0,adam,0.0,True,small,0.004546945448964834,1.0,1.0,1.0,1.0,True,,snapshots_probe/small/f8/wd_lam1e-4/epoch_0083.pt
84.0,f8,wd_lam1e-4,0.0,adam,0.0,True,small,0.003742585191503167,1.0,1.0,1.0,1.0,True,,snapshots_probe/small/f8/wd_lam1e-4/epoch_0084.pt
85.0,f8,wd_lam1e-4,0.0,adam,0.0,True,small,0.004135436844080687,1.0,0.5249999999999999,1.0,0.998017839444995,True,,snapshots_probe/small/f8/wd_lam1e-4/epoch_0085.pt
86.0,f8,wd_lam1e-4,0.0,adam,0.0,True,small,0.004369162954390049,1.0,1.0,1.0,1.0,True,,snapshots_probe/small/f8/wd_lam1e-4/epoch_0086.pt
87.0,f8,wd_lam1e-4,0.0,adam,0.0,True,small,0.009108024649322033,1.0,1.0,1.0,1.0,True,,snapshots_probe/small/f8/wd_lam1e-4/epoch_0087.pt
88.0,f8,wd_lam1e-4,0.0,adam,0.0,True,small,0.006048188079148531,1.0,1.0,1.0,1.0,True,,snapshots_probe/small/f8/wd_lam1e-4/epoch_0088.pt
89.0,f8,wd_lam1e-4,0.0,adam,0.0,True,small,0.0038936722557991743,1.0,1.0,1.0,1.0,True,,snapshots_probe/small/f8/wd_lam1e-4/epoch_0089.pt
90.0,f8,wd_lam1e-4,0.0,adam,0.0,True,small,0.005998456850647926,1.0,1.0,1.0,1.0,True,,snapshots_probe/small/f8/wd_lam1e-4/epoch_0090.pt
91.0,f8,wd_lam1e-4,0.0,adam,0.0,True,small,0.006610158830881119,1.0,1.0,1.0,1.0,True,,snapshots_probe/small/f8/wd_lam1e-4/epoch_0091.pt
92.0,f8,wd_lam1e-4,0.0,adam,0.0,True,small,0.007837059907615185,1.0,1.0,1.0,1.0,True,,snapshots_probe/small/f8/wd_lam1e-4/epoch_0092.pt
93.0,f8,wd_lam1e-4,0.0,adam,0.0,True,small,0.004380678758025169,1.0,1.0,1.0,1.0,True,,snapshots_probe/small/f8/wd_lam1e-4/epoch_0093.pt
94.0,f8,wd_lam1e-4,0.0,adam,0.0,True,small,0.007976189255714417,1.0,1.0,1.0,1.0,True,,snapshots_probe/small/f8/wd_lam1e-4/epoch_0094.pt
95.0,f8,wd_lam1e-4,0.0,adam,0.0,True,small,0.004468048457056284,1.0,1.0,1.0,1.0,True,,snapshots_probe/small/f8/wd_lam1e-4/epoch_0095.pt
96.0,f8,wd_lam1e-4,0.0,adam,0.0,True,small,0.007604770362377167,1.0,0.8041666666666667,1.0,0.9992566897918732,True,,snapshots_probe/small/f8/wd_lam1e-4/epoch_0096.pt
97.0,f8,wd_lam1e-4,0.0,adam,0.0,True,small,0.0037756264209747314,1.0,1.0,1.0,1.0,True,,snapshots_probe/small/f8/wd_lam1e-4/epoch_0097.pt
98.0,f8,wd_lam1e-4,0.0,adam,0.0,True,small,0.007900984957814217,1.0,0.95,1.0,0.9997522299306244,True,,snapshots_probe/small/f8/wd_lam1e-4/epoch_0098.pt
99.0,f8,wd_lam1e-4,0.0,adam,0.0,True,small,0.004651292227208614,1.0,1.0,1.0,1.0,True,,snapshots_probe/small/f8/wd_lam1e-4/epoch_0099.pt
100.0,f8,wd_lam1e-4,0.0,adam,0.0,True,small,0.005612375680357218,1.0,1.0,1.0,1.0,True,,snapshots_probe/small/f8/wd_lam1e-4/epoch_0100.pt
1.0,f8,wd_lam1e-3,0.0,adam,0.0,True,small,0.03910880535840988,0.95,0.6220238095238095,0.875,0.9985133795837463,True,,snapshots_probe/small/f8/wd_lam1e-3/epoch_0001.pt
2.0,f8,wd_lam1e-3,0.0,adam,0.0,True,small,0.019168784841895103,1.0,0.6791666666666667,1.0,0.9990089197224975,True,,snapshots_probe/small/f8/wd_lam1e-3/epoch_0002.pt
3.0,f8,wd_lam1e-3,0.0,adam,0.0,True,small,0.01624315045773983,1.0,0.6791666666666667,1.0,0.9990089197224975,True,,snapshots_probe/small/f8/wd_lam1e-3/epoch_0003.pt
4.0,f8,wd_lam1e-3,0.0,adam,0.0,True,small,0.057464346289634705,1.0,0.6791666666666667,1.0,0.9990089197224975,True,,snapshots_probe/small/f8/wd_lam1e-3/epoch_0004.pt
5.0,f8,wd_lam1e-3,0.0,adam,0.0,True,small,0.011389210820198059,1.0,0.6791666666666667,1.0,0.9990089197224976,True,,snapshots_probe/small/f8/wd_lam1e-3/epoch_0005.pt
6.0,f8,wd_lam1e-3,0.0,adam,0.0,True,small,0.013643822632730007,1.0,0.6791666666666667,1.0,0.9990089197224975,True,,snapshots_probe/small/f8/wd_lam1e-3/epoch_0006.pt
7.0,f8,wd_lam1e-3,0.0,adam,0.0,True,small,0.009902543388307095,1.0,0.6791666666666667,1.0,0.9990089197224975,True,,snapshots_probe/small/f8/wd_lam1e-3/epoch_0007.pt
8.0,f8,wd_lam1e-3,0.0,adam,0.0,True,small,0.012584762647747993,1.0,0.6791666666666667,1.0,0.9990089197224975,True,,snapshots_probe/small/f8/wd_lam1e-3/epoch_0008.pt
9.0,f8,wd_lam1e-3,0.0,adam,0.0,True,small,0.01934361271560192,1.0,0.6791666666666667,1.0,0.9990089197224976,True,,snapshots_probe/small/f8/wd_lam1e-3/epoch_0009.pt
10.0,f8,wd_lam1e-3,0.0,adam,0.0,True,small,0.009988043457269669,1.0,0.6791666666666667,1.0,0.9990089197224975,True,,snapshots_probe/small/f8/wd_lam1e-3/epoch_0010.pt
11.0,f8,wd_lam1e-3,0.0,adam,0.0,True,small,0.013145734556019306,1.0,1.0,1.0,1.0,True,,snapshots_probe/small/f8/wd_lam1e-3/epoch_0011.pt
12.0,f8,wd_lam1e-3,0.0,adam,0.0,True,small,0.009749570861458778,1.0,0.6791666666666667,1.0,0.9990089197224975,True,,snapshots_probe/small/f8/wd_lam1e-3/epoch_0012.pt
13.0,f8,wd_lam1e-3,0.0,adam,0.0,True,small,0.02970569208264351,1.0,1.0,1.0,1.0,True,,snapshots_probe/small/f8/wd_lam1e-3/epoch_0013.pt
14.0,f8,wd_lam1e-3,0.0,adam,0.0,True,small,0.00949475634843111,1.0,1.0,1.0,1.0,True,,snapshots_probe/small/f8/wd_lam1e-3/epoch_0014.pt
15.0,f8,wd_lam1e-3,0.0,adam,0.0,True,small,0.011046221479773521,1.0,0.6791666666666667,1.0,0.9990089197224975,True,,snapshots_probe/small/f8/wd_lam1e-3/epoch_0015.pt
16.0,f8,wd_lam1e-3,0.0,adam,0.0,True,small,0.01118606235831976,1.0,0.95,1.0,0.9997522299306244,True,,snapshots_probe/small/f8/wd_lam1e-3/epoch_0016.pt
17.0,f8,wd_lam1e-3,0.0,adam,0.0,True,small,0.01374109461903572,1.0,0.6791666666666667,1.0,0.9990089197224975,True,,snapshots_probe/small/f8/wd_lam1e-3/epoch_0017.pt
18.0,f8,wd_lam1e-3,0.0,adam,0.0,True,small,0.007810628041625023,1.0,0.6791666666666667,1.0,0.9990089197224975,True,,snapshots_probe/small/f8/wd_lam1e-3/epoch_0018.pt
19.0,f8,wd_lam1e-3,0.0,adam,0.0,True,small,0.009340878576040268,1.0,0.6791666666666667,1.0,0.9990089197224976,True,,snapshots_probe/small/f8/wd_lam1e-3/epoch_0019.pt
20.0,f8,wd_lam1e-3,0.0,adam,0.0,True,small,0.010856802575290203,1.0,1.0,1.0,1.0,True,,snapshots_probe/small/f8/wd_lam1e-3/epoch_0020.pt
21.0,f8,wd_lam1e-3,0.0,adam,0.0,True,small,0.01383375097066164,1.0,0.6791666666666667,1.0,0.9990089197224975,True,,snapshots_probe/small/f8/wd_lam1e-3/epoch_0021.pt
22.0,f8,wd_lam1e-3,0.0,adam,0.0,True,small,0.03641795367002487,1.0,0.5428571428571429,1.0,0.998017839444995,True,,snapshots_probe/small/f8/wd_lam1e-3/epoch_0022.pt
23.0,f8,wd_lam1e-3,0.0,adam,0.0,True,small,0.010791423730552197,1.0,0.6791666666666667,1.0,0.9990089197224976,True,,snapshots_probe/small/f8/wd_lam1e-3/epoch_0023.pt
24.0,f8,wd_lam1e-3,0.0,adam,0.0,True,small,0.02913522534072399,1.0,0.6791666666666667,1.0,0.9990089197224975,True,,snapshots_probe/small/f8/wd_lam1e-3/epoch_0024.pt
25.0,f8,wd_lam1e-3,0.0,adam,0.0,True,small,0.009678318165242672,1.0,1.0,1.0,1.0,True,,snapshots_probe/small/f8/wd_lam1e-3/epoch_0025.pt
26.0,f8,wd_lam1e-3,0.0,adam,0.0,True,small,0.017584457993507385,1.0,1.0,1.0,1.0,True,,snapshots_probe/small/f8/wd_lam1e-3/epoch_0026.pt
27.0,f8,wd_lam1e-3,0.0,adam,0.0,True,small,0.008163540624082088,1.0,0.6791666666666667,1.0,0.9990089197224976,True,,snapshots_probe/small/f8/wd_lam1e-3/epoch_0027.pt
28.0,f8,wd_lam1e-3,0.0,adam,0.0,True,small,0.01690232753753662,1.0,0.6791666666666667,1.0,0.9990089197224975,True,,snapshots_probe/small/f8/wd_lam1e-3/epoch_0028.pt
29.0,f8,wd_lam1e-3,0.0,adam,0.0,True,small,0.026067474856972694,1.0,1.0,1.0,1.0,True,,snapshots_probe/small/f8/wd_lam1e-3/epoch_0029.pt
30.0,f8,wd_lam1e-3,0.0,adam,0.0,True,small,0.011628290638327599,1.0,0.6791666666666667,1.0,0.9990089197224975,True,,snapshots_probe/small/f8/wd_lam1e-3/epoch_0030.pt
31.0,f8,wd_lam1e-3,0.0,adam,0.0,True,small,0.01172307226806879,1.0,0.6458333333333333,1.0,0.9987611496531219,True,,snapshots_probe/small/f8/wd_lam1e-3/epoch_0031.pt
32.0,f8,wd_lam1e-3,0.0,adam,0.0,True,small,0.010020239278674126,1.0,0.6791666666666667,1.0,0.9990089197224975,True,,snapshots_probe/small/f8/wd_lam1e-3/epoch_0032.pt
33.0,f8,wd_lam1e-3,0.0,adam,0.0,True,small,0.0106149110943079,1.0,1.0,1.0,1.0,True,,snapshots_probe/small/f8/wd_lam1e-3/epoch_0033.pt
34.0,f8,wd_lam1e-3,0.0,adam,0.0,True,small,0.014840290881693363,1.0,1.0,1.0,1.0,True,,snapshots_probe/small/f8/wd_lam1e-3/epoch_0034.pt
35.0,f8,wd_lam1e-3,0.0,adam,0.0,True,small,0.022509152069687843,1.0,1.0,1.0,1.0,True,,snapshots_probe/small/f8/wd_lam1e-3/epoch_0035.pt
36.0,f8,wd_lam1e-3,0.0,adam,0.0,True,small,0.01329990103840828,1.0,0.8041666666666667,1.0,0.9992566897918731,True,,snapshots_probe/small/f8/wd_lam1e-3/epoch_0036.pt
37.0,f8,wd_lam1e-3,0.0,adam,0.0,True,small,0.012633361853659153,1.0,1.0,1.0,1.0,True,,snapshots_probe/small/f8/wd_lam1e-3/epoch_0037.pt
38.0,f8,wd_lam1e-3,0.0,adam,0.0,True,small,0.016168048605322838,1.0,0.6791666666666667,1.0,0.9990089197224976,True,,snapshots_probe/small/f8/wd_lam1e-3/epoch_0038.pt
39.0,f8,wd_lam1e-3,0.0,adam,0.0,True,small,0.012095432728528976,1.0,0.95,1.0,0.9997522299306243,True,,snapshots_probe/small/f8/wd_lam1e-3/epoch_0039.pt
40.0,f8,wd_lam1e-3,0.0,adam,0.0,True,small,0.01610170491039753,1.0,1.0,1.0,1.0,True,,snapshots_probe/small/f8/wd_lam1e-3/epoch_0040.pt
41.0,f8,wd_lam1e-3,0.0,adam,0.0,True,small,0.009419351816177368,1.0,1.0,1.0,1.0,True,,snapshots_probe/small/f8/wd_lam1e-3/epoch_0041.pt
42.0,f8,wd_lam1e-3,0.0,adam,0.0,True,small,0.009561649523675442,1.0,1.0,1.0,1.0,True,,snapshots_probe/small/f8/wd_lam1e-3/epoch_0042.pt
43.0,f8,wd_lam1e-3,0.0,adam,0.0,True,small,0.011095812544226646,1.0,1.0,1.0,1.0,True,,snapshots_probe/small/f8/wd_lam1e-3/epoch_0043.pt
44.0,f8,wd_lam1e-3,0.0,adam,0.0,True,small,0.00918664038181305,1.0,0.525,1.0,0.9980178394449951,True,,snapshots_probe/small/f8/wd_lam1e-3/epoch_0044.pt
45.0,f8,wd_lam1e-3,0.0,adam,0.0,True,small,0.02434397302567959,1.0,1.0,1.0,1.0,True,,snapshots_probe/small/f8/wd_lam1e-3/epoch_0045.pt
46.0,f8,wd_lam1e-3,0.0,adam,0.0,True,small,0.012341811321675777,1.0,0.8875,1.0,0.9995044598612488,True,,snapshots_probe/small/f8/wd_lam1e-3/epoch_0046.pt
47.0,f8,wd_lam1e-3,0.0,adam,0.0,True,small,0.010193935595452785,1.0,1.0,1.0,1.0,True,,snapshots_probe/small/f8/wd_lam1e-3/epoch_0047.pt
48.0,f8,wd_lam1e-3,0.0,adam,0.0,True,small,0.017031187191605568,1.0,1.0,1.0,1.0,True,,snapshots_probe/small/f8/wd_lam1e-3/epoch_0048.pt
49.0,f8,wd_lam1e-3,0.0,adam,0.0,True,small,0.008396336808800697,1.0,1.0,1.0,1.0,True,,snapshots_probe/small/f8/wd_lam1e-3/epoch_0049.pt
50.0,f8,wd_lam1e-3,0.0,adam,0.0,True,small,0.011593618430197239,1.0,1.0,1.0,1.0,True,,snapshots_probe/small/f8/wd_lam1e-3/epoch_0050.pt
51.0,f8,wd_lam1e-3,0.0,adam,0.0,True,small,0.01559477113187313,1.0,1.0,1.0,1.0,True,,snapshots_probe/small/f8/wd_lam1e-3/epoch_0051.pt
52.0,f8,wd_lam1e-3,0.0,adam,0.0,True,small,0.01982680708169937,1.0,1.0,1.0,1.0,True,,snapshots_probe/small/f8/wd_lam1e-3/epoch_0052.pt
53.0,f8,wd_lam1e-3,0.0,adam,0.0,True,small,0.011536888778209686,1.0,0.95,1.0,0.9997522299306244,True,,snapshots_probe/small/f8/wd_lam1e-3/epoch_0053.pt
54.0,f8,wd_lam1e-3,0.0,adam,0.0,True,small,0.014704177156090736,1.0,1.0,1.0,1.0,True,,snapshots_probe/small/f8/wd_lam1e-3/epoch_0054.pt
55.0,f8,wd_lam1e-3,0.0,adam,0.0,True,small,0.010980641469359398,1.0,1.0,1.0,1.0,True,,snapshots_probe/small/f8/wd_lam1e-3/epoch_0055.pt
56.0,f8,wd_lam1e-3,0.0,adam,0.0,True,small,0.010851249098777771,1.0,1.0,1.0,1.0,True,,snapshots_probe/small/f8/wd_lam1e-3/epoch_0056.pt
57.0,f8,wd_lam1e-3,0.0,adam,0.0,True,small,0.007410089485347271,1.0,0.95,1.0,0.9997522299306244,True,,snapshots_probe/small/f8/wd_lam1e-3/epoch_0057.pt
58.0,f8,wd_lam1e-3,0.0,adam,0.0,True,small,0.013066006824374199,1.0,1.0,1.0,1.0,True,,snapshots_probe/small/f8/wd_lam1e-3/epoch_0058.pt
59.0,f8,wd_lam1e-3,0.0,adam,0.0,True,small,0.0077675385400652885,1.0,1.0,1.0,1.0,True,,snapshots_probe/small/f8/wd_lam1e-3/epoch_0059.pt
60.0,f8,wd_lam1e-3,0.0,adam,0.0,True,small,0.011547191068530083,1.0,1.0,1.0,1.0,True,,snapshots_probe/small/f8/wd_lam1e-3/epoch_0060.pt
61.0,f8,wd_lam1e-3,0.0,adam,0.0,True,small,0.009786548092961311,1.0,1.0,1.0,1.0,True,,snapshots_probe/small/f8/wd_lam1e-3/epoch_0061.pt
62.0,f8,wd_lam1e-3,0.0,adam,0.0,True,small,0.011875797063112259,1.0,0.95,1.0,0.9997522299306243,True,,snapshots_probe/small/f8/wd_lam1e-3/epoch_0062.pt
63.0,f8,wd_lam1e-3,0.0,adam,0.0,True,small,0.015995651483535767,1.0,1.0,1.0,1.0,True,,snapshots_probe/small/f8/wd_lam1e-3/epoch_0063.pt
64.0,f8,wd_lam1e-3,0.0,adam,0.0,True,small,0.010105209425091743,1.0,1.0,1.0,1.0,True,,snapshots_probe/small/f8/wd_lam1e-3/epoch_0064.pt
65.0,f8,wd_lam1e-3,0.0,adam,0.0,True,small,0.013475454412400723,1.0,1.0,1.0,1.0,True,,snapshots_probe/small/f8/wd_lam1e-3/epoch_0065.pt
66.0,f8,wd_lam1e-3,0.0,adam,0.0,True,small,0.026570497080683708,1.0,1.0,1.0,1.0,True,,snapshots_probe/small/f8/wd_lam1e-3/epoch_0066.pt
67.0,f8,wd_lam1e-3,0.0,adam,0.0,True,small,0.02963298000395298,1.0,1.0,1.0,1.0,True,,snapshots_probe/small/f8/wd_lam1e-3/epoch_0067.pt
68.0,f8,wd_lam1e-3,0.0,adam,0.0,True,small,0.014173874631524086,1.0,1.0,1.0,1.0,True,,snapshots_probe/small/f8/wd_lam1e-3/epoch_0068.pt
69.0,f8,wd_lam1e-3,0.0,adam,0.0,True,small,0.012986047193408012,1.0,1.0,1.0,1.0,True,,snapshots_probe/small/f8/wd_lam1e-3/epoch_0069.pt
70.0,f8,wd_lam1e-3,0.0,adam,0.0,True,small,0.008548730984330177,1.0,1.0,1.0,1.0,True,,snapshots_probe/small/f8/wd_lam1e-3/epoch_0070.pt
71.0,f8,wd_lam1e-3,0.0,adam,0.0,True,small,0.014246860519051552,1.0,0.6791666666666667,1.0,0.9990089197224975,True,,snapshots_probe/small/f8/wd_lam1e-3/epoch_0071.pt
72.0,f8,wd_lam1e-3,0.0,adam,0.0,True,small,0.011572989635169506,1.0,1.0,1.0,1.0,True,,snapshots_probe/small/f8/wd_lam1e-3/epoch_0072.pt
73.0,f8,wd_lam1e-3,0.0,adam,0.0,True,small,0.014050047844648361,1.0,0.95,1.0,0.9997522299306243,True,,snapshots_probe/small/f8/wd_lam1e-3/epoch_0073.pt
74.0,f8,wd_lam1e-3,0.0,adam,0.0,True,small,0.0072692385874688625,1.0,1.0,1.0,1.0,True,,snapshots_probe/small/f8/wd_lam1e-3/epoch_0074.pt
75.0,f8,wd_lam1e-3,0.0,adam,0.0,True,small,0.012397481128573418,1.0,1.0,1.0,1.0,True,,snapshots_probe/small/f8/wd_lam1e-3/epoch_0075.pt
76.0,f8,wd_lam1e-3,0.0,adam,0.0,True,small,0.011783406138420105,1.0,1.0,1.0,1.0,True,,snapshots_probe/small/f8/wd_lam1e-3/epoch_0076.pt
77.0,f8,wd_lam1e-3,0.0,adam,0.0,True,small,0.013952448032796383,1.0,1.0,1.0,1.0,True,,snapshots_probe/small/f8/wd_lam1e-3/epoch_0077.pt
78.0,f8,wd_lam1e-3,0.0,adam,0.0,True,small,0.017767012119293213,1.0,1.0,1.0,1.0,True,,snapshots_probe/small/f8/wd_lam1e-3/epoch_0078.pt
79.0,f8,wd_lam1e-3,0.0,adam,0.0,True,small,0.009608270600438118,1.0,1.0,1.0,1.0,True,,snapshots_probe/small/f8/wd_lam1e-3/epoch_0079.pt
80.0,f8,wd_lam1e-3,0.0,adam,0.0,True,small,0.0132557712495327,1.0,1.0,1.0,1.0,True,,snapshots_probe/small/f8/wd_lam1e-3/epoch_0080.pt
81.0,f8,wd_lam1e-3,0.0,adam,0.0,True,small,0.009491648524999619,1.0,1.0,1.0,1.0,True,,snapshots_probe/small/f8/wd_lam1e-3/epoch_0081.pt
82.0,f8,wd_lam1e-3,0.0,adam,0.0,True,small,0.014112238772213459,1.0,1.0,1.0,1.0,True,,snapshots_probe/small/f8/wd_lam1e-3/epoch_0082.pt
83.0,f8,wd_lam1e-3,0.0,adam,0.0,True,small,0.008885100483894348,1.0,1.0,1.0,1.0,True,,snapshots_probe/small/f8/wd_lam1e-3/epoch_0083.pt
84.0,f8,wd_lam1e-3,0.0,adam,0.0,True,small,0.010393165983259678,1.0,1.0,1.0,1.0,True,,snapshots_probe/small/f8/wd_lam1e-3/epoch_0084.pt
85.0,f8,wd_lam1e-3,0.0,adam,0.0,True,small,0.013161149807274342,1.0,0.95,1.0,0.9997522299306244,True,,snapshots_probe/small/f8/wd_lam1e-3/epoch_0085.pt
86.0,f8,wd_lam1e-3,0.0,adam,0.0,True,small,0.008778930641710758,1.0,1.0,1.0,1.0,True,,snapshots_probe/small/f8/wd_lam1e-3/epoch_0086.pt
87.0,f8,wd_lam1e-3,0.0,adam,0.0,True,small,0.012896044179797173,1.0,1.0,1.0,1.0,True,,snapshots_probe/small/f8/wd_lam1e-3/epoch_0087.pt
88.0,f8,wd_lam1e-3,0.0,adam,0.0,True,small,0.01358890626579523,1.0,1.0,1.0,1.0,True,,snapshots_probe/small/f8/wd_lam1e-3/epoch_0088.pt
89.0,f8,wd_lam1e-3,0.0,adam,0.0,True,small,0.016347529366612434,1.0,1.0,1.0,1.0,True,,snapshots_probe/small/f8/wd_lam1e-3/epoch_0089.pt
90.0,f8,wd_lam1e-3,0.0,adam,0.0,True,small,0.010574019514024258,1.0,1.0,1.0,1.0,True,,snapshots_probe/small/f8/wd_lam1e-3/epoch_0090.pt
91.0,f8,wd_lam1e-3,0.0,adam,0.0,True,small,0.008339310996234417,1.0,0.95,1.0,0.9997522299306244,True,,snapshots_probe/small/f8/wd_lam1e-3/epoch_0091.pt
92.0,f8,wd_lam1e-3,0.0,adam,0.0,True,small,0.009579217061400414,1.0,1.0,1.0,1.0,True,,snapshots_probe/small/f8/wd_lam1e-3/epoch_0092.pt
93.0,f8,wd_lam1e-3,0.0,adam,0.0,True,small,0.012455484829843044,1.0,1.0,1.0,1.0,True,,snapshots_probe/small/f8/wd_lam1e-3/epoch_0093.pt
94.0,f8,wd_lam1e-3,0.0,adam,0.0,True,small,0.008699956350028515,1.0,1.0,1.0,1.0,True,,snapshots_probe/small/f8/wd_lam1e-3/epoch_0094.pt
95.0,f8,wd_lam1e-3,0.0,adam,0.0,True,small,0.007656239904463291,1.0,1.0,1.0,1.0,True,,snapshots_probe/small/f8/wd_lam1e-3/epoch_0095.pt
96.0,f8,wd_lam1e-3,0.0,adam,0.0,True,small,0.011622130870819092,1.0,1.0,1.0,1.0,True,,snapshots_probe/small/f8/wd_lam1e-3/epoch_0096.pt
97.0,f8,wd_lam1e-3,0.0,adam,0.0,True,small,0.008685123175382614,1.0,1.0,1.0,1.0,True,,snapshots_probe/small/f8/wd_lam1e-3/epoch_0097.pt
98.0,f8,wd_lam1e-3,0.0,adam,0.0,True,small,0.015425040386617184,1.0,0.95,1.0,0.9997522299306244,True,,snapshots_probe/small/f8/wd_lam1e-3/epoch_0098.pt
99.0,f8,wd_lam1e-3,0.0,adam,0.0,True,small,0.012047335505485535,1.0,1.0,1.0,1.0,True,,snapshots_probe/small/f8/wd_lam1e-3/epoch_0099.pt
100.0,f8,wd_lam1e-3,0.0,adam,0.0,True,small,0.02052784152328968,1.0,1.0,1.0,1.0,True,,snapshots_probe/small/f8/wd_lam1e-3/epoch_0100.pt
1.0,f8,wd_lam1e-2,0.0,adam,0.0,True,small,0.12130635976791382,0.9166666666666666,0.6041666666666666,0.875,0.9982656095143706,True,,snapshots_probe/small/f8/wd_lam1e-2/epoch_0001.pt
2.0,f8,wd_lam1e-2,0.0,adam,0.0,True,small,0.09850235283374786,1.0,0.525,1.0,0.998017839444995,True,,snapshots_probe/small/f8/wd_lam1e-2/epoch_0002.pt
3.0,f8,wd_lam1e-2,0.0,adam,0.0,True,small,0.051189687103033066,1.0,0.6791666666666667,1.0,0.9990089197224975,True,,snapshots_probe/small/f8/wd_lam1e-2/epoch_0003.pt
4.0,f8,wd_lam1e-2,0.0,adam,0.0,True,small,0.05204976722598076,0.7784090909090909,0.44265383349786114,0.7142857142857143,0.8730178394449951,True,,snapshots_probe/small/f8/wd_lam1e-2/epoch_0004.pt
5.0,f8,wd_lam1e-2,0.0,adam,0.0,True,small,0.034834958612918854,0.8333333333333333,0.4801538334978611,0.75,0.8731417244796829,True,,snapshots_probe/small/f8/wd_lam1e-2/epoch_0005.pt
6.0,f8,wd_lam1e-2,0.0,adam,0.0,True,small,0.06161430478096008,0.7644230769230769,0.44265383349786114,0.7222222222222222,0.8727700693756194,True,,snapshots_probe/small/f8/wd_lam1e-2/epoch_0006.pt
7.0,f8,wd_lam1e-2,0.0,adam,0.0,True,small,0.06822771579027176,0.7430555555555556,0.4176538334978611,0.7321428571428571,0.871778989098117,True,,snapshots_probe/small/f8/wd_lam1e-2/epoch_0007.pt
8.0,f8,wd_lam1e-2,0.0,adam,0.0,True,small,0.04666053503751755,0.75,0.44265383349786114,0.7291666666666666,0.872398414271556,True,,snapshots_probe/small/f8/wd_lam1e-2/epoch_0008.pt
9.0,f8,wd_lam1e-2,0.0,adam,0.0,True,small,0.062190838158130646,0.5705128205128205,0.25197433366238897,0.4722222222222222,0.7467789890981169,True,,snapshots_probe/small/f8/wd_lam1e-2/epoch_0009.pt
10.0,f8,wd_lam1e-2,0.0,adam,0.0,True,small,0.0350579097867012,0.4734848484848485,0.2103076669957223,0.4285714285714286,0.7470267591674926,True,,snapshots_probe/small/f8/wd_lam1e-2/epoch_0010.pt
11.0,f8,wd_lam1e-2,0.0,adam,0.0,True,small,0.03839677572250366,0.5595238095238095,0.25197433366238897,0.47500000000000003,0.7465312190287413,True,,snapshots_probe/small/f8/wd_lam1e-2/epoch_0011.pt
12.0,f8,wd_lam1e-2,0.0,adam,0.0,True,small,0.0341656319797039,0.39692982456140347,0.2103076669957223,0.4666666666666667,0.7450445986124876,True,,snapshots_probe/small/f8/wd_lam1e-2/epoch_0012.pt
13.0,f8,wd_lam1e-2,0.0,adam,0.0,True,small,0.04328570514917374,0.5705128205128205,0.25197433366238897,0.4722222222222222,0.7467789890981169,True,,snapshots_probe/small/f8/wd_lam1e-2/epoch_0013.pt
14.0,f8,wd_lam1e-2,0.0,adam,0.0,True,small,0.044054701924324036,0.5343137254901961,0.2519743336623889,0.4807692307692308,0.7457879088206145,True,,snapshots_probe/small/f8/wd_lam1e-2/epoch_0014.pt
15.0,f8,wd_lam1e-2,0.0,adam,0.0,True,small,0.04586516693234444,0.39166666666666666,0.2103076669957223,0.46875,0.7447968285431119,True,,snapshots_probe/small/f8/wd_lam1e-2/epoch_0015.pt
16.0,f8,wd_lam1e-2,0.0,adam,0.0,True,small,0.03151534125208855,0.38690476190476186,0.2103076669957223,0.47058823529411764,0.7445490584737364,True,,snapshots_probe/small/f8/wd_lam1e-2/epoch_0016.pt
17.0,f8,wd_lam1e-2,0.0,adam,0.0,True,small,0.0326535739004612,0.40277777777777773,0.21030766699572226,0.4642857142857143,0.7452923686818632,True,,snapshots_probe/small/f8/wd_lam1e-2/epoch_0017.pt
18.0,f8,wd_lam1e-2,0.0,adam,0.0,True,small,0.03872764855623245,0.40277777777777773,0.21030766699572226,0.4642857142857143,0.7452923686818632,True,,snapshots_probe/small/f8/wd_lam1e-2/epoch_0018.pt
19.0,f8,wd_lam1e-2,0.0,adam,0.0,True,small,0.09689193218946457,0.6476449275362319,0.3759871668311945,0.7236842105263158,0.8709117938553023,True,,snapshots_probe/small/f8/wd_lam1e-2/epoch_0019.pt
20.0,f8,wd_lam1e-2,0.0,adam,0.0,True,small,0.037376753985881805,0.6567982456140351,0.40098716683119445,0.7166666666666667,0.871778989098117,True,,snapshots_probe/small/f8/wd_lam1e-2/epoch_0020.pt
21.0,f8,wd_lam1e-2,0.0,adam,0.0,True,small,0.12786239385604858,0.6629901960784313,0.4009871668311945,0.7115384615384616,0.8720267591674926,True,,snapshots_probe/small/f8/wd_lam1e-2/epoch_0021.pt
22.0,f8,wd_lam1e-2,0.0,adam,0.0,True,small,0.1026095598936081,0.7644230769230769,0.44265383349786114,0.7222222222222222,0.8727700693756194,True,,snapshots_probe/small/f8/wd_lam1e-2/epoch_0022.pt
23.0,f8,wd_lam1e-2,0.0,adam,0.0,True,small,0.034075114876031876,0.6629901960784313,0.4009871668311945,0.7115384615384616,0.8720267591674926,True,,snapshots_probe/small/f8/wd_lam1e-2/epoch_0023.pt
24.0,f8,wd_lam1e-2,0.0,adam,0.0,True,small,0.033601779490709305,0.6666666666666666,0.4009871668311945,0.7083333333333334,0.8721506442021804,True,,snapshots_probe/small/f8/wd_lam1e-2/epoch_0024.pt
25.0,f8,wd_lam1e-2,0.0,adam,0.0,True,small,0.029549958184361458,0.425,0.2103076669957223,0.45454545454545453,0.74603567888999,True,,snapshots_probe/small/f8/wd_lam1e-2/epoch_0025.pt
26.0,f8,wd_lam1e-2,0.0,adam,0.0,True,small,0.03105464205145836,0.425,0.2103076669957223,0.45454545454545453,0.74603567888999,True,,snapshots_probe/small/f8/wd_lam1e-2/epoch_0026.pt
27.0,f8,wd_lam1e-2,0.0,adam,0.0,True,small,0.03615793585777283,0.39692982456140347,0.2103076669957223,0.4666666666666667,0.7450445986124876,True,,snapshots_probe/small/f8/wd_lam1e-2/epoch_0027.pt
28.0,f8,wd_lam1e-2,0.0,adam,0.0,True,small,0.03167232125997543,0.43452380952380953,0.2103076669957223,0.45,0.7462834489593657,True,,snapshots_probe/small/f8/wd_lam1e-2/epoch_0028.pt
29.0,f8,wd_lam1e-2,0.0,adam,0.0,True,small,0.030158311128616333,0.43452380952380953,0.2103076669957223,0.45,0.7462834489593657,True,,snapshots_probe/small/f8/wd_lam1e-2/epoch_0029.pt
30.0,f8,wd_lam1e-2,0.0,adam,0.0,True,small,0.03495028242468834,0.40931372549019607,0.21030766699572226,0.46153846153846156,0.7455401387512389,True,,snapshots_probe/small/f8/wd_lam1e-2/epoch_0030.pt
31.0,f8,wd_lam1e-2,0.0,adam,0.0,True,small,0.039918914437294006,0.75,0.44265383349786114,0.7291666666666666,0.872398414271556,True,,snapshots_probe/small/f8/wd_lam1e-2/epoch_0031.pt
32.0,f8,wd_lam1e-2,0.0,adam,0.0,True,small,0.03380534052848816,0.40931372549019607,0.21030766699572226,0.46153846153846156,0.7455401387512389,True,,snapshots_probe/small/f8/wd_lam1e-2/epoch_0032.pt
33.0,f8,wd_lam1e-2,0.0,adam,0.0,True,small,0.061528775840997696,0.5,0.22697433366238895,0.45833333333333337,0.7457879088206144,True,,snapshots_probe/small/f8/wd_lam1e-2/epoch_0033.pt
34.0,f8,wd_lam1e-2,0.0,adam,0.0,True,small,0.03370131552219391,0.5416666666666666,0.2519743336623889,0.47916666666666663,0.7460356788899901,True,,snapshots_probe/small/f8/wd_lam1e-2/epoch_0034.pt
35.0,f8,wd_lam1e-2,0.0,adam,0.0,True,small,0.03447721153497696,0.55,0.25197433366238897,0.47727272727272724,0.7462834489593656,True,,snapshots_probe/small/f8/wd_lam1e-2/epoch_0035.pt
36.0,f8,wd_lam1e-2,0.0,adam,0.0,True,small,0.03720008581876755,0.5595238095238095,0.25197433366238897,0.47500000000000003,0.7465312190287413,True,,snapshots_probe/small/f8/wd_lam1e-2/epoch_0036.pt
37.0,f8,wd_lam1e-2,0.0,adam,0.0,True,small,0.04268335923552513,0.7463235294117647,0.44265383349786114,0.7307692307692307,0.8722745292368682,True,,snapshots_probe/small/f8/wd_lam1e-2/epoch_0037.pt
38.0,f8,wd_lam1e-2,0.0,adam,0.0,True,small,0.028265701606869698,0.5595238095238095,0.22697433366238895,0.47500000000000003,0.74603567888999,True,,snapshots_probe/small/f8/wd_lam1e-2/epoch_0038.pt
39.0,f8,wd_lam1e-2,0.0,adam,0.0,True,small,0.03250252828001976,0.5705128205128205,0.25197433366238897,0.4722222222222222,0.7467789890981169,True,,snapshots_probe/small/f8/wd_lam1e-2/epoch_0039.pt
40.0,f8,wd_lam1e-2,0.0,adam,0.0,True,small,0.03235834091901779,0.5705128205128205,0.25197433366238897,0.4722222222222222,0.7467789890981169,True,,snapshots_probe/small/f8/wd_lam1e-2/epoch_0040.pt
41.0,f8,wd_lam1e-2,0.0,adam,0.0,True,small,0.06437152624130249,0.7463235294117647,0.44265383349786114,0.7307692307692307,0.8722745292368682,True,,snapshots_probe/small/f8/wd_lam1e-2/epoch_0041.pt
42.0,f8,wd_lam1e-2,0.0,adam,0.0,True,small,0.030849725008010864,0.6708333333333333,0.40098716683119445,0.7045454545454545,0.8722745292368681,True,,snapshots_probe/small/f8/wd_lam1e-2/epoch_0042.pt
43.0,f8,wd_lam1e-2,0.0,adam,0.0,True,small,0.04531734436750412,0.39166666666666666,0.2103076669957223,0.46875,0.7447968285431119,True,,snapshots_probe/small/f8/wd_lam1e-2/epoch_0043.pt
44.0,f8,wd_lam1e-2,0.0,adam,0.0,True,small,0.032669857144355774,0.75,0.44265383349786114,0.7291666666666666,0.872398414271556,True,,snapshots_probe/small/f8/wd_lam1e-2/epoch_0044.pt
45.0,f8,wd_lam1e-2,0.0,adam,0.0,True,small,0.036507345736026764,0.38690476190476186,0.18530766699572226,0.47058823529411764,0.7440535183349852,True,,snapshots_probe/small/f8/wd_lam1e-2/epoch_0045.pt
46.0,f8,wd_lam1e-2,0.0,adam,0.0,True,small,0.03484775125980377,0.43452380952380953,0.2103076669957223,0.45,0.7462834489593657,True,,snapshots_probe/small/f8/wd_lam1e-2/epoch_0046.pt
47.0,f8,wd_lam1e-2,0.0,adam,0.0,True,small,0.03759803995490074,0.4583333333333333,0.2103076669957223,0.4375,0.746778989098117,True,,snapshots_probe/small/f8/wd_lam1e-2/epoch_0047.pt
48.0,f8,wd_lam1e-2,0.0,adam,0.0,True,small,0.04105639085173607,0.425,0.2103076669957223,0.45454545454545453,0.74603567888999,True,,snapshots_probe/small/f8/wd_lam1e-2/epoch_0048.pt
49.0,f8,wd_lam1e-2,0.0,adam,0.0,True,small,0.03753990679979324,0.4455128205128205,0.2103076669957223,0.4444444444444444,0.7465312190287413,True,,snapshots_probe/small/f8/wd_lam1e-2/epoch_0049.pt
50.0,f8,wd_lam1e-2,0.0,adam,0.0,True,small,0.04161881282925606,0.5595238095238095,0.25197433366238897,0.47500000000000003,0.7465312190287413,True,,snapshots_probe/small/f8/wd_lam1e-2/epoch_0050.pt
51.0,f8,wd_lam1e-2,0.0,adam,0.0,True,small,0.03385527431964874,0.4455128205128205,0.2103076669957223,0.4444444444444444,0.7465312190287413,True,,snapshots_probe/small/f8/wd_lam1e-2/epoch_0051.pt
52.0,f8,wd_lam1e-2,0.0,adam,0.0,True,small,0.06264166533946991,0.4455128205128205,0.2103076669957223,0.4444444444444444,0.7465312190287413,True,,snapshots_probe/small/f8/wd_lam1e-2/epoch_0052.pt
53.0,f8,wd_lam1e-2,0.0,adam,0.0,True,small,0.03763099014759064,0.5595238095238095,0.25197433366238897,0.47500000000000003,0.7465312190287413,True,,snapshots_probe/small/f8/wd_lam1e-2/epoch_0053.pt
54.0,f8,wd_lam1e-2,0.0,adam,0.0,True,small,0.04365511238574982,0.41666666666666663,0.21030766699572226,0.4583333333333333,0.7457879088206144,True,,snapshots_probe/small/f8/wd_lam1e-2/epoch_0054.pt
55.0,f8,wd_lam1e-2,0.0,adam,0.0,True,small,0.04556163772940636,0.40931372549019607,0.16447433366238895,0.46153846153846156,0.744796828543112,True,,snapshots_probe/small/f8/wd_lam1e-2/epoch_0055.pt
56.0,f8,wd_lam1e-2,0.0,adam,0.0,True,small,0.04399535432457924,0.425,0.2103076669957223,0.45454545454545453,0.74603567888999,True,,snapshots_probe/small/f8/wd_lam1e-2/epoch_0056.pt
57.0,f8,wd_lam1e-2,0.0,adam,0.0,True,small,0.03402719274163246,0.40277777777777773,0.21030766699572226,0.4642857142857143,0.7452923686818632,True,,snapshots_probe/small/f8/wd_lam1e-2/epoch_0057.pt
58.0,f8,wd_lam1e-2,0.0,adam,0.0,True,small,0.037116434425115585,0.41666666666666663,0.21030766699572226,0.4583333333333333,0.7457879088206144,True,,snapshots_probe/small/f8/wd_lam1e-2/epoch_0058.pt
59.0,f8,wd_lam1e-2,0.0,adam,0.0,True,small,0.038172900676727295,0.4455128205128205,0.2103076669957223,0.4444444444444444,0.7465312190287413,True,,snapshots_probe/small/f8/wd_lam1e-2/epoch_0059.pt
60.0,f8,wd_lam1e-2,0.0,adam,0.0,True,small,0.03807429224252701,0.39166666666666666,0.2103076669957223,0.46875,0.7447968285431119,True,,snapshots_probe/small/f8/wd_lam1e-2/epoch_0060.pt
61.0,f8,wd_lam1e-2,0.0,adam,0.0,True,small,0.03864271193742752,0.39166666666666666,0.2103076669957223,0.46875,0.7447968285431119,True,,snapshots_probe/small/f8/wd_lam1e-2/epoch_0061.pt
62.0,f8,wd_lam1e-2,0.0,adam,0.0,True,small,0.057808440178632736,0.41666666666666663,0.1853076669957223,0.4583333333333333,0.7452923686818633,True,,snapshots_probe/small/f8/wd_lam1e-2/epoch_0062.pt
63.0,f8,wd_lam1e-2,0.0,adam,0.0,True,small,0.039278797805309296,0.425,0.2103076669957223,0.45454545454545453,0.74603567888999,True,,snapshots_probe/small/f8/wd_lam1e-2/epoch_0063.pt
64.0,f8,wd_lam1e-2,0.0,adam,0.0,True,small,0.03499794006347656,0.40931372549019607,0.21030766699572226,0.46153846153846156,0.7455401387512389,True,,snapshots_probe/small/f8/wd_lam1e-2/epoch_0064.pt
65.0,f8,wd_lam1e-2,0.0,adam,0.0,True,small,0.040244147181510925,0.41666666666666663,0.21030766699572226,0.4583333333333333,0.7457879088206144,True,,snapshots_probe/small/f8/wd_lam1e-2/epoch_0065.pt
66.0,f8,wd_lam1e-2,0.0,adam,0.0,True,small,0.04185258969664574,0.39692982456140347,0.2103076669957223,0.4666666666666667,0.7450445986124876,True,,snapshots_probe/small/f8/wd_lam1e-2/epoch_0066.pt
67.0,f8,wd_lam1e-2,0.0,adam,0.0,True,small,0.042030297219753265,0.425,0.2103076669957223,0.45454545454545453,0.74603567888999,True,,snapshots_probe/small/f8/wd_lam1e-2/epoch_0067.pt
68.0,f8,wd_lam1e-2,0.0,adam,0.0,True,small,0.029279496520757675,0.43452380952380953,0.2103076669957223,0.45,0.7462834489593657,True,,snapshots_probe/small/f8/wd_lam1e-2/epoch_0068.pt
69.0,f8,wd_lam1e-2,0.0,adam,0.0,True,small,0.04212351143360138,0.41666666666666663,0.21030766699572226,0.4583333333333333,0.7457879088206144,True,,snapshots_probe/small/f8/wd_lam1e-2/epoch_0069.pt
70.0,f8,wd_lam1e-2,0.0,adam,0.0,True,small,0.06496447324752808,0.6810897435897436,0.40098716683119445,0.6944444444444444,0.8725222993062438,True,,snapshots_probe/small/f8/wd_lam1e-2/epoch_0070.pt
71.0,f8,wd_lam1e-2,0.0,adam,0.0,True,small,0.03180960565805435,0.40931372549019607,0.21030766699572226,0.46153846153846156,0.7455401387512389,True,,snapshots_probe/small/f8/wd_lam1e-2/epoch_0071.pt
72.0,f8,wd_lam1e-2,0.0,adam,0.0,True,small,0.029898617416620255,0.38690476190476186,0.2103076669957223,0.47058823529411764,0.7445490584737364,True,,snapshots_probe/small/f8/wd_lam1e-2/epoch_0072.pt
73.0,f8,wd_lam1e-2,0.0,adam,0.0,True,small,0.0459870882332325,0.41666666666666663,0.21030766699572226,0.4583333333333333,0.7457879088206144,True,,snapshots_probe/small/f8/wd_lam1e-2/epoch_0073.pt
74.0,f8,wd_lam1e-2,0.0,adam,0.0,True,small,0.0317981019616127,0.6629901960784313,0.4009871668311945,0.7115384615384616,0.8720267591674926,True,,snapshots_probe/small/f8/wd_lam1e-2/epoch_0074.pt
75.0,f8,wd_lam1e-2,0.0,adam,0.0,True,small,0.038085177540779114,0.4583333333333333,0.2103076669957223,0.4375,0.746778989098117,True,,snapshots_probe/small/f8/wd_lam1e-2/epoch_0075.pt
76.0,f8,wd_lam1e-2,0.0,adam,0.0,True,small,0.03151189163327217,0.425,0.2103076669957223,0.45454545454545453,0.74603567888999,True,,snapshots_probe/small/f8/wd_lam1e-2/epoch_0076.pt
77.0,f8,wd_lam1e-2,0.0,adam,0.0,True,small,0.03247204050421715,0.40931372549019607,0.21030766699572226,0.46153846153846156,0.7455401387512389,True,,snapshots_probe/small/f8/wd_lam1e-2/epoch_0077.pt
78.0,f8,wd_lam1e-2,0.0,adam,0.0,True,small,0.03301256150007248,0.43452380952380953,0.2103076669957223,0.45,0.7462834489593657,True,,snapshots_probe/small/f8/wd_lam1e-2/epoch_0078.pt
79.0,f8,wd_lam1e-2,0.0,adam,0.0,True,small,0.061803918331861496,0.425,0.18530766699572226,0.45454545454545453,0.7455401387512388,True,,snapshots_probe/small/f8/wd_lam1e-2/epoch_0079.pt
80.0,f8,wd_lam1e-2,0.0,adam,0.0,True,small,0.03340110555291176,0.39692982456140347,0.2103076669957223,0.4666666666666667,0.7450445986124876,True,,snapshots_probe/small/f8/wd_lam1e-2/epoch_0080.pt
81.0,f8,wd_lam1e-2,0.0,adam,0.0,True,small,0.033476363867521286,0.6810897435897436,0.40098716683119445,0.6944444444444444,0.8725222993062438,True,,snapshots_probe/small/f8/wd_lam1e-2/epoch_0081.pt
82.0,f8,wd_lam1e-2,0.0,adam,0.0,True,small,0.03654680773615837,0.43452380952380953,0.2103076669957223,0.45,0.7462834489593657,True,,snapshots_probe/small/f8/wd_lam1e-2/epoch_0082.pt
83.0,f8,wd_lam1e-2,0.0,adam,0.0,True,small,0.051096946001052856,0.43452380952380953,0.2103076669957223,0.45,0.7462834489593657,True,,snapshots_probe/small/f8/wd_lam1e-2/epoch_0083.pt
84.0,f8,wd_lam1e-2,0.0,adam,0.0,True,small,0.03173258900642395,0.41666666666666663,0.21030766699572226,0.4583333333333333,0.7457879088206144,True,,snapshots_probe/small/f8/wd_lam1e-2/epoch_0084.pt
85.0,f8,wd_lam1e-2,0.0,adam,0.0,True,small,0.042716193944215775,0.43452380952380953,0.2103076669957223,0.45,0.7462834489593657,True,,snapshots_probe/small/f8/wd_lam1e-2/epoch_0085.pt
86.0,f8,wd_lam1e-2,0.0,adam,0.0,True,small,0.03271177038550377,0.425,0.2103076669957223,0.45454545454545453,0.74603567888999,True,,snapshots_probe/small/f8/wd_lam1e-2/epoch_0086.pt
87.0,f8,wd_lam1e-2,0.0,adam,0.0,True,small,0.03361940011382103,0.40277777777777773,0.21030766699572226,0.4642857142857143,0.7452923686818632,True,,snapshots_probe/small/f8/wd_lam1e-2/epoch_0087.pt
88.0,f8,wd_lam1e-2,0.0,adam,0.0,True,small,0.043014150112867355,0.41666666666666663,0.16447433366238895,0.4583333333333333,0.7450445986124876,True,,snapshots_probe/small/f8/wd_lam1e-2/epoch_0088.pt
89.0,f8,wd_lam1e-2,0.0,adam,0.0,True,small,0.03277444839477539,0.40277777777777773,0.21030766699572226,0.4642857142857143,0.7452923686818632,True,,snapshots_probe/small/f8/wd_lam1e-2/epoch_0089.pt
90.0,f8,wd_lam1e-2,0.0,adam,0.0,True,small,0.04140724241733551,0.5219298245614035,0.25197433366238897,0.48333333333333334,0.7452923686818632,True,,snapshots_probe/small/f8/wd_lam1e-2/epoch_0090.pt
91.0,f8,wd_lam1e-2,0.0,adam,0.0,True,small,0.03550103306770325,0.6629901960784313,0.3759871668311945,0.7115384615384616,0.871655104063429,True,,snapshots_probe/small/f8/wd_lam1e-2/epoch_0091.pt
92.0,f8,wd_lam1e-2,0.0,adam,0.0,True,small,0.03514966368675232,0.41666666666666663,0.21030766699572226,0.4583333333333333,0.7457879088206144,True,,snapshots_probe/small/f8/wd_lam1e-2/epoch_0092.pt
93.0,f8,wd_lam1e-2,0.0,adam,0.0,True,small,0.04322199150919914,0.39692982456140347,0.2103076669957223,0.4666666666666667,0.7450445986124876,True,,snapshots_probe/small/f8/wd_lam1e-2/epoch_0093.pt
94.0,f8,wd_lam1e-2,0.0,adam,0.0,True,small,0.03122151456773281,0.40277777777777773,0.21030766699572226,0.4642857142857143,0.7452923686818632,True,,snapshots_probe/small/f8/wd_lam1e-2/epoch_0094.pt
95.0,f8,wd_lam1e-2,0.0,adam,0.0,True,small,0.0351448655128479,0.6666666666666666,0.4009871668311945,0.7083333333333334,0.8721506442021804,True,,snapshots_probe/small/f8/wd_lam1e-2/epoch_0095.pt
96.0,f8,wd_lam1e-2,0.0,adam,0.0,True,small,0.04632202163338661,0.6629901960784313,0.4009871668311945,0.7115384615384616,0.8720267591674926,True,,snapshots_probe/small/f8/wd_lam1e-2/epoch_0096.pt
97.0,f8,wd_lam1e-2,0.0,adam,0.0,True,small,0.032386597245931625,0.41666666666666663,0.21030766699572226,0.4583333333333333,0.7457879088206144,True,,snapshots_probe/small/f8/wd_lam1e-2/epoch_0097.pt
98.0,f8,wd_lam1e-2,0.0,adam,0.0,True,small,0.030493687838315964,0.41666666666666663,0.21030766699572226,0.4583333333333333,0.7457879088206144,True,,snapshots_probe/small/f8/wd_lam1e-2/epoch_0098.pt
99.0,f8,wd_lam1e-2,0.0,adam,0.0,True,small,0.03399625048041344,0.5416666666666666,0.2519743336623889,0.47916666666666663,0.7460356788899901,True,,snapshots_probe/small/f8/wd_lam1e-2/epoch_0099.pt
100.0,f8,wd_lam1e-2,0.0,adam,0.0,True,small,0.03682677447795868,0.6567982456140351,0.40098716683119445,0.7166666666666667,0.871778989098117,True,,snapshots_probe/small/f8/wd_lam1e-2/epoch_0100.pt
,f9,base_adam,0.0,adam,0.0,False,small,,,,,,False,Missing experiment directory: snapshots_probe/small/f9/base_adam,
,f9,base_sgd,0.0,sgd,0.0,False,small,,,,,,False,Missing experiment directory: snapshots_probe/small/f9/base_sgd,
,f9,0.1_adam,0.1,adam,0.0,False,small,,,,,,False,Missing experiment directory: snapshots_probe/small/f9/0.1_adam,
,f9,0.1_sgd,0.1,sgd,0.0,False,small,,,,,,False,Missing experiment directory: snapshots_probe/small/f9/0.1_sgd,
,f9,0.1_adam_dp,0.1,adam,0.2,False,small,,,,,,False,Missing experiment directory: snapshots_probe/small/f9/0.1_adam_dp,
,f9,0.1_adam_wd,0.1,adam,0.0,True,small,,,,,,False,Missing experiment directory: snapshots_probe/small/f9/0.1_adam_wd,
,f9,0.1_adam_dp_wd,0.1,adam,0.2,True,small,,,,,,False,Missing experiment directory: snapshots_probe/small/f9/0.1_adam_dp_wd,
,f9,0.1_sgd_dp,0.1,sgd,0.2,False,small,,,,,,False,Missing experiment directory: snapshots_probe/small/f9/0.1_sgd_dp,
,f9,0.1_sgd_dp_wd,0.1,sgd,0.2,True,small,,,,,,False,Missing experiment directory: snapshots_probe/small/f9/0.1_sgd_dp_wd,
,f9,0.2_adam,0.2,adam,0.0,False,small,,,,,,False,Missing experiment directory: snapshots_probe/small/f9/0.2_adam,
,f9,0.2_sgd,0.2,sgd,0.0,False,small,,,,,,False,Missing experiment directory: snapshots_probe/small/f9/0.2_sgd,
,f9,0.2_adam_dp,0.2,adam,0.2,False,small,,,,,,False,Missing experiment directory: snapshots_probe/small/f9/0.2_adam_dp,
,f9,0.2_adam_wd,0.2,adam,0.0,True,small,,,,,,False,Missing experiment directory: snapshots_probe/small/f9/0.2_adam_wd,
,f9,0.2_adam_dp_wd,0.2,adam,0.2,True,small,,,,,,False,Missing experiment directory: snapshots_probe/small/f9/0.2_adam_dp_wd,
,f9,0.2_sgd_dp,0.2,sgd,0.2,False,small,,,,,,False,Missing experiment directory: snapshots_probe/small/f9/0.2_sgd_dp,
,f9,0.2_sgd_dp_wd,0.2,sgd,0.2,True,small,,,,,,False,Missing experiment directory: snapshots_probe/small/f9/0.2_sgd_dp_wd,
,f9,0.5_adam,0.5,adam,0.0,False,small,,,,,,False,Missing experiment directory: snapshots_probe/small/f9/0.5_adam,
,f9,0.5_sgd,0.5,sgd,0.0,False,small,,,,,,False,Missing experiment directory: snapshots_probe/small/f9/0.5_sgd,
,f9,0.5_adam_dp,0.5,adam,0.2,False,small,,,,,,False,Missing experiment directory: snapshots_probe/small/f9/0.5_adam_dp,
,f9,0.5_adam_wd,0.5,adam,0.0,True,small,,,,,,False,Missing experiment directory: snapshots_probe/small/f9/0.5_adam_wd,
,f9,0.5_adam_dp_wd,0.5,adam,0.2,True,small,,,,,,False,Missing experiment directory: snapshots_probe/small/f9/0.5_adam_dp_wd,
,f9,0.5_sgd_dp,0.5,sgd,0.2,False,small,,,,,,False,Missing experiment directory: snapshots_probe/small/f9/0.5_sgd_dp,
,f9,0.5_sgd_dp_wd,0.5,sgd,0.2,True,small,,,,,,False,Missing experiment directory: snapshots_probe/small/f9/0.5_sgd_dp_wd,
,f9,1.0_adam,1.0,adam,0.0,False,small,,,,,,False,Missing experiment directory: snapshots_probe/small/f9/1.0_adam,
,f9,1.0_sgd,1.0,sgd,0.0,False,small,,,,,,False,Missing experiment directory: snapshots_probe/small/f9/1.0_sgd,
,f9,1.0_adam_dp,1.0,adam,0.2,False,small,,,,,,False,Missing experiment directory: snapshots_probe/small/f9/1.0_adam_dp,
,f9,1.0_adam_wd,1.0,adam,0.0,True,small,,,,,,False,Missing experiment directory: snapshots_probe/small/f9/1.0_adam_wd,
,f9,1.0_adam_dp_wd,1.0,adam,0.2,True,small,,,,,,False,Missing experiment directory: snapshots_probe/small/f9/1.0_adam_dp_wd,
,f9,1.0_sgd_dp,1.0,sgd,0.2,False,small,,,,,,False,Missing experiment directory: snapshots_probe/small/f9/1.0_sgd_dp,
,f9,1.0_sgd_dp_wd,1.0,sgd,0.2,True,small,,,,,,False,Missing experiment directory: snapshots_probe/small/f9/1.0_sgd_dp_wd,
,f9,base_sgd_dp,0.0,sgd,0.2,False,small,,,,,,False,Missing experiment directory: snapshots_probe/small/f9/base_sgd_dp,
,f9,base_sgd_wd,0.0,sgd,0.0,True,small,,,,,,False,Missing experiment directory: snapshots_probe/small/f9/base_sgd_wd,
,f9,base_sgd_dp_wd,0.0,sgd,0.2,True,small,,,,,,False,Missing experiment directory: snapshots_probe/small/f9/base_sgd_dp_wd,
,f9,0.1_sgd_wd,0.1,sgd,0.0,True,small,,,,,,False,Missing experiment directory: snapshots_probe/small/f9/0.1_sgd_wd,
,f9,0.2_sgd_wd,0.2,sgd,0.0,True,small,,,,,,False,Missing experiment directory: snapshots_probe/small/f9/0.2_sgd_wd,
,f9,0.5_sgd_wd,0.5,sgd,0.0,True,small,,,,,,False,Missing experiment directory: snapshots_probe/small/f9/0.5_sgd_wd,
,f9,1.0_sgd_wd,1.0,sgd,0.0,True,small,,,,,,False,Missing experiment directory: snapshots_probe/small/f9/1.0_sgd_wd,
,f9,dropout_p0.0,0.0,adam,0.0,False,small,,,,,,False,Missing experiment directory: snapshots_probe/small/f9/dropout_p0.0,
,f9,dropout_p0.1,0.0,adam,0.1,False,small,,,,,,False,Missing experiment directory: snapshots_probe/small/f9/dropout_p0.1,
,f9,dropout_p0.2,0.0,adam,0.2,False,small,,,,,,False,Missing experiment directory: snapshots_probe/small/f9/dropout_p0.2,
,f9,dropout_p0.3,0.0,adam,0.3,False,small,,,,,,False,Missing experiment directory: snapshots_probe/small/f9/dropout_p0.3,
,f9,dropout_p0.5,0.0,adam,0.5,False,small,,,,,,False,Missing experiment directory: snapshots_probe/small/f9/dropout_p0.5,
,f9,wd_lam0,0.0,adam,0.0,False,small,,,,,,False,Missing experiment directory: snapshots_probe/small/f9/wd_lam0,
,f9,wd_lam1e-5,0.0,adam,0.0,True,small,,,,,,False,Missing experiment directory: snapshots_probe/small/f9/wd_lam1e-5,
,f9,wd_lam1e-4,0.0,adam,0.0,True,small,,,,,,False,Missing experiment directory: snapshots_probe/small/f9/wd_lam1e-4,
,f9,wd_lam1e-3,0.0,adam,0.0,True,small,,,,,,False,Missing experiment directory: snapshots_probe/small/f9/wd_lam1e-3,
,f9,wd_lam1e-2,0.0,adam,0.0,True,small,,,,,,False,Missing experiment directory: snapshots_probe/small/f9/wd_lam1e-2,
,f10,base_adam,0.0,adam,0.0,False,small,,,,,,False,Missing experiment directory: snapshots_probe/small/f10/base_adam,
,f10,base_sgd,0.0,sgd,0.0,False,small,,,,,,False,Missing experiment directory: snapshots_probe/small/f10/base_sgd,
,f10,0.1_adam,0.1,adam,0.0,False,small,,,,,,False,Missing experiment directory: snapshots_probe/small/f10/0.1_adam,
,f10,0.1_sgd,0.1,sgd,0.0,False,small,,,,,,False,Missing experiment directory: snapshots_probe/small/f10/0.1_sgd,
,f10,0.1_adam_dp,0.1,adam,0.2,False,small,,,,,,False,Missing experiment directory: snapshots_probe/small/f10/0.1_adam_dp,
,f10,0.1_adam_wd,0.1,adam,0.0,True,small,,,,,,False,Missing experiment directory: snapshots_probe/small/f10/0.1_adam_wd,
,f10,0.1_adam_dp_wd,0.1,adam,0.2,True,small,,,,,,False,Missing experiment directory: snapshots_probe/small/f10/0.1_adam_dp_wd,
,f10,0.1_sgd_dp,0.1,sgd,0.2,False,small,,,,,,False,Missing experiment directory: snapshots_probe/small/f10/0.1_sgd_dp,
,f10,0.1_sgd_dp_wd,0.1,sgd,0.2,True,small,,,,,,False,Missing experiment directory: snapshots_probe/small/f10/0.1_sgd_dp_wd,
,f10,0.2_adam,0.2,adam,0.0,False,small,,,,,,False,Missing experiment directory: snapshots_probe/small/f10/0.2_adam,
,f10,0.2_sgd,0.2,sgd,0.0,False,small,,,,,,False,Missing experiment directory: snapshots_probe/small/f10/0.2_sgd,
,f10,0.2_adam_dp,0.2,adam,0.2,False,small,,,,,,False,Missing experiment directory: snapshots_probe/small/f10/0.2_adam_dp,
,f10,0.2_adam_wd,0.2,adam,0.0,True,small,,,,,,False,Missing experiment directory: snapshots_probe/small/f10/0.2_adam_wd,
,f10,0.2_adam_dp_wd,0.2,adam,0.2,True,small,,,,,,False,Missing experiment directory: snapshots_probe/small/f10/0.2_adam_dp_wd,
,f10,0.2_sgd_dp,0.2,sgd,0.2,False,small,,,,,,False,Missing experiment directory: snapshots_probe/small/f10/0.2_sgd_dp,
,f10,0.2_sgd_dp_wd,0.2,sgd,0.2,True,small,,,,,,False,Missing experiment directory: snapshots_probe/small/f10/0.2_sgd_dp_wd,
,f10,0.5_adam,0.5,adam,0.0,False,small,,,,,,False,Missing experiment directory: snapshots_probe/small/f10/0.5_adam,
,f10,0.5_sgd,0.5,sgd,0.0,False,small,,,,,,False,Missing experiment directory: snapshots_probe/small/f10/0.5_sgd,
,f10,0.5_adam_dp,0.5,adam,0.2,False,small,,,,,,False,Missing experiment directory: snapshots_probe/small/f10/0.5_adam_dp,
,f10,0.5_adam_wd,0.5,adam,0.0,True,small,,,,,,False,Missing experiment directory: snapshots_probe/small/f10/0.5_adam_wd,
,f10,0.5_adam_dp_wd,0.5,adam,0.2,True,small,,,,,,False,Missing experiment directory: snapshots_probe/small/f10/0.5_adam_dp_wd,
,f10,0.5_sgd_dp,0.5,sgd,0.2,False,small,,,,,,False,Missing experiment directory: snapshots_probe/small/f10/0.5_sgd_dp,
,f10,0.5_sgd_dp_wd,0.5,sgd,0.2,True,small,,,,,,False,Missing experiment directory: snapshots_probe/small/f10/0.5_sgd_dp_wd,
,f10,1.0_adam,1.0,adam,0.0,False,small,,,,,,False,Missing experiment directory: snapshots_probe/small/f10/1.0_adam,
,f10,1.0_sgd,1.0,sgd,0.0,False,small,,,,,,False,Missing experiment directory: snapshots_probe/small/f10/1.0_sgd,
,f10,1.0_adam_dp,1.0,adam,0.2,False,small,,,,,,False,Missing experiment directory: snapshots_probe/small/f10/1.0_adam_dp,
,f10,1.0_adam_wd,1.0,adam,0.0,True,small,,,,,,False,Missing experiment directory: snapshots_probe/small/f10/1.0_adam_wd,
,f10,1.0_adam_dp_wd,1.0,adam,0.2,True,small,,,,,,False,Missing experiment directory: snapshots_probe/small/f10/1.0_adam_dp_wd,
,f10,1.0_sgd_dp,1.0,sgd,0.2,False,small,,,,,,False,Missing experiment directory: snapshots_probe/small/f10/1.0_sgd_dp,
,f10,1.0_sgd_dp_wd,1.0,sgd,0.2,True,small,,,,,,False,Missing experiment directory: snapshots_probe/small/f10/1.0_sgd_dp_wd,
,f10,base_sgd_dp,0.0,sgd,0.2,False,small,,,,,,False,Missing experiment directory: snapshots_probe/small/f10/base_sgd_dp,
,f10,base_sgd_wd,0.0,sgd,0.0,True,small,,,,,,False,Missing experiment directory: snapshots_probe/small/f10/base_sgd_wd,
,f10,base_sgd_dp_wd,0.0,sgd,0.2,True,small,,,,,,False,Missing experiment directory: snapshots_probe/small/f10/base_sgd_dp_wd,
,f10,0.1_sgd_wd,0.1,sgd,0.0,True,small,,,,,,False,Missing experiment directory: snapshots_probe/small/f10/0.1_sgd_wd,
,f10,0.2_sgd_wd,0.2,sgd,0.0,True,small,,,,,,False,Missing experiment directory: snapshots_probe/small/f10/0.2_sgd_wd,
,f10,0.5_sgd_wd,0.5,sgd,0.0,True,small,,,,,,False,Missing experiment directory: snapshots_probe/small/f10/0.5_sgd_wd,
,f10,1.0_sgd_wd,1.0,sgd,0.0,True,small,,,,,,False,Missing experiment directory: snapshots_probe/small/f10/1.0_sgd_wd,
,f10,dropout_p0.0,0.0,adam,0.0,False,small,,,,,,False,Missing experiment directory: snapshots_probe/small/f10/dropout_p0.0,
,f10,dropout_p0.1,0.0,adam,0.1,False,small,,,,,,False,Missing experiment directory: snapshots_probe/small/f10/dropout_p0.1,
,f10,dropout_p0.2,0.0,adam,0.2,False,small,,,,,,False,Missing experiment directory: snapshots_probe/small/f10/dropout_p0.2,
,f10,dropout_p0.3,0.0,adam,0.3,False,small,,,,,,False,Missing experiment directory: snapshots_probe/small/f10/dropout_p0.3,
,f10,dropout_p0.5,0.0,adam,0.5,False,small,,,,,,False,Missing experiment directory: snapshots_probe/small/f10/dropout_p0.5,
,f10,wd_lam0,0.0,adam,0.0,False,small,,,,,,False,Missing experiment directory: snapshots_probe/small/f10/wd_lam0,
,f10,wd_lam1e-5,0.0,adam,0.0,True,small,,,,,,False,Missing experiment directory: snapshots_probe/small/f10/wd_lam1e-5,
,f10,wd_lam1e-4,0.0,adam,0.0,True,small,,,,,,False,Missing experiment directory: snapshots_probe/small/f10/wd_lam1e-4,
,f10,wd_lam1e-3,0.0,adam,0.0,True,small,,,,,,False,Missing experiment directory: snapshots_probe/small/f10/wd_lam1e-3,
,f10,wd_lam1e-2,0.0,adam,0.0,True,small,,,,,,False,Missing experiment directory: snapshots_probe/small/f10/wd_lam1e-2,
