success,function_name,function,wd_experiment,noise,optimizer,dropout,weight_decay,model_size,best_epoch,checkpoint_path,wd_val_loss,wd_auprc_full,wd_auroc,auroc_full,num_gt,num_detected,num_candidates,error,source_file,weight_decay_bool,base_experiment,base_auprc_full,base_auroc,base_val_loss,delta_auprc_full,delta_auroc,delta_val_loss,wd_better_auprc,wd_better_auroc,wd_better_val_loss,wd_meaningful_auprc_gain,wd_meaningful_auprc_loss
True,f9,f9,0.1_adam_wd,0.1,adam,0.0,True,small,90,snapshots_clean/small/f9/0.1_adam_wd/best_epoch_0090.pt,0.0294081605970859,0.501974333662389,0.5,0.7480178394449951,4,10,1013,,results/small/f9_analysis.csv,True,0.1_adam,0.501974333662389,0.5,0.0289294216781854,0.0,0.0,0.0004787389189005002,False,False,False,False,False
True,f9,f9,0.1_adam_dp_wd,0.1,adam,0.2,True,small,84,snapshots_clean/small/f9/0.1_adam_dp_wd/best_epoch_0084.pt,0.0482030101120471,0.501974333662389,0.5,0.7475222993062438,4,12,1013,,results/small/f9_analysis.csv,True,0.1_adam_dp,0.501974333662389,0.5,0.0486428067088127,0.0,0.0,-0.00043979659676560146,False,False,True,False,False
True,f9,f9,0.1_sgd_dp_wd,0.1,sgd,0.2,True,small,92,snapshots_clean/small/f9/0.1_sgd_dp_wd/best_epoch_0092.pt,0.0394050627946853,0.501974333662389,0.5,0.7482656095143706,4,9,1013,,results/small/f9_analysis.csv,True,0.1_sgd_dp,0.501974333662389,0.5,0.0405674465000629,0.0,0.0,-0.0011623837053775996,False,False,True,False,False
True,f9,f9,0.2_adam_wd,0.2,adam,0.0,True,small,67,snapshots_clean/small/f9/0.2_adam_wd/best_epoch_0067.pt,0.0831998288631439,0.501974333662389,0.5,0.7472745292368681,4,13,1013,,results/small/f9_analysis.csv,True,0.2_adam,0.501974333662389,0.5,0.0791942328214645,0.0,0.0,0.004005596041679396,False,False,False,False,False
True,f9,f9,0.2_adam_dp_wd,0.2,adam,0.2,True,small,86,snapshots_clean/small/f9/0.2_adam_dp_wd/best_epoch_0086.pt,0.0993695259094238,0.501974333662389,0.5,0.7482656095143706,4,9,1013,,results/small/f9_analysis.csv,True,0.2_adam_dp,0.501974333662389,0.5,0.0986256822943687,0.0,0.0,0.0007438436150550981,False,False,False,False,False
True,f9,f9,0.2_sgd_dp_wd,0.2,sgd,0.2,True,small,95,snapshots_clean/small/f9/0.2_sgd_dp_wd/best_epoch_0095.pt,0.0885177254676818,0.501974333662389,0.5,0.7472745292368681,4,13,1013,,results/small/f9_analysis.csv,True,0.2_sgd_dp,0.501974333662389,0.5,0.0895133912563324,0.0,0.0,-0.000995665788650596,False,False,True,False,False
True,f9,f9,0.5_adam_wd,0.5,adam,0.0,True,small,100,snapshots_clean/small/f9/0.5_adam_wd/best_epoch_0100.pt,0.4313850402832031,0.501974333662389,0.5,0.744796828543112,4,23,1013,,results/small/f9_analysis.csv,True,0.5_adam,0.5759871668311944,0.7250000000000001,0.4320741891860962,-0.07401283316880547,-0.2250000000000001,-0.0006891489028930664,False,False,True,False,True
True,f9,f9,0.5_adam_dp_wd,0.5,adam,0.2,True,small,98,snapshots_clean/small/f9/0.5_adam_dp_wd/best_epoch_0098.pt,0.4525898098945617,0.501974333662389,0.5,0.7475222993062438,4,12,1013,,results/small/f9_analysis.csv,True,0.5_adam_dp,0.501974333662389,0.5,0.4511556923389435,0.0,0.0,0.0014341175556182306,False,False,False,False,False
True,f9,f9,0.5_sgd_dp_wd,0.5,sgd,0.2,True,small,94,snapshots_clean/small/f9/0.5_sgd_dp_wd/best_epoch_0094.pt,0.4354814291000366,0.501974333662389,0.5,0.7475222993062438,4,12,1013,,results/small/f9_analysis.csv,True,0.5_sgd_dp,0.501974333662389,0.5,0.436130166053772,0.0,0.0,-0.0006487369537353516,False,False,True,False,False
True,f9,f9,1.0_adam_wd,1.0,adam,0.0,True,small,36,snapshots_clean/small/f9/1.0_adam_wd/best_epoch_0036.pt,1.678907871246338,0.501974333662389,0.5,0.7472745292368681,4,13,1013,,results/small/f9_analysis.csv,True,1.0_adam,0.501974333662389,0.5,1.667932391166687,0.0,0.0,0.010975480079650879,False,False,False,False,False
True,f9,f9,1.0_adam_dp_wd,1.0,adam,0.2,True,small,75,snapshots_clean/small/f9/1.0_adam_dp_wd/best_epoch_0075.pt,1.6838364601135254,0.501974333662389,0.5,0.7477700693756195,4,11,1013,,results/small/f9_analysis.csv,True,1.0_adam_dp,0.501974333662389,0.5,1.686263918876648,0.0,0.0,-0.0024274587631225586,False,False,True,False,False
True,f9,f9,1.0_sgd_dp_wd,1.0,sgd,0.2,True,small,82,snapshots_clean/small/f9/1.0_sgd_dp_wd/best_epoch_0082.pt,1.6662237644195557,0.501974333662389,0.5,0.7482656095143706,4,9,1013,,results/small/f9_analysis.csv,True,1.0_sgd_dp,0.501974333662389,0.5,1.664432406425476,0.0,0.0,0.0017913579940795898,False,False,False,False,False
True,f9,f9,base_sgd_wd,0.0,sgd,0.0,True,small,96,snapshots_clean/small/f9/base_sgd_wd/best_epoch_0096.pt,0.0112407952547073,0.501974333662389,0.5,0.7475222993062438,4,12,1013,,results/small/f9_analysis.csv,True,base_sgd,0.501974333662389,0.5,0.0128986556082963,0.0,0.0,-0.0016578603535890007,False,False,True,False,False
True,f9,f9,base_sgd_dp_wd,0.0,sgd,0.2,True,small,80,snapshots_clean/small/f9/base_sgd_dp_wd/best_epoch_0080.pt,0.0317400731146335,0.501974333662389,0.5,0.7470267591674925,4,14,1013,,results/small/f9_analysis.csv,True,base_sgd_dp,0.501974333662389,0.5,0.0302465874701738,0.0,0.0,0.0014934856444596967,False,False,False,False,False
True,f9,f9,0.1_sgd_wd,0.1,sgd,0.0,True,small,98,snapshots_clean/small/f9/0.1_sgd_wd/best_epoch_0098.pt,0.0309532228857278,0.501974333662389,0.5,0.7467789890981169,4,15,1013,,results/small/f9_analysis.csv,True,0.1_sgd,0.501974333662389,0.5,0.0303970798850059,0.0,0.0,0.0005561430007219002,False,False,False,False,False
True,f9,f9,0.2_sgd_wd,0.2,sgd,0.0,True,small,100,snapshots_clean/small/f9/0.2_sgd_wd/best_epoch_0100.pt,0.0823809206485748,0.501974333662389,0.5,0.7485133795837462,4,8,1013,,results/small/f9_analysis.csv,True,0.2_sgd,0.501974333662389,0.5,0.0809035524725914,0.0,0.0,0.0014773681759834012,False,False,False,False,False
True,f9,f9,0.5_sgd_wd,0.5,sgd,0.0,True,small,100,snapshots_clean/small/f9/0.5_sgd_wd/best_epoch_0100.pt,0.4339364767074585,0.501974333662389,0.5,0.7485133795837462,4,8,1013,,results/small/f9_analysis.csv,True,0.5_sgd,0.501974333662389,0.5,0.4334090650081634,0.0,0.0,0.0005274116992950995,False,False,False,False,False
True,f9,f9,1.0_sgd_wd,1.0,sgd,0.0,True,small,41,snapshots_clean/small/f9/1.0_sgd_wd/best_epoch_0041.pt,1.6676374673843384,0.501974333662389,0.5,0.7495044598612487,4,4,1013,,results/small/f9_analysis.csv,True,1.0_sgd,0.501974333662389,0.5,1.6595765352249146,0.0,0.0,0.008060932159423828,False,False,False,False,False
True,f8,f8,0.1_adam_wd,0.1,adam,0.0,True,small,42,snapshots_clean/small/f8/0.1_adam_wd/best_epoch_0042.pt,0.0483857728540897,1.0,1.0,1.0,4,13,1013,,results/small/f8_analysis.csv,True,0.1_adam,1.0,1.0,0.0464369393885135,0.0,0.0,0.0019488334655761996,False,False,False,False,False
True,f8,f8,0.1_adam_dp_wd,0.1,adam,0.2,True,small,27,snapshots_clean/small/f8/0.1_adam_dp_wd/best_epoch_0027.pt,0.0780178010463714,0.7470238095238095,0.9166666666666669,0.998761149653122,4,11,1013,,results/small/f8_analysis.csv,True,0.1_adam_dp,0.6083333333333333,0.9444444444444444,0.0920238867402076,0.13869047619047625,-0.027777777777777568,-0.014006085693836198,True,False,True,True,False
True,f8,f8,0.1_sgd_dp_wd,0.1,sgd,0.2,True,small,100,snapshots_clean/small/f8/0.1_sgd_dp_wd/best_epoch_0100.pt,0.0551816448569297,0.6791666666666667,1.0,0.9990089197224976,4,9,1013,,results/small/f8_analysis.csv,True,0.1_sgd_dp,0.6791666666666667,1.0,0.0569046288728714,0.0,0.0,-0.0017229840159416962,False,False,True,False,False
True,f8,f8,0.2_adam_wd,0.2,adam,0.0,True,small,88,snapshots_clean/small/f8/0.2_adam_wd/best_epoch_0088.pt,0.1735799312591552,1.0,1.0,1.0,4,12,1013,,results/small/f8_analysis.csv,True,0.2_adam,1.0,1.0,0.1708852052688598,0.0,0.0,0.0026947259902953824,False,False,False,False,False
True,f8,f8,0.2_adam_dp_wd,0.2,adam,0.2,True,small,29,snapshots_clean/small/f8/0.2_adam_dp_wd/best_epoch_0029.pt,0.210237830877304,0.4801538334978611,0.75,0.873637264618434,4,8,1013,,results/small/f8_analysis.csv,True,0.2_adam_dp,0.8041666666666667,1.0,0.1984689384698867,-0.3240128331688056,-0.25,0.011768892407417297,False,False,False,False,True
True,f8,f8,0.2_sgd_dp_wd,0.2,sgd,0.2,True,small,96,snapshots_clean/small/f8/0.2_sgd_dp_wd/best_epoch_0096.pt,0.1797022521495819,0.6791666666666667,1.0,0.9990089197224976,4,10,1013,,results/small/f8_analysis.csv,True,0.2_sgd_dp,0.6791666666666667,1.0,0.1819236427545547,0.0,0.0,-0.002221390604972784,False,False,True,False,False
True,f8,f8,0.5_adam_wd,0.5,adam,0.0,True,small,98,snapshots_clean/small/f8/0.5_adam_wd/best_epoch_0098.pt,1.0423063039779663,1.0,1.0,1.0,4,14,1013,,results/small/f8_analysis.csv,True,0.5_adam,0.8041666666666667,1.0,1.0312705039978027,0.1958333333333333,0.0,0.011035799980163574,True,False,False,True,False
True,f8,f8,0.5_adam_dp_wd,0.5,adam,0.2,True,small,95,snapshots_clean/small/f8/0.5_adam_dp_wd/best_epoch_0095.pt,1.0687501430511477,0.4009871668311944,0.5,0.8733894945490586,4,6,1013,,results/small/f8_analysis.csv,True,0.5_adam_dp,0.5426538334978611,0.6666666666666666,1.069753885269165,-0.14166666666666672,-0.16666666666666663,-0.001003742218017356,False,False,True,False,True
True,f8,f8,0.5_sgd_dp_wd,0.5,sgd,0.2,True,small,98,snapshots_clean/small/f8/0.5_sgd_dp_wd/best_epoch_0098.pt,1.0375964641571045,0.4801538334978611,0.75,0.8738850346878098,4,6,1013,,results/small/f8_analysis.csv,True,0.5_sgd_dp,0.4801538334978611,0.75,1.0345127582550049,0.0,0.0,0.0030837059020996094,False,False,False,False,False
True,f8,f8,1.0_adam_wd,1.0,adam,0.0,True,small,53,snapshots_clean/small/f8/1.0_adam_wd/best_epoch_0053.pt,4.1057305335998535,0.3769743336623889,0.5,0.7482656095143707,4,7,1013,,results/small/f8_analysis.csv,True,1.0_adam,0.7509871668311945,0.75,4.098049163818359,-0.37401283316880557,-0.25,0.007681369781494141,False,False,False,False,True
True,f8,f8,1.0_adam_dp_wd,1.0,adam,0.2,True,small,25,snapshots_clean/small/f8/1.0_adam_dp_wd/best_epoch_0025.pt,4.124577522277832,0.2936410003290556,0.5,0.7485133795837463,4,6,1013,,results/small/f8_analysis.csv,True,1.0_adam_dp,0.0039486673247778,0.0,4.159257888793945,0.2896923330042778,0.5,-0.03468036651611328,True,True,True,True,False
True,f8,f8,1.0_sgd_dp_wd,1.0,sgd,0.2,True,small,90,snapshots_clean/small/f8/1.0_sgd_dp_wd/best_epoch_0090.pt,4.082263469696045,0.4801538334978611,0.75,0.8740089197224975,4,5,1013,,results/small/f8_analysis.csv,True,1.0_sgd_dp,0.4801538334978611,0.75,4.090480804443359,0.0,0.0,-0.008217334747314453,False,False,True,False,False
True,f8,f8,base_sgd_wd,0.0,sgd,0.0,True,small,42,snapshots_clean/small/f8/base_sgd_wd/best_epoch_0042.pt,0.0044202539138495,1.0,1.0,1.0,4,17,1013,,results/small/f8_analysis.csv,True,base_sgd,1.0,1.0,0.0062412405386567,0.0,0.0,-0.0018209866248072,False,False,True,False,False
True,f8,f8,base_sgd_dp_wd,0.0,sgd,0.2,True,small,54,snapshots_clean/small/f8/base_sgd_dp_wd/best_epoch_0054.pt,0.0354636907577514,0.5666666666666667,0.8500000000000001,0.9982656095143706,4,10,1013,,results/small/f8_analysis.csv,True,base_sgd_dp,0.6458333333333333,1.0,0.0497532486915588,-0.07916666666666661,-0.1499999999999999,-0.0142895579338074,False,False,True,False,True
True,f8,f8,0.1_sgd_wd,0.1,sgd,0.0,True,small,97,snapshots_clean/small/f8/0.1_sgd_wd/best_epoch_0097.pt,0.047947771847248,0.3343205001645278,0.6875,0.8725222993062438,4,9,1013,,results/small/f8_analysis.csv,True,0.1_sgd,0.6458333333333333,0.9375,0.049027219414711,-0.31151283316880546,-0.25,-0.0010794475674629975,False,False,True,False,True
True,f8,f8,0.2_sgd_wd,0.2,sgd,0.0,True,small,98,snapshots_clean/small/f8/0.2_sgd_wd/best_epoch_0098.pt,0.1728769242763519,0.525,1.0,0.998017839444995,4,10,1013,,results/small/f8_analysis.csv,True,0.2_sgd,0.6083333333333333,1.0,0.1737465560436248,-0.08333333333333326,0.0,-0.0008696317672728937,False,False,True,False,True
True,f8,f8,0.5_sgd_wd,0.5,sgd,0.0,True,small,63,snapshots_clean/small/f8/0.5_sgd_wd/best_epoch_0063.pt,1.029873609542847,0.4426538334978611,0.625,0.8736372646184342,4,6,1013,,results/small/f8_analysis.csv,True,0.5_sgd,0.3593205001645277,0.75,1.0403225421905518,0.08333333333333337,-0.125,-0.010448932647704856,True,False,True,True,False
True,f8,f8,1.0_sgd_wd,1.0,sgd,0.0,True,small,28,snapshots_clean/small/f8/1.0_sgd_wd/best_epoch_0028.pt,4.100907802581787,0.2529615004935834,0.25,0.6242566897918731,4,3,1013,,results/small/f8_analysis.csv,True,1.0_sgd,0.2529615004935834,0.25,4.087691783905029,0.0,0.0,0.013216018676757812,False,False,False,False,False
True,f10,f10,0.1_adam_wd,0.1,adam,0.0,True,small,66,snapshots_clean/small/f10/0.1_adam_wd/best_epoch_0066.pt,0.0230836365371942,1.0,1.0,1.0,4,11,1013,,results/small/f10_analysis.csv,True,0.1_adam,1.0,1.0,0.0226199552416801,0.0,0.0,0.0004636812955140998,False,False,False,False,False
True,f10,f10,0.1_adam_dp_wd,0.1,adam,0.2,True,small,44,snapshots_clean/small/f10/0.1_adam_dp_wd/best_epoch_0044.pt,0.0475969836115837,0.6259871668311945,0.625,0.8735133795837463,4,9,1013,,results/small/f10_analysis.csv,True,0.1_adam_dp,0.501974333662389,0.5,0.0490749031305313,0.12401283316880551,0.125,-0.0014779195189475944,True,True,True,True,False
True,f10,f10,0.1_sgd_dp_wd,0.1,sgd,0.2,True,small,100,snapshots_clean/small/f10/0.1_sgd_dp_wd/best_epoch_0100.pt,0.0304849855601787,0.501974333662389,0.5,0.7475222993062438,4,12,1013,,results/small/f10_analysis.csv,True,0.1_sgd_dp,0.501974333662389,0.5,0.0307425968348979,0.0,0.0,-0.0002576112747192001,False,False,True,False,False
True,f10,f10,0.2_adam_wd,0.2,adam,0.0,True,small,53,snapshots_clean/small/f10/0.2_adam_wd/best_epoch_0053.pt,0.0785655081272125,1.0,1.0,1.0,4,11,1013,,results/small/f10_analysis.csv,True,0.2_adam,1.0,1.0,0.077609546482563,0.0,0.0,0.0009559616446494917,False,False,False,False,False
True,f10,f10,0.2_adam_dp_wd,0.2,adam,0.2,True,small,54,snapshots_clean/small/f10/0.2_adam_dp_wd/best_epoch_0054.pt,0.1022426709532737,0.6884871668311945,0.7000000000000001,0.8741328047571854,4,8,1013,,results/small/f10_analysis.csv,True,0.2_adam_dp,0.7509871668311945,0.75,0.1065693944692611,-0.0625,-0.04999999999999993,-0.004326723515987396,False,False,True,False,True
True,f10,f10,0.2_sgd_dp_wd,0.2,sgd,0.2,True,small,97,snapshots_clean/small/f10/0.2_sgd_dp_wd/best_epoch_0097.pt,0.0853505879640579,0.501974333662389,0.5,0.7477700693756195,4,11,1013,,results/small/f10_analysis.csv,True,0.2_sgd_dp,0.501974333662389,0.5,0.0883080512285232,0.0,0.0,-0.0029574632644653043,False,False,True,False,False
True,f10,f10,0.5_adam_wd,0.5,adam,0.0,True,small,95,snapshots_clean/small/f10/0.5_adam_wd/best_epoch_0095.pt,0.471140593290329,0.8166666666666667,0.875,0.9990089197224976,4,12,1013,,results/small/f10_analysis.csv,True,0.5_adam,0.9166666666666666,0.95,0.4667228460311889,-0.09999999999999998,-0.07499999999999996,0.00441774725914007,False,False,False,False,True
True,f10,f10,0.5_adam_dp_wd,0.5,adam,0.2,True,small,74,snapshots_clean/small/f10/0.5_adam_dp_wd/best_epoch_0074.pt,0.4847142696380615,0.6509871668311944,0.6875,0.8735133795837463,4,11,1013,,results/small/f10_analysis.csv,True,0.5_adam_dp,0.6509871668311944,0.625,0.5294044017791748,0.0,0.0625,-0.04469013214111328,False,True,True,False,False
True,f10,f10,0.5_sgd_dp_wd,0.5,sgd,0.2,True,small,85,snapshots_clean/small/f10/0.5_sgd_dp_wd/best_epoch_0085.pt,0.4738126397132873,0.6509871668311944,0.6785714285714286,0.873637264618434,4,10,1013,,results/small/f10_analysis.csv,True,0.5_sgd_dp,0.501974333662389,0.5,0.4733725190162658,0.14901283316880543,0.1785714285714286,0.0004401206970214844,True,True,False,True,False
True,f10,f10,1.0_adam_wd,1.0,adam,0.0,True,small,98,snapshots_clean/small/f10/1.0_adam_wd/best_epoch_0098.pt,1.8556981086730957,0.7509871668311945,0.75,0.8731417244796829,4,18,1013,,results/small/f10_analysis.csv,True,1.0_adam,0.6509871668311944,0.736111111111111,1.851480722427368,0.10000000000000009,0.01388888888888895,0.004217386245727761,True,True,False,True,False
True,f10,f10,1.0_adam_dp_wd,1.0,adam,0.2,True,small,77,snapshots_clean/small/f10/1.0_adam_dp_wd/best_epoch_0077.pt,1.8759703636169431,0.501974333662389,0.5,0.7482656095143706,4,9,1013,,results/small/f10_analysis.csv,True,1.0_adam_dp,0.6081300239740516,0.6388888888888888,1.879551649093628,-0.10615569031166261,-0.13888888888888884,-0.0035812854766847924,False,False,True,False,True
True,f10,f10,1.0_sgd_dp_wd,1.0,sgd,0.2,True,small,90,snapshots_clean/small/f10/1.0_sgd_dp_wd/best_epoch_0090.pt,1.8563456535339355,0.501974333662389,0.5,0.7480178394449951,4,10,1013,,results/small/f10_analysis.csv,True,1.0_sgd_dp,0.501974333662389,0.5,1.85732102394104,0.0,0.0,-0.0009753704071044922,False,False,True,False,False
True,f10,f10,base_sgd_wd,0.0,sgd,0.0,True,small,69,snapshots_clean/small/f10/base_sgd_wd/best_epoch_0069.pt,0.0032590040937066,1.0,1.0,1.0,4,20,1013,,results/small/f10_analysis.csv,True,base_sgd,1.0,1.0,0.0055972235277295,0.0,0.0,-0.0023382194340229,False,False,True,False,False
True,f10,f10,base_sgd_dp_wd,0.0,sgd,0.2,True,small,39,snapshots_clean/small/f10/base_sgd_dp_wd/best_epoch_0039.pt,0.0269046518951654,0.501974333662389,0.5,0.7487611496531219,4,7,1013,,results/small/f10_analysis.csv,True,base_sgd_dp,0.501974333662389,0.5,0.0251033008098602,0.0,0.0,0.0018013510853052,False,False,False,False,False
True,f10,f10,0.1_sgd_wd,0.1,sgd,0.0,True,small,100,snapshots_clean/small/f10/0.1_sgd_wd/best_epoch_0100.pt,0.0243012830615043,1.0,1.0,1.0,4,13,1013,,results/small/f10_analysis.csv,True,0.1_sgd,1.0,1.0,0.0243853479623794,0.0,0.0,-8.406490087509849e-05,False,False,True,False,False
True,f10,f10,0.2_sgd_wd,0.2,sgd,0.0,True,small,100,snapshots_clean/small/f10/0.2_sgd_wd/best_epoch_0100.pt,0.0804285407066345,1.0,1.0,1.0,4,29,1013,,results/small/f10_analysis.csv,True,0.2_sgd,1.0,1.0,0.0795616582036018,0.0,0.0,0.0008668825030326982,False,False,False,False,False
True,f10,f10,0.5_sgd_wd,0.5,sgd,0.0,True,small,100,snapshots_clean/small/f10/0.5_sgd_wd/best_epoch_0100.pt,0.4715171456336975,0.7509871668311945,0.75,0.8747522299306243,4,5,1013,,results/small/f10_analysis.csv,True,0.5_sgd,0.501974333662389,0.5,0.4713056087493896,0.24901283316880551,0.25,0.00021153688430791684,True,True,False,True,False
True,f10,f10,1.0_sgd_wd,1.0,sgd,0.0,True,small,24,snapshots_clean/small/f10/1.0_sgd_wd/best_epoch_0024.pt,1.859358072280884,0.501974333662389,0.5,0.7495044598612487,4,4,1013,,results/small/f10_analysis.csv,True,1.0_sgd,0.501974333662389,0.5,1.8629738092422483,0.0,0.0,-0.003615736961364302,False,False,True,False,False
True,f5,f5,0.1_adam_wd,0.1,adam,0.0,True,small,38,snapshots_clean/small/f5/0.1_adam_wd/best_epoch_0038.pt,0.008282390423119,0.8928571428571428,1.0,0.9992566897918732,4,19,1013,,results/small/f5_analysis.csv,True,0.1_adam,0.875,0.9821428571428572,0.0074374163523316,0.017857142857142794,0.017857142857142794,0.0008449740707874003,True,True,False,True,False
True,f5,f5,0.1_adam_dp_wd,0.1,adam,0.2,True,small,92,snapshots_clean/small/f5/0.1_adam_dp_wd/best_epoch_0092.pt,0.0199780277907848,0.501974333662389,0.5,0.7485133795837462,4,8,1013,,results/small/f5_analysis.csv,True,0.1_adam_dp,0.7509871668311945,0.75,0.0330776087939739,-0.24901283316880551,-0.25,-0.0130995810031891,False,False,True,False,True
True,f5,f5,0.1_sgd_dp_wd,0.1,sgd,0.2,True,small,100,snapshots_clean/small/f5/0.1_sgd_dp_wd/best_epoch_0100.pt,0.0247788894921541,0.6509871668311944,0.6666666666666666,0.8740089197224975,4,7,1013,,results/small/f5_analysis.csv,True,0.1_sgd_dp,0.501974333662389,0.5,0.026256626471877,0.14901283316880543,0.16666666666666663,-0.0014777369797229004,True,True,True,True,False
True,f5,f5,0.2_adam_wd,0.2,adam,0.0,True,small,51,snapshots_clean/small/f5/0.2_adam_wd/best_epoch_0051.pt,0.0229412876069545,0.8928571428571428,1.0,0.9992566897918732,4,12,1013,,results/small/f5_analysis.csv,True,0.2_adam,0.7509871668311945,0.75,0.0228008944541215,0.1418699760259483,0.25,0.00014039315283300227,True,True,False,True,False
True,f5,f5,0.2_adam_dp_wd,0.2,adam,0.2,True,small,78,snapshots_clean/small/f5/0.2_adam_dp_wd/best_epoch_0078.pt,0.0364264510571956,0.501974333662389,0.5,0.7487611496531219,4,7,1013,,results/small/f5_analysis.csv,True,0.2_adam_dp,0.501974333662389,0.5,0.0411046035587787,0.0,0.0,-0.004678152501583099,False,False,True,False,False
True,f5,f5,0.2_sgd_dp_wd,0.2,sgd,0.2,True,small,100,snapshots_clean/small/f5/0.2_sgd_dp_wd/best_epoch_0100.pt,0.0346506796777248,0.95,0.975,0.9997522299306244,4,14,1013,,results/small/f5_analysis.csv,True,0.2_sgd_dp,0.9166666666666666,0.9722222222222222,0.0397587195038795,0.033333333333333326,0.002777777777777768,-0.005108039826154702,True,True,True,True,False
True,f5,f5,0.5_adam_wd,0.5,adam,0.0,True,small,73,snapshots_clean/small/f5/0.5_adam_wd/best_epoch_0073.pt,0.1266553401947021,0.8928571428571428,0.8928571428571428,0.9992566897918732,4,11,1013,,results/small/f5_analysis.csv,True,0.5_adam,0.95,1.0,0.1249885857105255,-0.05714285714285716,-0.1071428571428572,0.0016667544841765941,False,False,False,False,True
True,f5,f5,0.5_adam_dp_wd,0.5,adam,0.2,True,small,80,snapshots_clean/small/f5/0.5_adam_dp_wd/best_epoch_0080.pt,0.1369435787200927,0.501974333662389,0.5,0.7487611496531219,4,7,1013,,results/small/f5_analysis.csv,True,0.5_adam_dp,0.501974333662389,0.5,0.1353280246257782,0.0,0.0,0.001615554094314492,False,False,False,False,False
True,f5,f5,0.5_sgd_dp_wd,0.5,sgd,0.2,True,small,96,snapshots_clean/small/f5/0.5_sgd_dp_wd/best_epoch_0096.pt,0.1367300897836685,0.6081300239740516,0.7115384615384615,0.8721506442021804,4,18,1013,,results/small/f5_analysis.csv,True,0.5_sgd_dp,0.6259871668311945,0.7083333333333334,0.1364485919475555,-0.017857142857142905,0.0032051282051280827,0.00028149783611300383,False,True,False,False,True
True,f5,f5,1.0_adam_wd,1.0,adam,0.0,True,small,49,snapshots_clean/small/f5/1.0_adam_wd/best_epoch_0049.pt,0.491026908159256,1.0,1.0,1.0,4,13,1013,,results/small/f5_analysis.csv,True,1.0_adam,0.8303571428571428,0.975,0.4898761212825775,0.1696428571428572,0.025000000000000022,0.0011507868766784668,True,True,False,True,False
True,f5,f5,1.0_adam_dp_wd,1.0,adam,0.2,True,small,97,snapshots_clean/small/f5/1.0_adam_dp_wd/best_epoch_0097.pt,0.5040277242660522,0.501974333662389,0.5,0.7490089197224976,4,6,1013,,results/small/f5_analysis.csv,True,1.0_adam_dp,0.501974333662389,0.5,0.5061147809028625,0.0,0.0,-0.0020870566368103027,False,False,True,False,False
True,f5,f5,1.0_sgd_dp_wd,1.0,sgd,0.2,True,small,98,snapshots_clean/small/f5/1.0_sgd_dp_wd/best_epoch_0098.pt,0.501008152961731,0.7986111111111112,0.75,0.9985133795837462,4,10,1013,,results/small/f5_analysis.csv,True,1.0_sgd_dp,0.875,0.8333333333333334,0.5050577521324158,-0.07638888888888884,-0.08333333333333337,-0.0040495991706848145,False,False,True,False,True
True,f5,f5,base_sgd_wd,0.0,sgd,0.0,True,small,93,snapshots_clean/small/f5/base_sgd_wd/best_epoch_0093.pt,0.0027293546590954,0.7509871668311945,0.75,0.8737611496531219,4,13,1013,,results/small/f5_analysis.csv,True,base_sgd,0.8875,1.0,0.0032948597799986,-0.13651283316880547,-0.25,-0.0005655051209031998,False,False,True,False,True
True,f5,f5,base_sgd_dp_wd,0.0,sgd,0.2,True,small,89,snapshots_clean/small/f5/base_sgd_dp_wd/best_epoch_0089.pt,0.0159373935312032,0.501974333662389,0.5,0.7487611496531219,4,7,1013,,results/small/f5_analysis.csv,True,base_sgd_dp,0.7509871668311945,0.75,0.0231671836227178,-0.24901283316880551,-0.25,-0.007229790091514598,False,False,True,False,True
True,f5,f5,0.1_sgd_wd,0.1,sgd,0.0,True,small,100,snapshots_clean/small/f5/0.1_sgd_wd/best_epoch_0100.pt,0.0085052847862243,0.7541666666666667,0.8,0.9970267591674924,4,17,1013,,results/small/f5_analysis.csv,True,0.1_sgd,0.7986111111111112,0.9807692307692308,0.0077754245139658,-0.04444444444444451,-0.1807692307692308,0.0007298602722584993,False,False,False,False,True
True,f5,f5,0.2_sgd_wd,0.2,sgd,0.0,True,small,100,snapshots_clean/small/f5/0.2_sgd_wd/best_epoch_0100.pt,0.0231880880892276,0.8875,1.0,0.9995044598612488,4,15,1013,,results/small/f5_analysis.csv,True,0.2_sgd,0.8166666666666667,0.9705882352941176,0.0232519265264272,0.0708333333333333,0.02941176470588236,-6.383843719959953e-05,True,True,True,True,False
True,f5,f5,0.5_sgd_wd,0.5,sgd,0.0,True,small,94,snapshots_clean/small/f5/0.5_sgd_wd/best_epoch_0094.pt,0.1253062486648559,1.0,1.0,1.0,4,8,1013,,results/small/f5_analysis.csv,True,0.5_sgd,0.8166666666666667,1.0,0.125823512673378,0.18333333333333335,0.0,-0.0005172640085220892,True,False,True,True,False
True,f5,f5,1.0_sgd_wd,1.0,sgd,0.0,True,small,78,snapshots_clean/small/f5/1.0_sgd_wd/best_epoch_0078.pt,0.4920936822891235,0.501974333662389,0.5,0.7492566897918732,4,5,1013,,results/small/f5_analysis.csv,True,1.0_sgd,0.8541666666666666,0.9375,0.4909240305423736,-0.35219233300427766,-0.4375,0.001169651746749878,False,False,False,False,True
True,f2,f2,0.1_adam_wd,0.1,adam,0.0,True,small,100,snapshots_clean/small/f2/0.1_adam_wd/best_epoch_0100.pt,0.0163332503288984,0.2936410003290556,0.5,0.7467789890981169,4,13,1013,,results/small/f2_analysis.csv,True,0.1_adam,0.2936410003290556,0.5,0.0168689414858818,0.0,0.0,-0.0005356911569833998,False,False,True,False,False
True,f2,f2,0.1_adam_dp_wd,0.1,adam,0.2,True,small,50,snapshots_clean/small/f2/0.1_adam_dp_wd/best_epoch_0050.pt,0.036151323467493,0.2103076669957223,0.4375,0.746778989098117,4,11,1013,,results/small/f2_analysis.csv,True,0.1_adam_dp,0.2103076669957223,0.4375,0.0372624844312667,0.0,0.0,-0.0011111609637736997,False,False,True,False,False
True,f2,f2,0.1_sgd_dp_wd,0.1,sgd,0.2,True,small,97,snapshots_clean/small/f2/0.1_sgd_dp_wd/best_epoch_0097.pt,0.0354131534695625,0.2269743336623889,0.46875,0.7465312190287413,4,12,1013,,results/small/f2_analysis.csv,True,0.1_sgd_dp,0.2103076669957223,0.4444444444444444,0.0394156724214553,0.016666666666666607,0.02430555555555558,-0.004002518951892797,True,True,True,True,False
True,f2,f2,0.2_adam_wd,0.2,adam,0.0,True,small,86,snapshots_clean/small/f2/0.2_adam_wd/best_epoch_0086.pt,0.0371271483600139,0.2936410003290556,0.5,0.7472745292368682,4,11,1013,,results/small/f2_analysis.csv,True,0.2_adam,0.2936410003290556,0.5,0.0393836386501789,0.0,0.0,-0.002256490290165003,False,False,True,False,False
True,f2,f2,0.2_adam_dp_wd,0.2,adam,0.2,True,small,86,snapshots_clean/small/f2/0.2_adam_dp_wd/best_epoch_0086.pt,0.0565162114799022,0.2103076669957223,0.4375,0.746778989098117,4,11,1013,,results/small/f2_analysis.csv,True,0.2_adam_dp,0.4801538334978611,0.75,0.1107945516705513,-0.26984616650213883,-0.3125,-0.0542783401906491,False,False,True,False,True
True,f2,f2,0.2_sgd_dp_wd,0.2,sgd,0.2,True,small,91,snapshots_clean/small/f2/0.2_sgd_dp_wd/best_epoch_0091.pt,0.0650936812162399,0.1408632225512778,0.3846153846153846,0.7438057482656095,4,18,1013,,results/small/f2_analysis.csv,True,0.2_sgd_dp,0.1853076669957222,0.3928571428571428,0.056938212364912,-0.0444444444444444,-0.008241758241758212,0.008155468851327903,False,False,False,False,True
True,f2,f2,0.5_adam_wd,0.5,adam,0.0,True,small,33,snapshots_clean/small/f2/0.5_adam_wd/best_epoch_0033.pt,0.1889459490776062,0.2519743336623889,0.4583333333333333,0.7475222993062437,4,9,1013,,results/small/f2_analysis.csv,True,0.5_adam,0.2936410003290556,0.5,0.1893855333328247,-0.041666666666666685,-0.041666666666666685,-0.00043958425521850586,False,False,True,False,True
True,f2,f2,0.5_adam_dp_wd,0.5,adam,0.2,True,small,31,snapshots_clean/small/f2/0.5_adam_dp_wd/best_epoch_0031.pt,0.2132646888494491,0.6051538334978611,0.6875,0.8735133795837463,4,11,1013,,results/small/f2_analysis.csv,True,0.5_adam_dp,0.4186410003290556,0.475,0.2153594493865966,0.18651283316880551,0.21250000000000002,-0.0020947605371474942,True,True,True,True,False
True,f2,f2,0.5_sgd_dp_wd,0.5,sgd,0.2,True,small,93,snapshots_clean/small/f2/0.5_sgd_dp_wd/best_epoch_0093.pt,0.2041573226451873,0.2519743336623889,0.475,0.7465312190287413,4,13,1013,,results/small/f2_analysis.csv,True,0.5_sgd_dp,0.4426538334978611,0.7250000000000001,0.2021372318267822,-0.19067949983547217,-0.2500000000000001,0.002020090818405096,False,False,False,False,True
True,f2,f2,1.0_adam_wd,1.0,adam,0.0,True,small,86,snapshots_clean/small/f2/1.0_adam_wd/best_epoch_0086.pt,0.7250733971595764,0.2103076669957223,0.4444444444444444,0.7462834489593657,4,13,1013,,results/small/f2_analysis.csv,True,1.0_adam,0.4176538334978611,0.7045454545454545,0.7184365391731262,-0.20734616650213883,-0.26010101010101006,0.006636857986450195,False,False,False,False,True
True,f2,f2,1.0_adam_dp_wd,1.0,adam,0.2,True,small,97,snapshots_clean/small/f2/1.0_adam_dp_wd/best_epoch_0097.pt,0.7421267032623291,0.2519743336623889,0.4722222222222222,0.7467789890981169,4,12,1013,,results/small/f2_analysis.csv,True,1.0_adam_dp,0.4186410003290556,0.46875,0.7431082129478455,-0.16666666666666669,0.00347222222222221,-0.0009815096855163574,False,True,True,False,True
True,f2,f2,1.0_sgd_dp_wd,1.0,sgd,0.2,True,small,90,snapshots_clean/small/f2/1.0_sgd_dp_wd/best_epoch_0090.pt,0.7302083969116211,0.2269743336623889,0.475,0.74603567888999,4,14,1013,,results/small/f2_analysis.csv,True,1.0_sgd_dp,0.2269743336623889,0.475,0.7314799427986145,0.0,0.0,-0.0012715458869934082,False,False,True,False,False
True,f2,f2,base_sgd_wd,0.0,sgd,0.0,True,small,47,snapshots_clean/small/f2/base_sgd_wd/best_epoch_0047.pt,0.0069909617304801,0.2936410003290556,0.5,0.7475222993062439,4,10,1013,,results/small/f2_analysis.csv,True,base_sgd,0.2269743336623889,0.4375,0.0105325644835829,0.06666666666666671,0.0625,-0.0035416027531028,True,True,True,True,False
True,f2,f2,base_sgd_dp_wd,0.0,sgd,0.2,True,small,96,snapshots_clean/small/f2/base_sgd_dp_wd/best_epoch_0096.pt,0.0302360840141773,0.2103076669957223,0.4285714285714286,0.7470267591674926,4,10,1013,,results/small/f2_analysis.csv,True,base_sgd_dp,0.4426538334978611,0.7272727272727272,0.0297614354640245,-0.2323461665021388,-0.2987012987012986,0.0004746485501528029,False,False,False,False,True
True,f2,f2,0.1_sgd_wd,0.1,sgd,0.0,True,small,100,snapshots_clean/small/f2/0.1_sgd_wd/best_epoch_0100.pt,0.0168590620160102,0.2269743336623889,0.4821428571428571,0.7447968285431119,4,19,1013,,results/small/f2_analysis.csv,True,0.1_sgd,0.1567362384242936,0.4545454545454545,0.0161511320620775,0.0702380952380953,0.02759740259740262,0.0007079299539326997,True,True,False,True,False
True,f2,f2,0.2_sgd_wd,0.2,sgd,0.0,True,small,99,snapshots_clean/small/f2/0.2_sgd_wd/best_epoch_0099.pt,0.0426908507943153,0.2103076669957222,0.4,0.7472745292368681,4,9,1013,,results/small/f2_analysis.csv,True,0.2_sgd,0.3447371668311945,0.5833333333333334,0.0386410318315029,-0.13442949983547228,-0.18333333333333335,0.004049818962812403,False,False,False,False,True
True,f2,f2,0.5_sgd_wd,0.5,sgd,0.0,True,small,98,snapshots_clean/small/f2/0.5_sgd_wd/best_epoch_0098.pt,0.1877287626266479,0.1478076669957223,0.25,0.7460356788899902,4,10,1013,,results/small/f2_analysis.csv,True,0.5_sgd,0.0862948338269167,0.2083333333333333,0.1874453574419021,0.061512833168805583,0.04166666666666671,0.0002834051847457886,True,True,False,True,False
True,f2,f2,1.0_sgd_wd,1.0,sgd,0.0,True,small,99,snapshots_clean/small/f2/1.0_sgd_wd/best_epoch_0099.pt,0.7213500142097473,0.2936410003290556,0.5,0.7485133795837463,4,6,1013,,results/small/f2_analysis.csv,True,1.0_sgd,0.1279615004935834,0.25,0.7185471653938293,0.1656794998354722,0.25,0.0028028488159179688,True,True,False,True,False
True,f3,f3,0.1_adam_wd,0.1,adam,0.0,True,small,51,snapshots_clean/small/f3/0.1_adam_wd/best_epoch_0051.pt,0.0426878929138183,0.3968205001645278,0.75,0.8705401387512388,4,15,1013,,results/small/f3_analysis.csv,True,0.1_adam,0.5436720142602496,0.8928571428571428,0.0561395436525344,-0.14685151409572178,-0.1428571428571428,-0.013451650738716105,False,False,True,False,True
True,f3,f3,0.1_adam_dp_wd,0.1,adam,0.2,True,small,95,snapshots_clean/small/f3/0.1_adam_dp_wd/best_epoch_0095.pt,0.1271847635507583,0.2529615004935834,0.25,0.6179385530227949,4,20,1013,,results/small/f3_analysis.csv,True,0.1_adam_dp,0.2529615004935834,0.25,0.1390279680490493,0.0,0.0,-0.011843204498290988,False,False,True,False,False
True,f3,f3,0.1_sgd_dp_wd,0.1,sgd,0.2,True,small,71,snapshots_clean/small/f3/0.1_sgd_dp_wd/best_epoch_0071.pt,0.0938564166426658,0.2529615004935834,0.25,0.6205401387512388,4,13,1013,,results/small/f3_analysis.csv,True,0.1_sgd_dp,0.2529615004935834,0.25,0.1007763296365737,0.0,0.0,-0.006919912993907901,False,False,True,False,False
True,f3,f3,0.2_adam_wd,0.2,adam,0.0,True,small,48,snapshots_clean/small/f3/0.2_adam_wd/best_epoch_0048.pt,0.1185124069452285,0.575,0.9642857142857144,0.9970267591674924,4,16,1013,,results/small/f3_analysis.csv,True,0.2_adam,0.5009871668311945,0.75,0.1127536669373512,0.07401283316880547,0.2142857142857144,0.005758740007877294,True,True,False,True,False
True,f3,f3,0.2_adam_dp_wd,0.2,adam,0.2,True,small,78,snapshots_clean/small/f3/0.2_adam_dp_wd/best_epoch_0078.pt,0.183340236544609,0.2529615004935834,0.25,0.6194251734390486,4,16,1013,,results/small/f3_analysis.csv,True,0.2_adam_dp,0.2529615004935834,0.25,0.1767988801002502,0.0,0.0,0.006541356444358798,False,False,False,False,False
True,f3,f3,0.2_sgd_dp_wd,0.2,sgd,0.2,True,small,58,snapshots_clean/small/f3/0.2_sgd_dp_wd/best_epoch_0058.pt,0.171687364578247,0.2529615004935834,0.25,0.6209117938553023,4,12,1013,,results/small/f3_analysis.csv,True,0.2_sgd_dp,0.2529615004935834,0.25,0.1679660826921463,0.0,0.0,0.0037212818861006858,False,False,False,False,False
True,f3,f3,0.5_adam_wd,0.5,adam,0.0,True,small,71,snapshots_clean/small/f3/0.5_adam_wd/best_epoch_0071.pt,0.6232690811157227,0.6051538334978611,0.75,0.873017839444995,4,15,1013,,results/small/f3_analysis.csv,True,0.5_adam,0.6394230769230769,0.75,0.632619321346283,-0.034269243425215756,0.0,-0.009350240230560303,False,False,True,False,True
True,f3,f3,0.5_adam_dp_wd,0.5,adam,0.2,True,small,99,snapshots_clean/small/f3/0.5_adam_dp_wd/best_epoch_0099.pt,0.6809240579605103,0.2529615004935834,0.25,0.6212834489593657,4,11,1013,,results/small/f3_analysis.csv,True,0.5_adam_dp,0.2529615004935834,0.25,0.7063572406768799,0.0,0.0,-0.02543318271636963,False,False,True,False,False
True,f3,f3,0.5_sgd_dp_wd,0.5,sgd,0.2,True,small,90,snapshots_clean/small/f3/0.5_sgd_dp_wd/best_epoch_0090.pt,0.6619454026222229,0.2529615004935834,0.25,0.6205401387512388,4,13,1013,,results/small/f3_analysis.csv,True,0.5_sgd_dp,0.2529615004935834,0.25,0.6685602068901062,0.0,0.0,-0.006614804267883301,False,False,True,False,False
True,f3,f3,1.0_adam_wd,1.0,adam,0.0,True,small,50,snapshots_clean/small/f3/1.0_adam_wd/best_epoch_0050.pt,2.424116373062134,0.38154272238675,0.5,0.8705401387512389,4,11,1013,,results/small/f3_analysis.csv,True,1.0_adam,0.3816689850130126,0.5833333333333334,2.4210729598999023,-0.00012626262626258544,-0.08333333333333337,0.0030434131622314453,False,False,False,False,False
True,f3,f3,1.0_adam_dp_wd,1.0,adam,0.2,True,small,15,snapshots_clean/small/f3/1.0_adam_dp_wd/best_epoch_0015.pt,2.4789090156555176,0.2529615004935834,0.25,0.6216551040634292,4,10,1013,,results/small/f3_analysis.csv,True,1.0_adam_dp,0.1279615004935834,0.234375,2.49678897857666,0.125,0.015625,-0.017879962921142578,True,True,True,True,False
True,f3,f3,1.0_sgd_dp_wd,1.0,sgd,0.2,True,small,47,snapshots_clean/small/f3/1.0_sgd_dp_wd/best_epoch_0047.pt,2.449758768081665,0.2529615004935834,0.25,0.6209117938553023,4,12,1013,,results/small/f3_analysis.csv,True,1.0_sgd_dp,0.2529615004935834,0.25,2.449673891067505,0.0,0.0,8.487701416015625e-05,False,False,False,False,False
True,f3,f3,base_sgd_wd,0.0,sgd,0.0,True,small,58,snapshots_clean/small/f3/base_sgd_wd/best_epoch_0058.pt,0.0166604854166507,0.4896103896103896,0.8125,0.994796828543112,4,18,1013,,results/small/f3_analysis.csv,True,base_sgd,0.5179924242424243,0.9,0.0200458634644746,-0.028382034632034703,-0.08750000000000002,-0.0033853780478239025,False,False,True,False,True
True,f3,f3,base_sgd_dp_wd,0.0,sgd,0.2,True,small,56,snapshots_clean/small/f3/base_sgd_dp_wd/best_epoch_0056.pt,0.0778510645031929,0.2529615004935834,0.25,0.6212834489593657,4,11,1013,,results/small/f3_analysis.csv,True,base_sgd_dp,0.2529615004935834,0.25,0.0991287603974342,0.0,0.0,-0.021277695894241305,False,False,True,False,False
True,f3,f3,0.1_sgd_wd,0.1,sgd,0.0,True,small,100,snapshots_clean/small/f3/0.1_sgd_wd/best_epoch_0100.pt,0.0414132513105869,0.7509871668311945,0.75,0.8733894945490585,4,16,1013,,results/small/f3_analysis.csv,True,0.1_sgd,0.6742424242424243,0.9444444444444444,0.0470087677240371,0.07674474258877018,-0.19444444444444442,-0.0055955164134501995,True,False,True,True,False
True,f3,f3,0.2_sgd_wd,0.2,sgd,0.0,True,small,97,snapshots_clean/small/f3/0.2_sgd_wd/best_epoch_0097.pt,0.1244156584143638,0.6051538334978611,0.75,0.8735133795837463,4,11,1013,,results/small/f3_analysis.csv,True,0.2_sgd,0.7509871668311945,0.75,0.1170591786503791,-0.14583333333333337,0.0,0.007356479763984708,False,False,False,False,True
True,f3,f3,0.5_sgd_wd,0.5,sgd,0.0,True,small,97,snapshots_clean/small/f3/0.5_sgd_wd/best_epoch_0097.pt,0.6218918561935425,0.5426538334978611,0.6499999999999999,0.8732656095143707,4,9,1013,,results/small/f3_analysis.csv,True,0.5_sgd,0.4759871668311944,0.75,0.6208323836326599,0.06666666666666671,-0.10000000000000009,0.0010594725608825684,True,False,False,True,False
True,f3,f3,1.0_sgd_wd,1.0,sgd,0.0,True,small,66,snapshots_clean/small/f3/1.0_sgd_wd/best_epoch_0066.pt,2.4313805103302,0.3353076669957223,0.5,0.7477700693756194,4,7,1013,,results/small/f3_analysis.csv,True,1.0_sgd,0.3519743336623889,0.5,2.423171281814575,-0.016666666666666607,0.0,0.008209228515625,False,False,False,False,True
True,f4,f4,0.1_adam_wd,0.1,adam,0.0,True,small,39,snapshots_clean/small/f4/0.1_adam_wd/best_epoch_0039.pt,0.0444807335734367,0.5519743336623889,0.6,0.7972222222222223,5,16,1013,,results/small/f4_analysis.csv,True,0.1_adam,0.6652728811169089,0.8,0.0398167744278907,-0.11329854745451995,-0.20000000000000007,0.004663959145546001,False,False,False,False,True
True,f4,f4,0.1_adam_dp_wd,0.1,adam,0.2,True,small,68,snapshots_clean/small/f4/0.1_adam_dp_wd/best_epoch_0068.pt,0.1097380220890045,0.4029615004935834,0.4,0.6958333333333333,5,16,1013,,results/small/f4_analysis.csv,True,0.1_adam_dp,0.4029615004935834,0.4,0.1141252741217613,0.0,0.0,-0.0043872520327567915,False,False,True,False,False
True,f4,f4,0.1_sgd_dp_wd,0.1,sgd,0.2,True,small,66,snapshots_clean/small/f4/0.1_sgd_dp_wd/best_epoch_0066.pt,0.0911970734596252,0.4029615004935834,0.4,0.6970238095238095,5,12,1013,,results/small/f4_analysis.csv,True,0.1_sgd_dp,0.4029615004935834,0.4,0.1094177439808845,0.0,0.0,-0.018220670521259294,False,False,True,False,False
True,f4,f4,0.2_adam_wd,0.2,adam,0.0,True,small,88,snapshots_clean/small/f4/0.2_adam_wd/best_epoch_0088.pt,0.1271090060472488,0.6843205001645278,0.8,0.8979166666666667,5,19,1013,,results/small/f4_analysis.csv,True,0.2_adam,0.6543205001645278,0.8,0.1216008514165878,0.030000000000000027,0.0,0.005508154630661011,True,False,False,True,False
True,f4,f4,0.2_adam_dp_wd,0.2,adam,0.2,True,small,84,snapshots_clean/small/f4/0.2_adam_dp_wd/best_epoch_0084.pt,0.2001547366380691,0.4029615004935834,0.4,0.6937499999999999,5,23,1013,,results/small/f4_analysis.csv,True,0.2_adam_dp,0.4029615004935834,0.4,0.2368485331535339,0.0,0.0,-0.03669379651546481,False,False,True,False,False
True,f4,f4,0.2_sgd_dp_wd,0.2,sgd,0.2,True,small,63,snapshots_clean/small/f4/0.2_sgd_dp_wd/best_epoch_0063.pt,0.1752069890499115,0.4029615004935834,0.4,0.6973214285714285,5,11,1013,,results/small/f4_analysis.csv,True,0.2_sgd_dp,0.4029615004935834,0.4,0.1925624758005142,0.0,0.0,-0.017355486750602694,False,False,True,False,False
True,f4,f4,0.5_adam_wd,0.5,adam,0.0,True,small,75,snapshots_clean/small/f4/0.5_adam_wd/best_epoch_0075.pt,0.6783073544502258,0.5543205001645277,0.8,0.898015873015873,5,12,1013,,results/small/f4_analysis.csv,True,0.5_adam,0.7569230769230768,0.8857142857142857,0.6844547390937805,-0.2026025767585491,-0.08571428571428563,-0.0061473846435546875,False,False,True,False,True
True,f4,f4,0.5_adam_dp_wd,0.5,adam,0.2,True,small,87,snapshots_clean/small/f4/0.5_adam_dp_wd/best_epoch_0087.pt,0.7450866103172302,0.4029615004935834,0.4,0.6973214285714285,5,11,1013,,results/small/f4_analysis.csv,True,0.5_adam_dp,0.4029615004935834,0.4,0.8076313138008118,0.0,0.0,-0.06254470348358154,False,False,True,False,False
True,f4,f4,0.5_sgd_dp_wd,0.5,sgd,0.2,True,small,61,snapshots_clean/small/f4/0.5_sgd_dp_wd/best_epoch_0061.pt,0.7121406197547913,0.2039486673247779,0.2,0.596031746031746,5,11,1013,,results/small/f4_analysis.csv,True,0.5_sgd_dp,0.2039486673247779,0.2,0.7501571178436279,0.0,0.0,-0.03801649808883667,False,False,True,False,False
True,f4,f4,1.0_adam_wd,1.0,adam,0.0,True,small,77,snapshots_clean/small/f4/1.0_adam_wd/best_epoch_0077.pt,2.614914655685425,0.3543552860433413,0.4666666666666667,0.7972222222222223,5,9,1013,,results/small/f4_analysis.csv,True,1.0_adam,0.2474059449380278,0.2666666666666667,2.6279590129852295,0.10694934110531351,0.19999999999999996,-0.013044357299804688,True,True,True,True,False
True,f4,f4,1.0_adam_dp_wd,1.0,adam,0.2,True,small,84,snapshots_clean/small/f4/1.0_adam_dp_wd/best_epoch_0084.pt,2.6984407901763916,0.2039486673247779,0.2,0.5968253968253968,5,9,1013,,results/small/f4_analysis.csv,True,1.0_adam_dp,0.2039486673247779,0.2,2.727968692779541,0.0,0.0,-0.029527902603149414,False,False,True,False,False
True,f4,f4,1.0_sgd_dp_wd,1.0,sgd,0.2,True,small,74,snapshots_clean/small/f4/1.0_sgd_dp_wd/best_epoch_0074.pt,2.645158529281616,0.2039486673247779,0.2,0.5948412698412698,5,14,1013,,results/small/f4_analysis.csv,True,1.0_sgd_dp,0.2039486673247779,0.2,2.6352953910827637,0.0,0.0,0.009863138198852539,False,False,False,False,False
True,f4,f4,base_sgd_wd,0.0,sgd,0.0,True,small,55,snapshots_clean/small/f4/base_sgd_wd/best_epoch_0055.pt,0.014981054700911,0.3319743336623889,0.52,0.7952380952380953,5,15,1013,,results/small/f4_analysis.csv,True,base_sgd,0.381974333662389,0.6,0.025907838717103,-0.0500000000000001,-0.07999999999999996,-0.010926784016192001,False,False,True,False,True
True,f4,f4,base_sgd_dp_wd,0.0,sgd,0.2,True,small,51,snapshots_clean/small/f4/base_sgd_dp_wd/best_epoch_0051.pt,0.0875504910945892,0.4029615004935834,0.4,0.6967261904761904,5,13,1013,,results/small/f4_analysis.csv,True,base_sgd_dp,0.4029615004935834,0.4,0.0873671993613243,0.0,0.0,0.00018329173326490922,False,False,False,False,False
True,f4,f4,0.1_sgd_wd,0.1,sgd,0.0,True,small,100,snapshots_clean/small/f4/0.1_sgd_wd/best_epoch_0100.pt,0.0516315661370754,0.7100000000000001,0.8941176470588236,0.9974206349206348,5,23,1013,,results/small/f4_analysis.csv,True,0.1_sgd,0.492156862745098,0.961904761904762,0.0475481115281581,0.21784313725490206,-0.06778711484593847,0.004083454608917306,True,False,False,True,False
True,f4,f4,0.2_sgd_wd,0.2,sgd,0.0,True,small,100,snapshots_clean/small/f4/0.2_sgd_wd/best_epoch_0100.pt,0.1268268376588821,0.4667014525454802,0.7500000000000001,0.8967261904761905,5,15,1013,,results/small/f4_analysis.csv,True,0.2_sgd,0.321974333662389,0.42,0.129937931895256,0.1447271188830912,0.3300000000000001,-0.0031110942363738736,True,True,True,True,False
True,f4,f4,0.5_sgd_wd,0.5,sgd,0.0,True,small,87,snapshots_clean/small/f4/0.5_sgd_wd/best_epoch_0087.pt,0.6785255074501038,0.551974333662389,0.5333333333333333,0.7992063492063493,5,6,1013,,results/small/f4_analysis.csv,True,0.5_sgd,0.381974333662389,0.6,0.6781335473060608,0.17000000000000004,-0.06666666666666665,0.00039196014404296875,True,False,False,True,False
True,f4,f4,1.0_sgd_wd,1.0,sgd,0.0,True,small,61,snapshots_clean/small/f4/1.0_sgd_wd/best_epoch_0061.pt,2.624370813369751,0.3029615004935834,0.4,0.6987103174603174,5,5,1013,,results/small/f4_analysis.csv,True,1.0_sgd,0.2039486673247779,0.2,2.6359989643096924,0.09901283316880549,0.2,-0.011628150939941406,True,True,True,True,False
True,f6,f6,0.1_adam_wd,0.1,adam,0.0,True,small,95,snapshots_clean/small/f6/0.1_adam_wd/best_epoch_0095.pt,0.1290854215621948,0.5247966906407182,0.75,0.8727700693756195,4,11,1013,,results/small/f6_analysis.csv,True,0.1_adam,0.8303571428571428,1.0,0.128689706325531,-0.3055604522164246,-0.25,0.0003957152366637906,False,False,False,False,True
True,f6,f6,0.1_adam_dp_wd,0.1,adam,0.2,True,small,17,snapshots_clean/small/f6/0.1_adam_dp_wd/best_epoch_0017.pt,0.3109475076198578,0.501974333662389,0.5,0.7490089197224976,4,6,1013,,results/small/f6_analysis.csv,True,0.1_adam_dp,0.501974333662389,0.5,0.2835760414600372,0.0,0.0,0.027371466159820612,False,False,False,False,False
True,f6,f6,0.1_sgd_dp_wd,0.1,sgd,0.2,True,small,28,snapshots_clean/small/f6/0.1_sgd_dp_wd/best_epoch_0028.pt,0.2272087037563324,0.4186410003290555,0.4807692307692308,0.7465312190287413,4,15,1013,,results/small/f6_analysis.csv,True,0.1_sgd_dp,0.501974333662389,0.5,0.210358127951622,-0.08333333333333348,-0.019230769230769218,0.016850575804710388,False,False,False,False,True
True,f6,f6,0.2_adam_wd,0.2,adam,0.0,True,small,50,snapshots_clean/small/f6/0.2_adam_wd/best_epoch_0050.pt,0.481070727109909,0.4753461411901688,0.53125,0.8709117938553023,4,14,1013,,results/small/f6_analysis.csv,True,0.2_adam,0.7928571428571428,0.9583333333333334,0.4714323282241821,-0.317511001666974,-0.42708333333333337,0.009638398885726929,False,False,False,False,True
True,f6,f6,0.2_adam_dp_wd,0.2,adam,0.2,True,small,43,snapshots_clean/small/f6/0.2_adam_dp_wd/best_epoch_0043.pt,0.6454187035560608,0.501974333662389,0.5,0.7487611496531219,4,7,1013,,results/small/f6_analysis.csv,True,0.2_adam_dp,0.501974333662389,0.5,0.6740108728408813,0.0,0.0,-0.028592169284820557,False,False,True,False,False
True,f6,f6,0.2_sgd_dp_wd,0.2,sgd,0.2,True,small,18,snapshots_clean/small/f6/0.2_sgd_dp_wd/best_epoch_0018.pt,0.5783730149269104,0.501974333662389,0.5,0.7475222993062438,4,12,1013,,results/small/f6_analysis.csv,True,0.2_sgd_dp,0.501974333662389,0.5,0.5360322594642639,0.0,0.0,0.042340755462646484,False,False,False,False,False
True,f6,f6,0.5_adam_wd,0.5,adam,0.0,True,small,55,snapshots_clean/small/f6/0.5_adam_wd/best_epoch_0055.pt,2.8812100887298584,0.501974333662389,0.5,0.7485133795837462,4,8,1013,,results/small/f6_analysis.csv,True,0.5_adam,0.3519743336623889,0.35,2.901869773864746,0.15000000000000008,0.15000000000000002,-0.020659685134887695,True,True,True,True,False
True,f6,f6,0.5_adam_dp_wd,0.5,adam,0.2,True,small,66,snapshots_clean/small/f6/0.5_adam_dp_wd/best_epoch_0066.pt,2.975526809692383,0.4186410003290556,0.4722222222222222,0.7475222993062438,4,11,1013,,results/small/f6_analysis.csv,True,0.5_adam_dp,0.501974333662389,0.5,2.9825804233551025,-0.08333333333333337,-0.02777777777777779,-0.0070536136627197266,False,False,True,False,True
True,f6,f6,0.5_sgd_dp_wd,0.5,sgd,0.2,True,small,29,snapshots_clean/small/f6/0.5_sgd_dp_wd/best_epoch_0029.pt,2.844280242919922,0.501974333662389,0.5,0.7480178394449951,4,10,1013,,results/small/f6_analysis.csv,True,0.5_sgd_dp,0.501974333662389,0.5,2.894472599029541,0.0,0.0,-0.05019235610961914,False,False,True,False,False
True,f6,f6,1.0_adam_wd,1.0,adam,0.0,True,small,8,snapshots_clean/small/f6/1.0_adam_wd/best_epoch_0008.pt,11.378901481628418,0.3519743336623889,0.375,0.7477700693756194,4,8,1013,,results/small/f6_analysis.csv,True,1.0_adam,0.2529615004935834,0.25,11.326236724853516,0.09901283316880549,0.125,0.052664756774902344,True,True,False,True,False
True,f6,f6,1.0_adam_dp_wd,1.0,adam,0.2,True,small,22,snapshots_clean/small/f6/1.0_adam_dp_wd/best_epoch_0022.pt,11.380708694458008,0.501974333662389,0.5,0.7487611496531219,4,7,1013,,results/small/f6_analysis.csv,True,1.0_adam_dp,0.501974333662389,0.5,11.316679954528809,0.0,0.0,0.06402873992919922,False,False,False,False,False
True,f6,f6,1.0_sgd_dp_wd,1.0,sgd,0.2,True,small,69,snapshots_clean/small/f6/1.0_sgd_dp_wd/best_epoch_0069.pt,11.21208381652832,0.501974333662389,0.5,0.7492566897918732,4,5,1013,,results/small/f6_analysis.csv,True,1.0_sgd_dp,0.2529615004935834,0.25,11.233232498168944,0.24901283316880557,0.25,-0.021148681640623224,True,True,True,True,False
True,f6,f6,base_sgd_wd,0.0,sgd,0.0,True,small,70,snapshots_clean/small/f6/base_sgd_wd/best_epoch_0070.pt,0.006672263611108,0.4858356516796793,0.6499999999999999,0.8710356788899901,4,17,1013,,results/small/f6_analysis.csv,True,base_sgd,0.5691689850130126,0.6346153846153846,0.0100900623947381,-0.08333333333333331,0.01538461538461533,-0.0034177987836301006,False,True,True,False,True
True,f6,f6,base_sgd_dp_wd,0.0,sgd,0.2,True,small,7,snapshots_clean/small/f6/base_sgd_dp_wd/best_epoch_0007.pt,0.1655771136283874,0.4186410003290556,0.4375,0.7487611496531219,4,6,1013,,results/small/f6_analysis.csv,True,base_sgd_dp,0.3769743336623889,0.4,0.1611206382513046,0.041666666666666685,0.03749999999999998,0.004456475377082797,True,True,False,True,False
True,f6,f6,0.1_sgd_wd,0.1,sgd,0.0,True,small,75,snapshots_clean/small/f6/0.1_sgd_wd/best_epoch_0075.pt,0.1223748624324798,0.75,0.90625,0.998017839444995,4,22,1013,,results/small/f6_analysis.csv,True,0.1_sgd,0.8541666666666666,0.96875,0.1230895891785621,-0.10416666666666663,-0.0625,-0.000714726746082292,False,False,True,False,True
True,f6,f6,0.2_sgd_wd,0.2,sgd,0.0,True,small,61,snapshots_clean/small/f6/0.2_sgd_wd/best_epoch_0061.pt,0.4646639823913574,0.5426538334978611,0.5625,0.8733894945490585,4,8,1013,,results/small/f6_analysis.csv,True,0.2_sgd,0.5259871668311944,0.5,0.4670935273170471,0.01666666666666672,0.0625,-0.0024295449256896973,True,True,True,True,False
True,f6,f6,0.5_sgd_wd,0.5,sgd,0.0,True,small,41,snapshots_clean/small/f6/0.5_sgd_wd/best_epoch_0041.pt,2.8488314151763916,0.2529615004935834,0.25,0.6238850346878098,4,4,1013,,results/small/f6_analysis.csv,True,0.5_sgd,0.2529615004935834,0.25,2.8277015686035156,0.0,0.0,0.021129846572875977,False,False,False,False,False
True,f6,f6,1.0_sgd_wd,1.0,sgd,0.0,True,small,21,snapshots_clean/small/f6/1.0_sgd_wd/best_epoch_0021.pt,11.199799537658691,0.2529615004935834,0.25,0.6238850346878098,4,4,1013,,results/small/f6_analysis.csv,True,1.0_sgd,0.2529615004935834,0.25,11.2276611328125,0.0,0.0,-0.027861595153808594,False,False,True,False,False
True,f1,f1,0.1_adam_wd,0.1,adam,0.0,True,small,64,snapshots_clean/small/f1/0.1_adam_wd/best_epoch_0064.pt,0.0111962417140603,0.2807490715930992,0.6666666666666667,0.8697968285431119,4,21,1013,,results/small/f1_analysis.csv,True,0.1_adam,0.2103076669957223,0.4861111111111111,0.0105754286050796,0.07044140459737691,0.18055555555555564,0.000620813108980699,True,True,False,True,False
True,f1,f1,0.1_adam_dp_wd,0.1,adam,0.2,True,small,98,snapshots_clean/small/f1/0.1_adam_dp_wd/best_epoch_0098.pt,0.018391340970993,0.0862948338269167,0.2291666666666666,0.6189296333002974,4,16,1013,,results/small/f1_analysis.csv,True,0.1_adam_dp,0.1061410003290556,0.2954545454545454,0.0154218915849924,-0.0198461665021389,-0.06628787878787881,0.0029694493860006003,False,False,False,False,True
True,f1,f1,0.1_sgd_dp_wd,0.1,sgd,0.2,True,small,97,snapshots_clean/small/f1/0.1_sgd_dp_wd/best_epoch_0097.pt,0.0171030741184949,0.0529615004935834,0.1818181818181818,0.6195490584737364,4,13,1013,,results/small/f1_analysis.csv,True,0.1_sgd_dp,0.0529615004935834,0.1818181818181818,0.0178272742778062,0.0,0.0,-0.000724200159311298,False,False,True,False,False
True,f1,f1,0.2_adam_wd,0.2,adam,0.0,True,small,54,snapshots_clean/small/f1/0.2_adam_wd/best_epoch_0054.pt,0.0370877459645271,0.1654358721239274,0.3392857142857143,0.7430624380574826,4,18,1013,,results/small/f1_analysis.csv,True,0.2_adam,0.3997966906407182,0.734375,0.0381235815584659,-0.2343608185167908,-0.3950892857142857,-0.0010358355939387998,False,False,True,False,True
True,f1,f1,0.2_adam_dp_wd,0.2,adam,0.2,True,small,29,snapshots_clean/small/f1/0.2_adam_dp_wd/best_epoch_0029.pt,0.0437576584517955,0.0862948338269167,0.225,0.6200445986124876,4,13,1013,,results/small/f1_analysis.csv,True,0.2_adam_dp,0.0862948338269167,0.234375,0.0421593375504016,0.0,-0.009374999999999994,0.0015983209013939043,False,False,False,False,False
True,f1,f1,0.2_sgd_dp_wd,0.2,sgd,0.2,True,small,100,snapshots_clean/small/f1/0.2_sgd_dp_wd/best_epoch_0100.pt,0.0433600135147571,0.0862948338269167,0.21875,0.6211595639246779,4,10,1013,,results/small/f1_analysis.csv,True,0.2_sgd_dp,0.0529615004935834,0.1875,0.0413615331053733,0.033333333333333305,0.03125,0.0019984804093838016,True,True,False,True,False
True,f1,f1,0.5_adam_wd,0.5,adam,0.0,True,small,55,snapshots_clean/small/f1/0.5_adam_wd/best_epoch_0055.pt,0.2166400700807571,0.1279615004935834,0.25,0.6143458870168483,4,29,1013,,results/small/f1_analysis.csv,True,0.5_adam,0.1269743336623889,0.3611111111111111,0.2165378183126449,0.0009871668311945136,-0.1111111111111111,0.00010225176811221037,True,False,False,False,False
True,f1,f1,0.5_adam_dp_wd,0.5,adam,0.2,True,small,44,snapshots_clean/small/f1/0.5_adam_dp_wd/best_epoch_0044.pt,0.222587913274765,0.0862948338269167,0.21875,0.6207879088206145,4,11,1013,,results/small/f1_analysis.csv,True,0.5_adam_dp,0.0862948338269167,0.2291666666666666,0.2193710505962371,0.0,-0.010416666666666602,0.0032168626785278875,False,False,False,False,False
True,f1,f1,0.5_sgd_dp_wd,0.5,sgd,0.2,True,small,97,snapshots_clean/small/f1/0.5_sgd_dp_wd/best_epoch_0097.pt,0.219728022813797,0.1478076669957223,0.34375,0.7460356788899901,4,11,1013,,results/small/f1_analysis.csv,True,0.5_sgd_dp,0.0862948338269167,0.2222222222222222,0.2192570567131042,0.061512833168805583,0.12152777777777779,0.00047096610069280453,True,True,False,True,False
True,f1,f1,1.0_adam_wd,1.0,adam,0.0,True,small,61,snapshots_clean/small/f1/1.0_adam_wd/best_epoch_0061.pt,0.850007951259613,0.0862948338269167,0.2321428571428571,0.6189296333002974,4,16,1013,,results/small/f1_analysis.csv,True,1.0_adam,0.1853076669957223,0.4722222222222222,0.8503949046134949,-0.09901283316880559,-0.24007936507936511,-0.00038695335388183594,False,False,True,False,True
True,f1,f1,1.0_adam_dp_wd,1.0,adam,0.2,True,small,57,snapshots_clean/small/f1/1.0_adam_dp_wd/best_epoch_0057.pt,0.8504768013954163,0.0039486673247778,0.0,0.4960356788899901,4,8,1013,,results/small/f1_analysis.csv,True,1.0_adam_dp,0.0862948338269167,0.21875,0.8547641038894653,-0.0823461665021389,-0.21875,-0.004287302494049072,False,False,True,False,True
True,f1,f1,1.0_sgd_dp_wd,1.0,sgd,0.2,True,small,93,snapshots_clean/small/f1/1.0_sgd_dp_wd/best_epoch_0093.pt,0.8493983745574951,0.0862948338269167,0.2083333333333333,0.6219028741328048,4,8,1013,,results/small/f1_analysis.csv,True,1.0_sgd_dp,0.0862948338269167,0.2083333333333333,0.8492180109024048,0.0,0.0,0.00018036365509033203,False,False,False,False,False
True,f1,f1,base_sgd_wd,0.0,sgd,0.0,True,small,52,snapshots_clean/small/f1/base_sgd_wd/best_epoch_0052.pt,0.0021286893170326,0.1984029050909603,0.4761904761904761,0.7425668979187314,4,26,1013,,results/small/f1_analysis.csv,True,base_sgd,0.1279615004935834,0.25,0.0054331934079527,0.07044140459737691,0.2261904761904761,-0.0033045040909200998,True,True,True,True,False
True,f1,f1,base_sgd_dp_wd,0.0,sgd,0.2,True,small,73,snapshots_clean/small/f1/base_sgd_dp_wd/best_epoch_0073.pt,0.0077386004850268,0.1307622124502677,0.3541666666666667,0.7435579781962339,4,17,1013,,results/small/f1_analysis.csv,True,base_sgd_dp,0.0654615004935834,0.2083333333333333,0.007630277890712,0.0653007119566843,0.1458333333333334,0.00010832259431479974,True,True,False,True,False
True,f1,f1,0.1_sgd_wd,0.1,sgd,0.0,True,small,100,snapshots_clean/small/f1/0.1_sgd_wd/best_epoch_0100.pt,0.013441888615489,0.0862948338269167,0.2142857142857143,0.6207879088206145,4,11,1013,,results/small/f1_analysis.csv,True,0.1_sgd,0.1984029050909603,0.4318181818181818,0.0132504934445023,-0.11210807126404361,-0.21753246753246752,0.00019139517098670095,False,False,False,False,True
True,f1,f1,0.2_sgd_wd,0.2,sgd,0.0,True,small,96,snapshots_clean/small/f1/0.2_sgd_wd/best_epoch_0096.pt,0.0386568829417228,0.0654615004935834,0.15,0.6216551040634292,4,8,1013,,results/small/f1_analysis.csv,True,0.2_sgd,0.1853076669957222,0.4285714285714286,0.0382122993469238,-0.1198461665021388,-0.2785714285714286,0.0004445835947990001,False,False,False,False,True
True,f1,f1,0.5_sgd_wd,0.5,sgd,0.0,True,small,93,snapshots_clean/small/f1/0.5_sgd_wd/best_epoch_0093.pt,0.2152062207460403,0.1825298892179445,0.3928571428571428,0.7452923686818632,4,13,1013,,results/small/f1_analysis.csv,True,0.5_sgd,0.0039486673247778,0.0,0.2145466655492782,0.1785812218931667,0.3928571428571428,0.000659555196762085,True,True,False,True,False
True,f1,f1,1.0_sgd_wd,1.0,sgd,0.0,True,small,92,snapshots_clean/small/f1/1.0_sgd_wd/best_epoch_0092.pt,0.8458457589149475,0.1853076669957222,0.3928571428571428,0.746778989098117,4,10,1013,,results/small/f1_analysis.csv,True,1.0_sgd,0.1279615004935834,0.25,0.843419075012207,0.05734616650213881,0.1428571428571428,0.0024266839027404785,True,True,False,True,False
True,f7,f7,0.1_adam_wd,0.1,adam,0.0,True,small,60,snapshots_clean/small/f7/0.1_adam_wd/best_epoch_0060.pt,0.0492714531719684,0.2529615004935834,0.25,0.6231417244796829,4,6,1013,,results/small/f7_analysis.csv,True,0.1_adam,0.3769743336623889,0.375,0.0480733849108219,-0.12401283316880551,-0.125,0.0011980682611464968,False,False,False,False,True
True,f7,f7,0.1_adam_dp_wd,0.1,adam,0.2,True,small,18,snapshots_clean/small/f7/0.1_adam_dp_wd/best_epoch_0018.pt,0.0705642476677894,0.501974333662389,0.5,0.7497522299306243,4,3,1013,,results/small/f7_analysis.csv,True,0.1_adam_dp,0.501974333662389,0.5,0.0691643953323364,0.0,0.0,0.0013998523354530057,False,False,False,False,False
True,f7,f7,0.1_sgd_dp_wd,0.1,sgd,0.2,True,small,99,snapshots_clean/small/f7/0.1_sgd_dp_wd/best_epoch_0099.pt,0.0611383952200412,0.2529615004935834,0.25,0.6246283448959365,4,2,1013,,results/small/f7_analysis.csv,True,0.1_sgd_dp,0.2529615004935834,0.25,0.0619826465845108,0.0,0.0,-0.0008442513644696045,False,False,True,False,False
True,f7,f7,0.2_adam_wd,0.2,adam,0.0,True,small,97,snapshots_clean/small/f7/0.2_adam_wd/best_epoch_0097.pt,0.1750639230012893,0.2529615004935834,0.25,0.6231417244796829,4,6,1013,,results/small/f7_analysis.csv,True,0.2_adam,0.2529615004935834,0.25,0.1744048744440078,0.0,0.0,0.0006590485572815219,False,False,False,False,False
True,f7,f7,0.2_adam_dp_wd,0.2,adam,0.2,True,small,56,snapshots_clean/small/f7/0.2_adam_dp_wd/best_epoch_0056.pt,0.2008752077817917,0.501974333662389,0.5,0.7497522299306243,4,3,1013,,results/small/f7_analysis.csv,True,0.2_adam_dp,0.501974333662389,0.5,0.2007421106100082,0.0,0.0,0.00013309717178347502,False,False,False,False,False
True,f7,f7,0.2_sgd_dp_wd,0.2,sgd,0.2,True,small,96,snapshots_clean/small/f7/0.2_sgd_dp_wd/best_epoch_0096.pt,0.1859648525714874,0.2529615004935834,0.25,0.6246283448959365,4,2,1013,,results/small/f7_analysis.csv,True,0.2_sgd_dp,0.2529615004935834,0.25,0.1855531632900238,0.0,0.0,0.0004116892814635953,False,False,False,False,False
True,f7,f7,0.5_adam_wd,0.5,adam,0.0,True,small,79,snapshots_clean/small/f7/0.5_adam_wd/best_epoch_0079.pt,1.0625547170639038,0.3519743336623889,0.5,0.7472745292368683,4,10,1013,,results/small/f7_analysis.csv,True,0.5_adam,0.501974333662389,0.5,1.0605149269104004,-0.15000000000000008,0.0,0.002039790153503418,False,False,False,False,True
True,f7,f7,0.5_adam_dp_wd,0.5,adam,0.2,True,small,48,snapshots_clean/small/f7/0.5_adam_dp_wd/best_epoch_0048.pt,1.082302212715149,0.501974333662389,0.5,0.7497522299306243,4,3,1013,,results/small/f7_analysis.csv,True,0.5_adam_dp,0.501974333662389,0.5,1.073824405670166,0.0,0.0,0.00847780704498291,False,False,False,False,False
True,f7,f7,0.5_sgd_dp_wd,0.5,sgd,0.2,True,small,77,snapshots_clean/small/f7/0.5_sgd_dp_wd/best_epoch_0077.pt,1.057415008544922,0.4186410003290556,0.5,0.7492566897918731,4,4,1013,,results/small/f7_analysis.csv,True,0.5_sgd_dp,0.2529615004935834,0.25,1.0589607954025269,0.1656794998354722,0.25,-0.0015457868576047584,True,True,True,True,False
True,f7,f7,1.0_adam_wd,1.0,adam,0.0,True,small,19,snapshots_clean/small/f7/1.0_adam_wd/best_epoch_0019.pt,4.193054676055908,0.501974333662389,0.5,0.7495044598612487,4,4,1013,,results/small/f7_analysis.csv,True,1.0_adam,0.501974333662389,0.5,4.190790176391602,0.0,0.0,0.0022644996643066406,False,False,False,False,False
True,f7,f7,1.0_adam_dp_wd,1.0,adam,0.2,True,small,91,snapshots_clean/small/f7/1.0_adam_dp_wd/best_epoch_0091.pt,4.198464393615723,0.2529615004935834,0.25,0.6246283448959365,4,2,1013,,results/small/f7_analysis.csv,True,1.0_adam_dp,0.501974333662389,0.5,4.206207752227783,-0.24901283316880557,-0.25,-0.007743358612060547,False,False,True,False,True
True,f7,f7,1.0_sgd_dp_wd,1.0,sgd,0.2,True,small,81,snapshots_clean/small/f7/1.0_sgd_dp_wd/best_epoch_0081.pt,4.161092281341553,0.501974333662389,0.5,0.7497522299306243,4,3,1013,,results/small/f7_analysis.csv,True,1.0_sgd_dp,0.501974333662389,0.5,4.158216953277588,0.0,0.0,0.0028753280639648438,False,False,False,False,False
True,f7,f7,base_sgd_wd,0.0,sgd,0.0,True,small,99,snapshots_clean/small/f7/base_sgd_wd/best_epoch_0099.pt,0.0046563306823372,0.3353076669957223,0.3928571428571428,0.7470267591674926,4,10,1013,,results/small/f7_analysis.csv,True,base_sgd,0.5634871668311945,0.6447368421052632,0.0098195225000381,-0.2281794998354722,-0.25187969924812037,-0.0051631918177009,False,False,True,False,True
True,f7,f7,base_sgd_dp_wd,0.0,sgd,0.2,True,small,82,snapshots_clean/small/f7/base_sgd_dp_wd/best_epoch_0082.pt,0.0321828201413154,0.501974333662389,0.5,0.7497522299306243,4,3,1013,,results/small/f7_analysis.csv,True,base_sgd_dp,0.501974333662389,0.5,0.0267720762640237,0.0,0.0,0.005410743877291697,False,False,False,False,False
True,f7,f7,0.1_sgd_wd,0.1,sgd,0.0,True,small,100,snapshots_clean/small/f7/0.1_sgd_wd/best_epoch_0100.pt,0.0503173060715198,0.6884871668311945,0.7000000000000001,0.8741328047571854,4,8,1013,,results/small/f7_analysis.csv,True,0.1_sgd,0.501974333662389,0.5,0.0526641868054866,0.18651283316880551,0.20000000000000007,-0.0023468807339667996,True,True,True,True,False
True,f7,f7,0.2_sgd_wd,0.2,sgd,0.0,True,small,97,snapshots_clean/small/f7/0.2_sgd_wd/best_epoch_0097.pt,0.1778963953256607,0.4186410003290556,0.5,0.7477700693756195,4,10,1013,,results/small/f7_analysis.csv,True,0.2_sgd,0.501974333662389,0.5,0.17948979139328,-0.08333333333333337,0.0,-0.001593396067619296,False,False,True,False,True
True,f7,f7,0.5_sgd_wd,0.5,sgd,0.0,True,small,38,snapshots_clean/small/f7/0.5_sgd_wd/best_epoch_0038.pt,1.0583926439285278,0.3769743336623889,0.5,0.748761149653122,4,5,1013,,results/small/f7_analysis.csv,True,0.5_sgd,0.3769743336623889,0.5,1.0515326261520386,0.0,0.0,0.006860017776489258,False,False,False,False,False
True,f7,f7,1.0_sgd_wd,1.0,sgd,0.0,True,small,26,snapshots_clean/small/f7/1.0_sgd_wd/best_epoch_0026.pt,4.168941020965576,0.2529615004935834,0.25,0.6242566897918731,4,3,1013,,results/small/f7_analysis.csv,True,1.0_sgd,0.2529615004935834,0.25,4.169632434844971,0.0,0.0,-0.0006914138793945312,False,False,True,False,False
True,f9,f9,0.1_adam_wd,0.1,adam,0.0,True,big,60,snapshots_clean/big/f9/0.1_adam_wd/best_epoch_0060.pt,0.0267753452062606,0.501974333662389,0.5,0.7480178394449951,4,10,1013,,results/big/f9_analysis.csv,True,0.1_adam,0.3769743336623889,0.5,0.02443153783679,0.12500000000000006,0.0,0.0023438073694705998,True,False,False,True,False
True,f9,f9,0.1_adam_dp_wd,0.1,adam,0.2,True,big,50,snapshots_clean/big/f9/0.1_adam_dp_wd/best_epoch_0050.pt,0.0531958304345607,0.501974333662389,0.5,0.7475222993062438,4,12,1013,,results/big/f9_analysis.csv,True,0.1_adam_dp,0.501974333662389,0.5,0.0584053955972194,0.0,0.0,-0.005209565162658698,False,False,True,False,False
True,f9,f9,0.1_sgd_dp_wd,0.1,sgd,0.2,True,big,87,snapshots_clean/big/f9/0.1_sgd_dp_wd/best_epoch_0087.pt,0.0360478684306144,0.501974333662389,0.5,0.7480178394449951,4,10,1013,,results/big/f9_analysis.csv,True,0.1_sgd_dp,0.501974333662389,0.5,0.036635972559452,0.0,0.0,-0.0005881041288375993,False,False,True,False,False
True,f9,f9,0.2_adam_wd,0.2,adam,0.0,True,big,95,snapshots_clean/big/f9/0.2_adam_wd/best_epoch_0095.pt,0.0822027474641799,0.501974333662389,0.5,0.7480178394449951,4,10,1013,,results/big/f9_analysis.csv,True,0.2_adam,0.5947371668311945,0.75,0.0784484595060348,-0.09276283316880551,-0.25,0.0037542879581451,False,False,False,False,True
True,f9,f9,0.2_adam_dp_wd,0.2,adam,0.2,True,big,45,snapshots_clean/big/f9/0.2_adam_dp_wd/best_epoch_0045.pt,0.1084990426898002,0.501974333662389,0.5,0.7467789890981169,4,15,1013,,results/big/f9_analysis.csv,True,0.2_adam_dp,0.501974333662389,0.5,0.106287308037281,0.0,0.0,0.0022117346525191983,False,False,False,False,False
True,f9,f9,0.2_sgd_dp_wd,0.2,sgd,0.2,True,big,96,snapshots_clean/big/f9/0.2_sgd_dp_wd/best_epoch_0096.pt,0.0872527509927749,0.501974333662389,0.5,0.7477700693756195,4,11,1013,,results/big/f9_analysis.csv,True,0.2_sgd_dp,0.501974333662389,0.5,0.0874605178833007,0.0,0.0,-0.000207766890525804,False,False,True,False,False
True,f9,f9,0.5_adam_wd,0.5,adam,0.0,True,big,93,snapshots_clean/big/f9/0.5_adam_wd/best_epoch_0093.pt,0.4333833754062652,0.501974333662389,0.5,0.7472745292368681,4,13,1013,,results/big/f9_analysis.csv,True,0.5_adam,0.501974333662389,0.5,0.4302263855934143,0.0,0.0,0.0031569898128508966,False,False,False,False,False
True,f9,f9,0.5_adam_dp_wd,0.5,adam,0.2,True,big,65,snapshots_clean/big/f9/0.5_adam_dp_wd/best_epoch_0065.pt,0.4653189778327942,0.501974333662389,0.5,0.7475222993062438,4,12,1013,,results/big/f9_analysis.csv,True,0.5_adam_dp,0.501974333662389,0.5,0.4544209539890289,0.0,0.0,0.010898023843765314,False,False,False,False,False
True,f9,f9,0.5_sgd_dp_wd,0.5,sgd,0.2,True,big,97,snapshots_clean/big/f9/0.5_sgd_dp_wd/best_epoch_0097.pt,0.4324703514575958,0.501974333662389,0.5,0.7482656095143706,4,9,1013,,results/big/f9_analysis.csv,True,0.5_sgd_dp,0.501974333662389,0.5,0.431164801120758,0.0,0.0,0.001305550336837824,False,False,False,False,False
True,f9,f9,1.0_adam_wd,1.0,adam,0.0,True,big,82,snapshots_clean/big/f9/1.0_adam_wd/best_epoch_0082.pt,1.6742472648620603,0.501974333662389,0.5,0.7485133795837462,4,8,1013,,results/big/f9_analysis.csv,True,1.0_adam,0.501974333662389,0.5,1.6792278289794922,0.0,0.0,-0.004980564117431863,False,False,True,False,False
True,f9,f9,1.0_adam_dp_wd,1.0,adam,0.2,True,big,32,snapshots_clean/big/f9/1.0_adam_dp_wd/best_epoch_0032.pt,1.711584210395813,0.501974333662389,0.5,0.7485133795837462,4,8,1013,,results/big/f9_analysis.csv,True,1.0_adam_dp,0.501974333662389,0.5,1.7078179121017456,0.0,0.0,0.003766298294067383,False,False,False,False,False
True,f9,f9,1.0_sgd_dp_wd,1.0,sgd,0.2,True,big,48,snapshots_clean/big/f9/1.0_sgd_dp_wd/best_epoch_0048.pt,1.6690055131912231,0.501974333662389,0.5,0.7495044598612487,4,4,1013,,results/big/f9_analysis.csv,True,1.0_sgd_dp,0.501974333662389,0.5,1.6723045110702517,0.0,0.0,-0.0032989978790285424,False,False,True,False,False
True,f9,f9,base_sgd_wd,0.0,sgd,0.0,True,big,95,snapshots_clean/big/f9/base_sgd_wd/best_epoch_0095.pt,0.0096089458093047,0.501974333662389,0.5,0.7477700693756195,4,11,1013,,results/big/f9_analysis.csv,True,base_sgd,0.501974333662389,0.5,0.0084948604926466,0.0,0.0,0.0011140853166580998,False,False,False,False,False
True,f9,f9,base_sgd_dp_wd,0.0,sgd,0.2,True,big,24,snapshots_clean/big/f9/base_sgd_dp_wd/best_epoch_0024.pt,0.0381503961980342,0.501974333662389,0.5,0.7470267591674925,4,14,1013,,results/big/f9_analysis.csv,True,base_sgd_dp,0.501974333662389,0.5,0.04195012524724,0.0,0.0,-0.003799729049205794,False,False,True,False,False
True,f9,f9,0.1_sgd_wd,0.1,sgd,0.0,True,big,100,snapshots_clean/big/f9/0.1_sgd_wd/best_epoch_0100.pt,0.0257967486977577,0.501974333662389,0.5,0.7485133795837462,4,8,1013,,results/big/f9_analysis.csv,True,0.1_sgd,0.4186410003290556,0.5,0.0254571586847305,0.08333333333333337,0.0,0.00033959001302720157,True,False,False,True,False
True,f9,f9,0.2_sgd_wd,0.2,sgd,0.0,True,big,98,snapshots_clean/big/f9/0.2_sgd_wd/best_epoch_0098.pt,0.0769043713808059,0.501974333662389,0.5,0.7487611496531219,4,7,1013,,results/big/f9_analysis.csv,True,0.2_sgd,0.501974333662389,0.5,0.0768554955720901,0.0,0.0,4.8875808715806435e-05,False,False,False,False,False
True,f9,f9,0.5_sgd_wd,0.5,sgd,0.0,True,big,86,snapshots_clean/big/f9/0.5_sgd_wd/best_epoch_0086.pt,0.4316613674163818,0.2529615004935834,0.25,0.6246283448959365,4,2,1013,,results/big/f9_analysis.csv,True,0.5_sgd,0.501974333662389,0.5,0.4328287839889526,-0.24901283316880557,-0.25,-0.0011674165725708008,False,False,True,False,True
True,f9,f9,1.0_sgd_wd,1.0,sgd,0.0,True,big,13,snapshots_clean/big/f9/1.0_sgd_wd/best_epoch_0013.pt,1.6736382246017456,0.0039486673247778,0.0,0.4995044598612487,4,1,1013,,results/big/f9_analysis.csv,True,1.0_sgd,0.0039486673247778,0.0,1.6676877737045288,0.0,0.0,0.005950450897216797,False,False,False,False,False
True,f8,f8,0.1_adam_wd,0.1,adam,0.0,True,big,57,snapshots_clean/big/f8/0.1_adam_wd/best_epoch_0057.pt,0.0482324883341789,0.5011904761904762,0.9583333333333334,0.9977700693756196,4,12,1013,,results/big/f8_analysis.csv,True,0.1_adam,1.0,1.0,0.0469844490289688,-0.4988095238095238,-0.04166666666666663,0.0012480393052100996,False,False,False,False,True
True,f8,f8,0.1_adam_dp_wd,0.1,adam,0.2,True,big,6,snapshots_clean/big/f8/0.1_adam_dp_wd/best_epoch_0006.pt,0.100468210875988,0.8041666666666667,1.0,0.9992566897918732,4,8,1013,,results/big/f8_analysis.csv,True,0.1_adam_dp,0.4009871668311944,0.75,0.1167226880788803,0.4031794998354723,0.25,-0.01625447720289229,True,True,True,True,False
True,f8,f8,0.1_sgd_dp_wd,0.1,sgd,0.2,True,big,95,snapshots_clean/big/f8/0.1_sgd_dp_wd/best_epoch_0095.pt,0.057503193616867,0.6791666666666667,1.0,0.9990089197224976,4,7,1013,,results/big/f8_analysis.csv,True,0.1_sgd_dp,0.6791666666666667,1.0,0.0538039393723011,0.0,0.0,0.0036992542445659013,False,False,False,False,False
True,f8,f8,0.2_adam_wd,0.2,adam,0.0,True,big,77,snapshots_clean/big/f8/0.2_adam_wd/best_epoch_0077.pt,0.1755542308092117,1.0,1.0,1.0,4,11,1013,,results/big/f8_analysis.csv,True,0.2_adam,0.525,1.0,0.1740544885396957,0.475,0.0,0.0014997422695159912,True,False,False,True,False
True,f8,f8,0.2_adam_dp_wd,0.2,adam,0.2,True,big,38,snapshots_clean/big/f8/0.2_adam_dp_wd/best_epoch_0038.pt,0.2312891483306884,0.4009871668311944,0.75,0.8733894945490586,4,6,1013,,results/big/f8_analysis.csv,True,0.2_adam_dp,0.6051538334978611,0.75,0.2260446399450302,-0.20416666666666672,0.0,0.005244508385658181,False,False,False,False,True
True,f8,f8,0.2_sgd_dp_wd,0.2,sgd,0.2,True,big,84,snapshots_clean/big/f8/0.2_sgd_dp_wd/best_epoch_0084.pt,0.1798337399959564,0.6083333333333333,1.0,0.9985133795837464,4,7,1013,,results/big/f8_analysis.csv,True,0.2_sgd_dp,0.6791666666666667,1.0,0.1809145361185073,-0.07083333333333341,0.0,-0.0010807961225509088,False,False,True,False,True
True,f8,f8,0.5_adam_wd,0.5,adam,0.0,True,big,49,snapshots_clean/big/f8/0.5_adam_wd/best_epoch_0049.pt,1.040050029754639,0.6428571428571428,0.9444444444444444,0.998017839444995,4,15,1013,,results/big/f8_analysis.csv,True,0.5_adam,0.8611111111111112,0.925,1.0408904552459717,-0.21825396825396837,0.019444444444444375,-0.0008404254913327858,False,True,True,False,True
True,f8,f8,0.5_adam_dp_wd,0.5,adam,0.2,True,big,8,snapshots_clean/big/f8/0.5_adam_dp_wd/best_epoch_0008.pt,1.120980978012085,0.4176538334978611,0.75,0.8730178394449951,4,9,1013,,results/big/f8_analysis.csv,True,0.5_adam_dp,0.4801538334978611,0.75,1.1080397367477417,-0.0625,0.0,0.012941241264343262,False,False,False,False,True
True,f8,f8,0.5_sgd_dp_wd,0.5,sgd,0.2,True,big,67,snapshots_clean/big/f8/0.5_sgd_dp_wd/best_epoch_0067.pt,1.0426095724105835,0.4801538334978611,0.75,0.8738850346878098,4,6,1013,,results/big/f8_analysis.csv,True,0.5_sgd_dp,0.4009871668311944,0.75,1.0400923490524292,0.07916666666666672,0.0,0.002517223358154297,True,False,False,True,False
True,f8,f8,1.0_adam_wd,1.0,adam,0.0,True,big,17,snapshots_clean/big/f8/1.0_adam_wd/best_epoch_0017.pt,4.12786865234375,0.5259871668311945,0.75,0.8733894945490585,4,8,1013,,results/big/f8_analysis.csv,True,1.0_adam,0.7291666666666666,0.875,4.1057047843933105,-0.20317949983547212,-0.125,0.022163867950439453,False,False,False,False,True
True,f8,f8,1.0_adam_dp_wd,1.0,adam,0.2,True,big,19,snapshots_clean/big/f8/1.0_adam_dp_wd/best_epoch_0019.pt,4.17985725402832,0.2519743336623889,0.5,0.7482656095143707,4,6,1013,,results/big/f8_analysis.csv,True,1.0_adam_dp,0.2936410003290556,0.5,4.2360734939575195,-0.041666666666666685,0.0,-0.05621623992919922,False,False,True,False,True
True,f8,f8,1.0_sgd_dp_wd,1.0,sgd,0.2,True,big,37,snapshots_clean/big/f8/1.0_sgd_dp_wd/best_epoch_0037.pt,4.102281093597412,0.1279615004935834,0.25,0.6240089197224975,4,3,1013,,results/big/f8_analysis.csv,True,1.0_sgd_dp,0.1279615004935834,0.25,4.117622375488281,0.0,0.0,-0.01534128189086914,False,False,True,False,False
True,f8,f8,base_sgd_wd,0.0,sgd,0.0,True,big,90,snapshots_clean/big/f8/base_sgd_wd/best_epoch_0090.pt,0.0035546454600989,1.0,1.0,1.0,4,12,1013,,results/big/f8_analysis.csv,True,base_sgd,0.6458333333333333,0.9642857142857144,0.0037212821189314,0.35416666666666674,0.03571428571428559,-0.00016663665883250023,True,True,True,True,False
True,f8,f8,base_sgd_dp_wd,0.0,sgd,0.2,True,big,5,snapshots_clean/big/f8/base_sgd_dp_wd/best_epoch_0005.pt,0.064547874033451,0.8041666666666667,1.0,0.9992566897918732,4,7,1013,,results/big/f8_analysis.csv,True,base_sgd_dp,0.5259871668311945,0.5833333333333334,0.0705317035317421,0.2781794998354722,0.41666666666666663,-0.005983829498291099,True,True,True,True,False
True,f8,f8,0.1_sgd_wd,0.1,sgd,0.0,True,big,100,snapshots_clean/big/f8/0.1_sgd_wd/best_epoch_0100.pt,0.0467539429664611,0.3997966906407182,0.75,0.8726461843409316,4,10,1013,,results/big/f8_analysis.csv,True,0.1_sgd,0.5259871668311944,0.75,0.04628486931324,-0.1261904761904762,0.0,0.0004690736532210957,False,False,False,False,True
True,f8,f8,0.2_sgd_wd,0.2,sgd,0.0,True,big,88,snapshots_clean/big/f8/0.2_sgd_wd/best_epoch_0088.pt,0.171762615442276,0.2529615004935834,0.25,0.6235133795837463,4,5,1013,,results/big/f8_analysis.csv,True,0.2_sgd,0.0039486673247778,0.0,0.1739043146371841,0.2490128331688056,0.25,-0.0021416991949080866,True,True,True,True,False
True,f8,f8,0.5_sgd_wd,0.5,sgd,0.0,True,big,19,snapshots_clean/big/f8/0.5_sgd_wd/best_epoch_0019.pt,1.040077567100525,0.0039486673247778,0.0,0.4995044598612487,4,1,1013,,results/big/f8_analysis.csv,True,0.5_sgd,0.0039486673247778,0.0,1.0338642597198486,0.0,0.0,0.0062133073806762695,False,False,False,False,False
True,f8,f8,1.0_sgd_wd,1.0,sgd,0.0,True,big,12,snapshots_clean/big/f8/1.0_sgd_wd/best_epoch_0012.pt,4.101933479309082,0.0039486673247778,0.0,0.4995044598612487,4,1,1013,,results/big/f8_analysis.csv,True,1.0_sgd,0.0039486673247778,0.0,4.1139421463012695,0.0,0.0,-0.0120086669921875,False,False,True,False,False
True,f10,f10,0.1_adam_wd,0.1,adam,0.0,True,big,55,snapshots_clean/big/f10/0.1_adam_wd/best_epoch_0055.pt,0.0225636698305606,1.0,1.0,1.0,4,20,1013,,results/big/f10_analysis.csv,True,0.1_adam,1.0,1.0,0.0222512781620025,0.0,0.0,0.0003123916685580999,False,False,False,False,False
True,f10,f10,0.1_adam_dp_wd,0.1,adam,0.2,True,big,36,snapshots_clean/big/f10/0.1_adam_dp_wd/best_epoch_0036.pt,0.0576966255903244,0.6884871668311945,0.7000000000000001,0.8741328047571854,4,8,1013,,results/big/f10_analysis.csv,True,0.1_adam_dp,0.6509871668311944,0.5833333333333333,0.0565455965697765,0.03750000000000009,0.11666666666666681,0.0011510290205479015,True,True,False,True,False
True,f10,f10,0.1_sgd_dp_wd,0.1,sgd,0.2,True,big,99,snapshots_clean/big/f10/0.1_sgd_dp_wd/best_epoch_0099.pt,0.0318387784063816,0.7509871668311945,0.75,0.8741328047571852,4,10,1013,,results/big/f10_analysis.csv,True,0.1_sgd_dp,0.7509871668311945,0.75,0.0314600095152854,0.0,0.0,0.0003787688910961984,False,False,False,False,False
True,f10,f10,0.2_adam_wd,0.2,adam,0.0,True,big,54,snapshots_clean/big/f10/0.2_adam_wd/best_epoch_0054.pt,0.0800053104758262,1.0,1.0,1.0,4,11,1013,,results/big/f10_analysis.csv,True,0.2_adam,1.0,1.0,0.079319454729557,0.0,0.0,0.0006858557462691983,False,False,False,False,False
True,f10,f10,0.2_adam_dp_wd,0.2,adam,0.2,True,big,73,snapshots_clean/big/f10/0.2_adam_dp_wd/best_epoch_0073.pt,0.1114807873964309,0.6509871668311944,0.5833333333333333,0.8741328047571854,4,6,1013,,results/big/f10_analysis.csv,True,0.2_adam_dp,0.6884871668311945,0.6666666666666666,0.1058731153607368,-0.03750000000000009,-0.08333333333333337,0.0056076720356940946,False,False,False,False,True
True,f10,f10,0.2_sgd_dp_wd,0.2,sgd,0.2,True,big,87,snapshots_clean/big/f10/0.2_sgd_dp_wd/best_epoch_0087.pt,0.0888379365205764,0.6509871668311944,0.71875,0.8733894945490585,4,12,1013,,results/big/f10_analysis.csv,True,0.2_sgd_dp,0.6509871668311944,0.6944444444444444,0.0908492282032966,0.0,0.02430555555555558,-0.002011291682720212,False,True,True,False,False
True,f10,f10,0.5_adam_wd,0.5,adam,0.0,True,big,79,snapshots_clean/big/f10/0.5_adam_wd/best_epoch_0079.pt,0.4745577275753021,1.0,1.0,1.0,4,14,1013,,results/big/f10_analysis.csv,True,0.5_adam,0.6884871668311945,0.7083333333333334,0.4707911014556885,0.3115128331688055,0.29166666666666663,0.0037666261196136475,True,True,False,True,False
True,f10,f10,0.5_adam_dp_wd,0.5,adam,0.2,True,big,38,snapshots_clean/big/f10/0.5_adam_dp_wd/best_epoch_0038.pt,0.500209391117096,0.501974333662389,0.5,0.7487611496531219,4,7,1013,,results/big/f10_analysis.csv,True,0.5_adam_dp,0.6509871668311944,0.5833333333333333,0.4962837100028991,-0.14901283316880543,-0.08333333333333326,0.003925681114196833,False,False,False,False,True
True,f10,f10,0.5_sgd_dp_wd,0.5,sgd,0.2,True,big,56,snapshots_clean/big/f10/0.5_sgd_dp_wd/best_epoch_0056.pt,0.4776152074337005,0.501974333662389,0.5,0.7495044598612487,4,4,1013,,results/big/f10_analysis.csv,True,0.5_sgd_dp,0.501974333662389,0.5,0.4748126566410064,0.0,0.0,0.002802550792694092,False,False,False,False,False
True,f10,f10,1.0_adam_wd,1.0,adam,0.0,True,big,25,snapshots_clean/big/f10/1.0_adam_wd/best_epoch_0025.pt,1.8626501560211184,0.501974333662389,0.5,0.7480178394449951,4,10,1013,,results/big/f10_analysis.csv,True,1.0_adam,0.6884871668311945,0.75,1.862991452217102,-0.18651283316880551,-0.25,-0.0003412961959836647,False,False,True,False,True
True,f10,f10,1.0_adam_dp_wd,1.0,adam,0.2,True,big,46,snapshots_clean/big/f10/1.0_adam_dp_wd/best_epoch_0046.pt,1.8847357034683228,0.501974333662389,0.5,0.7475222993062438,4,12,1013,,results/big/f10_analysis.csv,True,1.0_adam_dp,0.501974333662389,0.5,1.8819589614868164,0.0,0.0,0.0027767419815063477,False,False,False,False,False
True,f10,f10,1.0_sgd_dp_wd,1.0,sgd,0.2,True,big,48,snapshots_clean/big/f10/1.0_sgd_dp_wd/best_epoch_0048.pt,1.858795166015625,0.501974333662389,0.5,0.7497522299306243,4,3,1013,,results/big/f10_analysis.csv,True,1.0_sgd_dp,0.501974333662389,0.5,1.8568981885910032,0.0,0.0,0.001896977424621804,False,False,False,False,False
True,f10,f10,base_sgd_wd,0.0,sgd,0.0,True,big,94,snapshots_clean/big/f10/base_sgd_wd/best_epoch_0094.pt,0.0023456944618374,0.95,1.0,0.9997522299306244,4,16,1013,,results/big/f10_analysis.csv,True,base_sgd,0.8611111111111112,0.7916666666666666,0.0058307801373302,0.0888888888888888,0.20833333333333337,-0.0034850856754928,True,True,True,True,False
True,f10,f10,base_sgd_dp_wd,0.0,sgd,0.2,True,big,22,snapshots_clean/big/f10/base_sgd_dp_wd/best_epoch_0022.pt,0.0295837558805942,0.6884871668311945,0.7000000000000001,0.8741328047571854,4,8,1013,,results/big/f10_analysis.csv,True,base_sgd_dp,0.7509871668311945,0.75,0.026864843443036,-0.0625,-0.04999999999999993,0.002718912437558202,False,False,False,False,True
True,f10,f10,0.1_sgd_wd,0.1,sgd,0.0,True,big,100,snapshots_clean/big/f10/0.1_sgd_wd/best_epoch_0100.pt,0.0241705831140279,0.5759871668311944,0.5357142857142857,0.8722745292368682,4,11,1013,,results/big/f10_analysis.csv,True,0.1_sgd,0.85,0.9166666666666669,0.0228904504328966,-0.27401283316880554,-0.38095238095238115,0.0012801326811313005,False,False,False,False,True
True,f10,f10,0.2_sgd_wd,0.2,sgd,0.0,True,big,87,snapshots_clean/big/f10/0.2_sgd_wd/best_epoch_0087.pt,0.0820827260613441,0.501974333662389,0.5,0.7497522299306243,4,3,1013,,results/big/f10_analysis.csv,True,0.2_sgd,0.95,0.95,0.0811230614781379,-0.448025666337611,-0.44999999999999996,0.0009596645832062045,False,False,False,False,True
True,f10,f10,0.5_sgd_wd,0.5,sgd,0.0,True,big,62,snapshots_clean/big/f10/0.5_sgd_wd/best_epoch_0062.pt,0.4726446568965912,0.501974333662389,0.5,0.7497522299306243,4,3,1013,,results/big/f10_analysis.csv,True,0.5_sgd,0.501974333662389,0.5,0.4755410850048065,0.0,0.0,-0.002896428108215332,False,False,True,False,False
True,f10,f10,1.0_sgd_wd,1.0,sgd,0.0,True,big,22,snapshots_clean/big/f10/1.0_sgd_wd/best_epoch_0022.pt,1.8664363622665403,0.0039486673247778,0.0,0.4995044598612487,4,1,1013,,results/big/f10_analysis.csv,True,1.0_sgd,0.2529615004935834,0.25,1.8599467277526855,-0.2490128331688056,-0.25,0.006489634513854758,False,False,False,False,True
True,f5,f5,0.1_adam_wd,0.1,adam,0.0,True,big,58,snapshots_clean/big/f5/0.1_adam_wd/best_epoch_0058.pt,0.0083459848538041,0.7509871668311945,0.75,0.8736372646184342,4,14,1013,,results/big/f5_analysis.csv,True,0.1_adam,0.7509871668311945,0.75,0.007667722646147,0.0,0.0,0.0006782622076570996,False,False,False,False,False
True,f5,f5,0.1_adam_dp_wd,0.1,adam,0.2,True,big,36,snapshots_clean/big/f5/0.1_adam_dp_wd/best_epoch_0036.pt,0.0224103722721338,0.501974333662389,0.5,0.7490089197224976,4,6,1013,,results/big/f5_analysis.csv,True,0.1_adam_dp,0.7509871668311945,0.75,0.0237872693687677,-0.24901283316880551,-0.25,-0.0013768970966339007,False,False,True,False,True
True,f5,f5,0.1_sgd_dp_wd,0.1,sgd,0.2,True,big,100,snapshots_clean/big/f5/0.1_sgd_dp_wd/best_epoch_0100.pt,0.0216043703258037,0.5947371668311945,0.6875,0.8723984142715561,4,14,1013,,results/big/f5_analysis.csv,True,0.1_sgd_dp,1.0,1.0,0.0224663857370615,-0.4052628331688055,-0.3125,-0.0008620154112577993,False,False,True,False,True
True,f5,f5,0.2_adam_wd,0.2,adam,0.0,True,big,89,snapshots_clean/big/f5/0.2_adam_wd/best_epoch_0089.pt,0.0235795676708221,0.7509871668311945,0.75,0.8735133795837462,4,15,1013,,results/big/f5_analysis.csv,True,0.2_adam,0.7509871668311945,0.75,0.0227420423179864,0.0,0.0,0.0008375253528356968,False,False,False,False,False
True,f5,f5,0.2_adam_dp_wd,0.2,adam,0.2,True,big,75,snapshots_clean/big/f5/0.2_adam_dp_wd/best_epoch_0075.pt,0.0381381027400493,0.501974333662389,0.5,0.7490089197224976,4,6,1013,,results/big/f5_analysis.csv,True,0.2_adam_dp,0.501974333662389,0.5,0.0396366082131862,0.0,0.0,-0.0014985054731369019,False,False,True,False,False
True,f5,f5,0.2_sgd_dp_wd,0.2,sgd,0.2,True,big,98,snapshots_clean/big/f5/0.2_sgd_dp_wd/best_epoch_0098.pt,0.032054353505373,0.7509871668311945,0.75,0.8742566897918732,4,9,1013,,results/big/f5_analysis.csv,True,0.2_sgd_dp,0.501974333662389,0.5,0.0331036671996116,0.24901283316880551,0.25,-0.0010493136942386003,True,True,True,True,False
True,f5,f5,0.5_adam_wd,0.5,adam,0.0,True,big,19,snapshots_clean/big/f5/0.5_adam_wd/best_epoch_0019.pt,0.1278308033943176,0.8611111111111112,0.9,0.998761149653122,4,12,1013,,results/big/f5_analysis.csv,True,0.5_adam,0.8269230769230769,0.8125,0.1255309134721756,0.03418803418803429,0.08750000000000002,0.002299889922142001,True,True,False,True,False
True,f5,f5,0.5_adam_dp_wd,0.5,adam,0.2,True,big,95,snapshots_clean/big/f5/0.5_adam_dp_wd/best_epoch_0095.pt,0.1400947868824005,0.501974333662389,0.5,0.7492566897918732,4,5,1013,,results/big/f5_analysis.csv,True,0.5_adam_dp,0.501974333662389,0.5,0.1424328386783599,0.0,0.0,-0.0023380517959593894,False,False,True,False,False
True,f5,f5,0.5_sgd_dp_wd,0.5,sgd,0.2,True,big,92,snapshots_clean/big/f5/0.5_sgd_dp_wd/best_epoch_0092.pt,0.1341137439012527,0.4186410003290556,0.5,0.7482656095143706,4,8,1013,,results/big/f5_analysis.csv,True,0.5_sgd_dp,0.501974333662389,0.5,0.1341047286987304,-0.08333333333333337,0.0,9.015202522277832e-06,False,False,False,False,True
True,f5,f5,1.0_adam_wd,1.0,adam,0.0,True,big,77,snapshots_clean/big/f5/1.0_adam_wd/best_epoch_0077.pt,0.4883220791816711,0.875,0.9375,0.9990089197224976,4,14,1013,,results/big/f5_analysis.csv,True,1.0_adam,0.95,1.0,0.4925059974193573,-0.07499999999999996,-0.0625,-0.004183918237686213,False,False,True,False,True
True,f5,f5,1.0_adam_dp_wd,1.0,adam,0.2,True,big,54,snapshots_clean/big/f5/1.0_adam_dp_wd/best_epoch_0054.pt,0.5045132040977478,0.501974333662389,0.5,0.7490089197224976,4,6,1013,,results/big/f5_analysis.csv,True,1.0_adam_dp,0.501974333662389,0.5,0.5116766691207886,0.0,0.0,-0.0071634650230407715,False,False,True,False,False
True,f5,f5,1.0_sgd_dp_wd,1.0,sgd,0.2,True,big,96,snapshots_clean/big/f5/1.0_sgd_dp_wd/best_epoch_0096.pt,0.4964664578437805,0.501974333662389,0.5,0.7487611496531219,4,7,1013,,results/big/f5_analysis.csv,True,1.0_sgd_dp,0.7509871668311945,0.75,0.4989897608757019,-0.24901283316880551,-0.25,-0.0025233030319213867,False,False,True,False,True
True,f5,f5,base_sgd_wd,0.0,sgd,0.0,True,big,20,snapshots_clean/big/f5/base_sgd_wd/best_epoch_0020.pt,0.0027236104942858,0.7509871668311945,0.75,0.8737611496531219,4,13,1013,,results/big/f5_analysis.csv,True,base_sgd,0.7928571428571428,0.95,0.0030775105115026,-0.04186997602594833,-0.19999999999999996,-0.00035390001721680034,False,False,True,False,True
True,f5,f5,base_sgd_dp_wd,0.0,sgd,0.2,True,big,54,snapshots_clean/big/f5/base_sgd_dp_wd/best_epoch_0054.pt,0.0180535092949867,0.501974333662389,0.5,0.7480178394449951,4,10,1013,,results/big/f5_analysis.csv,True,base_sgd_dp,0.501974333662389,0.5,0.0285723693668842,0.0,0.0,-0.0105188600718975,False,False,True,False,False
True,f5,f5,0.1_sgd_wd,0.1,sgd,0.0,True,big,96,snapshots_clean/big/f5/0.1_sgd_wd/best_epoch_0096.pt,0.0077133723534643,0.5947371668311945,0.6875,0.8723984142715561,4,14,1013,,results/big/f5_analysis.csv,True,0.1_sgd,0.4186410003290556,0.5,0.0085618607699871,0.17609616650213888,0.1875,-0.0008484884165227994,True,True,True,True,False
True,f5,f5,0.2_sgd_wd,0.2,sgd,0.0,True,big,94,snapshots_clean/big/f5/0.2_sgd_wd/best_epoch_0094.pt,0.0232388600707054,0.6884871668311945,0.75,0.8738850346878096,4,10,1013,,results/big/f5_analysis.csv,True,0.2_sgd,0.6884871668311945,0.75,0.0232057999819517,0.0,0.0,3.3060088753700256e-05,False,False,False,False,False
True,f5,f5,0.5_sgd_wd,0.5,sgd,0.0,True,big,84,snapshots_clean/big/f5/0.5_sgd_wd/best_epoch_0084.pt,0.1266599595546722,0.3769743336623889,0.5,0.7485133795837463,4,6,1013,,results/big/f5_analysis.csv,True,0.5_sgd,0.5009871668311945,0.75,0.1271137446165084,-0.12401283316880557,-0.25,-0.00045378506183618716,False,False,True,False,True
True,f5,f5,1.0_sgd_wd,1.0,sgd,0.0,True,big,44,snapshots_clean/big/f5/1.0_sgd_wd/best_epoch_0044.pt,0.4941435158252716,0.2529615004935834,0.25,0.6246283448959365,4,2,1013,,results/big/f5_analysis.csv,True,1.0_sgd,0.2529615004935834,0.25,0.4975126981735229,0.0,0.0,-0.0033691823482512873,False,False,True,False,False
True,f2,f2,0.1_adam_wd,0.1,adam,0.0,True,big,61,snapshots_clean/big/f2/0.1_adam_wd/best_epoch_0061.pt,0.015907572582364,0.2936410003290556,0.5,0.7470267591674926,4,12,1013,,results/big/f2_analysis.csv,True,0.1_adam,0.2936410003290556,0.5,0.014136254787445,0.0,0.0,0.0017713177949189984,False,False,False,False,False
True,f2,f2,0.1_adam_dp_wd,0.1,adam,0.2,True,big,80,snapshots_clean/big/f2/0.1_adam_dp_wd/best_epoch_0080.pt,0.0403717681765556,0.2103076669957222,0.4583333333333333,0.7455401387512389,4,16,1013,,results/big/f2_analysis.csv,True,0.1_adam_dp,0.2103076669957223,0.4375,0.0407301671802997,-8.326672684688674e-17,0.020833333333333315,-0.00035839900374410455,False,True,True,False,False
True,f2,f2,0.1_sgd_dp_wd,0.1,sgd,0.2,True,big,85,snapshots_clean/big/f2/0.1_sgd_dp_wd/best_epoch_0085.pt,0.0301383230835199,0.2519743336623889,0.4722222222222222,0.7465312190287413,4,13,1013,,results/big/f2_analysis.csv,True,0.1_sgd_dp,0.2519743336623889,0.46875,0.0296086650341749,0.0,0.00347222222222221,0.0005296580493450026,False,True,False,False,False
True,f2,f2,0.2_adam_wd,0.2,adam,0.0,True,big,76,snapshots_clean/big/f2/0.2_adam_wd/best_epoch_0076.pt,0.0414344705641269,0.2519743336623889,0.46875,0.7467789890981169,4,12,1013,,results/big/f2_analysis.csv,True,0.2_adam,0.2519743336623889,0.475,0.0384392961859703,0.0,-0.006249999999999978,0.0029951743781565995,False,False,False,False,False
True,f2,f2,0.2_adam_dp_wd,0.2,adam,0.2,True,big,59,snapshots_clean/big/f2/0.2_adam_dp_wd/best_epoch_0059.pt,0.0678916350007057,0.2519743336623889,0.4772727272727272,0.7462834489593656,4,14,1013,,results/big/f2_analysis.csv,True,0.2_adam_dp,0.4186410003290555,0.4791666666666666,0.0789214819669723,-0.16666666666666657,-0.0018939393939393923,-0.01102984696626659,False,False,True,False,True
True,f2,f2,0.2_sgd_dp_wd,0.2,sgd,0.2,True,big,95,snapshots_clean/big/f2/0.2_sgd_dp_wd/best_epoch_0095.pt,0.0533206164836883,0.2936410003290556,0.5,0.7470267591674926,4,12,1013,,results/big/f2_analysis.csv,True,0.2_sgd_dp,0.2936410003290556,0.5,0.0555648654699325,0.0,0.0,-0.0022442489862442017,False,False,True,False,False
True,f2,f2,0.5_adam_wd,0.5,adam,0.0,True,big,82,snapshots_clean/big/f2/0.5_adam_wd/best_epoch_0082.pt,0.1874704360961914,0.2936410003290556,0.5,0.7467789890981169,4,13,1013,,results/big/f2_analysis.csv,True,0.5_adam,0.2936410003290556,0.5,0.1904871463775634,0.0,0.0,-0.003016710281371987,False,False,True,False,False
True,f2,f2,0.5_adam_dp_wd,0.5,adam,0.2,True,big,57,snapshots_clean/big/f2/0.5_adam_dp_wd/best_epoch_0057.pt,0.2192142158746719,0.6051538334978611,0.7000000000000001,0.8732656095143707,4,13,1013,,results/big/f2_analysis.csv,True,0.5_adam_dp,0.2103076669957223,0.4444444444444444,0.2127502709627151,0.39484616650213883,0.25555555555555565,0.006463944911956815,True,True,False,True,False
True,f2,f2,0.5_sgd_dp_wd,0.5,sgd,0.2,True,big,98,snapshots_clean/big/f2/0.5_sgd_dp_wd/best_epoch_0098.pt,0.2001482844352722,0.2269743336623889,0.4642857142857143,0.7465312190287413,4,12,1013,,results/big/f2_analysis.csv,True,0.5_sgd_dp,0.2519743336623889,0.45,0.2011451125144958,-0.025000000000000022,0.01428571428571429,-0.000996828079223605,False,True,True,False,True
True,f2,f2,1.0_adam_wd,1.0,adam,0.0,True,big,89,snapshots_clean/big/f2/1.0_adam_wd/best_epoch_0089.pt,0.7220155596733093,0.2936410003290556,0.5,0.7470267591674926,4,12,1013,,results/big/f2_analysis.csv,True,1.0_adam,0.4801538334978611,0.75,0.718303382396698,-0.18651283316880551,-0.25,0.003712177276611328,False,False,False,False,True
True,f2,f2,1.0_adam_dp_wd,1.0,adam,0.2,True,big,15,snapshots_clean/big/f2/1.0_adam_dp_wd/best_epoch_0015.pt,0.7572201490402222,0.2103076669957223,0.4375,0.746778989098117,4,11,1013,,results/big/f2_analysis.csv,True,1.0_adam_dp,0.4186410003290556,0.4642857142857143,0.7557998299598694,-0.20833333333333331,-0.0267857142857143,0.0014203190803527832,False,False,False,False,True
True,f2,f2,1.0_sgd_dp_wd,1.0,sgd,0.2,True,big,92,snapshots_clean/big/f2/1.0_sgd_dp_wd/best_epoch_0092.pt,0.7282305955886841,0.2269743336623889,0.4166666666666667,0.7477700693756194,4,7,1013,,results/big/f2_analysis.csv,True,1.0_sgd_dp,0.2936410003290556,0.5,0.7316281199455261,-0.06666666666666671,-0.08333333333333331,-0.003397524356842041,False,False,True,False,True
True,f2,f2,base_sgd_wd,0.0,sgd,0.0,True,big,61,snapshots_clean/big/f2/base_sgd_wd/best_epoch_0061.pt,0.0081191835924983,0.2936410003290556,0.5,0.7450445986124876,4,20,1013,,results/big/f2_analysis.csv,True,base_sgd,0.1853076669957222,0.4166666666666667,0.0058857784606516,0.10833333333333339,0.08333333333333331,0.002233405131846701,True,True,False,True,False
True,f2,f2,base_sgd_dp_wd,0.0,sgd,0.2,True,big,93,snapshots_clean/big/f2/base_sgd_dp_wd/best_epoch_0093.pt,0.0354014746844768,0.2519743336623889,0.475,0.7465312190287413,4,13,1013,,results/big/f2_analysis.csv,True,base_sgd_dp,0.4186410003290556,0.4772727272727272,0.0435567013919353,-0.16666666666666669,-0.002272727272727204,-0.008155226707458503,False,False,True,False,True
True,f2,f2,0.1_sgd_wd,0.1,sgd,0.0,True,big,99,snapshots_clean/big/f2/0.1_sgd_wd/best_epoch_0099.pt,0.0135389612987637,0.1279615004935834,0.25,0.6214073339940536,4,10,1013,,results/big/f2_analysis.csv,True,0.1_sgd,0.2519743336623889,0.5,0.0140407960861921,-0.12401283316880551,-0.25,-0.0005018347874283999,False,False,True,False,True
True,f2,f2,0.2_sgd_wd,0.2,sgd,0.0,True,big,98,snapshots_clean/big/f2/0.2_sgd_wd/best_epoch_0098.pt,0.0354966074228286,0.4426538334978611,0.7307692307692307,0.8720267591674926,4,19,1013,,results/big/f2_analysis.csv,True,0.2_sgd,0.4801538334978611,0.75,0.0349025279283523,-0.03750000000000003,-0.019230769230769273,0.0005940794944762975,False,False,False,False,True
True,f2,f2,0.5_sgd_wd,0.5,sgd,0.0,True,big,84,snapshots_clean/big/f2/0.5_sgd_wd/best_epoch_0084.pt,0.1878588050603866,0.2936410003290555,0.5,0.7482656095143707,4,7,1013,,results/big/f2_analysis.csv,True,0.5_sgd,0.4186410003290556,0.5,0.1893909573554992,-0.1250000000000001,0.0,-0.0015321522951126099,False,False,True,False,True
True,f2,f2,1.0_sgd_wd,1.0,sgd,0.0,True,big,48,snapshots_clean/big/f2/1.0_sgd_wd/best_epoch_0048.pt,0.7249526977539062,0.1279615004935834,0.25,0.6240089197224975,4,3,1013,,results/big/f2_analysis.csv,True,1.0_sgd,0.2529615004935834,0.25,0.729554295539856,-0.125,0.0,-0.004601597785949707,False,False,True,False,True
True,f3,f3,0.1_adam_wd,0.1,adam,0.0,True,big,81,snapshots_clean/big/f3/0.1_adam_wd/best_epoch_0081.pt,0.0377569831907749,0.6833333333333333,1.0,0.9970267591674926,4,15,1013,,results/big/f3_analysis.csv,True,0.1_adam,0.4759871668311944,0.75,0.0353514179587364,0.20734616650213894,0.25,0.002405565232038498,True,True,False,True,False
True,f3,f3,0.1_adam_dp_wd,0.1,adam,0.2,True,big,23,snapshots_clean/big/f3/0.1_adam_dp_wd/best_epoch_0023.pt,0.1134066209197044,0.2529615004935834,0.25,0.6212834489593657,4,11,1013,,results/big/f3_analysis.csv,True,0.1_adam_dp,0.2529615004935834,0.25,0.116962619125843,0.0,0.0,-0.003555998206138611,False,False,True,False,False
True,f3,f3,0.1_sgd_dp_wd,0.1,sgd,0.2,True,big,64,snapshots_clean/big/f3/0.1_sgd_dp_wd/best_epoch_0064.pt,0.0776637643575668,0.2529615004935834,0.25,0.6216551040634292,4,10,1013,,results/big/f3_analysis.csv,True,0.1_sgd_dp,0.2529615004935834,0.25,0.0832707658410072,0.0,0.0,-0.005607001483440399,False,False,True,False,False
True,f3,f3,0.2_adam_wd,0.2,adam,0.0,True,big,93,snapshots_clean/big/f3/0.2_adam_wd/best_epoch_0093.pt,0.1133153289556503,0.6130952380952381,0.8888888888888888,0.9965312190287412,4,19,1013,,results/big/f3_analysis.csv,True,0.2_adam,0.5833333333333333,1.0,0.1114428490400314,0.029761904761904878,-0.11111111111111116,0.0018724799156188965,True,False,False,True,False
True,f3,f3,0.2_adam_dp_wd,0.2,adam,0.2,True,big,29,snapshots_clean/big/f3/0.2_adam_dp_wd/best_epoch_0029.pt,0.1983374804258346,0.2529615004935834,0.25,0.6216551040634292,4,10,1013,,results/big/f3_analysis.csv,True,0.2_adam_dp,0.2529615004935834,0.25,0.203369140625,0.0,0.0,-0.0050316601991654,False,False,True,False,False
True,f3,f3,0.2_sgd_dp_wd,0.2,sgd,0.2,True,big,79,snapshots_clean/big/f3/0.2_sgd_dp_wd/best_epoch_0079.pt,0.1406989246606826,0.3642350300790577,0.475,0.8691774033696729,4,16,1013,,results/big/f3_analysis.csv,True,0.2_sgd_dp,0.2529615004935834,0.25,0.1594578325748443,0.11127352958547432,0.22499999999999998,-0.01875890791416171,True,True,True,True,False
True,f3,f3,0.5_adam_wd,0.5,adam,0.0,True,big,100,snapshots_clean/big/f3/0.5_adam_wd/best_epoch_0100.pt,0.6197399497032166,0.5259871668311945,0.75,0.872398414271556,4,16,1013,,results/big/f3_analysis.csv,True,0.5_adam,0.5247966906407182,0.7142857142857143,0.6228687167167664,0.0011904761904762973,0.0357142857142857,-0.0031287670135498047,True,True,True,False,False
True,f3,f3,0.5_adam_dp_wd,0.5,adam,0.2,True,big,88,snapshots_clean/big/f3/0.5_adam_dp_wd/best_epoch_0088.pt,0.7023328542709351,0.2529615004935834,0.25,0.6201684836471755,4,14,1013,,results/big/f3_analysis.csv,True,0.5_adam_dp,0.2529615004935834,0.25,0.6953449845314026,0.0,0.0,0.006987869739532471,False,False,False,False,False
True,f3,f3,0.5_sgd_dp_wd,0.5,sgd,0.2,True,big,72,snapshots_clean/big/f3/0.5_sgd_dp_wd/best_epoch_0072.pt,0.6518012285232544,0.2904358721239274,0.2727272727272727,0.7443012884043607,4,14,1013,,results/big/f3_analysis.csv,True,0.5_sgd_dp,0.2904358721239274,0.375,0.6493186354637146,0.0,-0.10227272727272729,0.002482593059539795,False,False,False,False,False
True,f3,f3,1.0_adam_wd,1.0,adam,0.0,True,big,57,snapshots_clean/big/f3/1.0_adam_wd/best_epoch_0057.pt,2.436011552810669,0.4831300239740516,0.5,0.8728939544103073,4,8,1013,,results/big/f3_analysis.csv,True,1.0_adam,0.2529615004935834,0.25,2.4450883865356445,0.23016852348046818,0.25,-0.009076833724975586,True,True,True,True,False
True,f3,f3,1.0_adam_dp_wd,1.0,adam,0.2,True,big,27,snapshots_clean/big/f3/1.0_adam_dp_wd/best_epoch_0027.pt,2.5061683654785156,0.2529615004935834,0.25,0.6209117938553023,4,12,1013,,results/big/f3_analysis.csv,True,1.0_adam_dp,0.2529615004935834,0.25,2.4894659519195557,0.0,0.0,0.01670241355895996,False,False,False,False,False
True,f3,f3,1.0_sgd_dp_wd,1.0,sgd,0.2,True,big,88,snapshots_clean/big/f3/1.0_sgd_dp_wd/best_epoch_0088.pt,2.439127206802368,0.2529615004935834,0.25,0.6212834489593657,4,11,1013,,results/big/f3_analysis.csv,True,1.0_sgd_dp,0.2529615004935834,0.25,2.4425809383392334,0.0,0.0,-0.0034537315368652344,False,False,True,False,False
True,f3,f3,base_sgd_wd,0.0,sgd,0.0,True,big,29,snapshots_clean/big/f3/base_sgd_wd/best_epoch_0029.pt,0.0111684929579496,0.4581300239740516,0.75,0.8715312190287413,4,17,1013,,results/big/f3_analysis.csv,True,base_sgd,0.8041666666666667,1.0,0.0116217965260148,-0.3460366426926151,-0.25,-0.00045330356806519943,False,False,True,False,True
True,f3,f3,base_sgd_dp_wd,0.0,sgd,0.2,True,big,62,snapshots_clean/big/f3/base_sgd_dp_wd/best_epoch_0062.pt,0.0958662033081054,0.2529615004935834,0.25,0.6194251734390486,4,16,1013,,results/big/f3_analysis.csv,True,base_sgd_dp,0.2853076669957223,0.3,0.0557412281632423,-0.032346166502138896,-0.04999999999999999,0.0401249751448631,False,False,False,False,True
True,f3,f3,0.1_sgd_wd,0.1,sgd,0.0,True,big,100,snapshots_clean/big/f3/0.1_sgd_wd/best_epoch_0100.pt,0.0348089151084423,0.5682539682539682,0.75,0.9970267591674924,4,10,1013,,results/big/f3_analysis.csv,True,0.1_sgd,0.6215277777777778,0.9166666666666669,0.0365008264780044,-0.05327380952380956,-0.16666666666666685,-0.0016919113695621005,False,False,True,False,True
True,f3,f3,0.2_sgd_wd,0.2,sgd,0.0,True,big,96,snapshots_clean/big/f3/0.2_sgd_wd/best_epoch_0096.pt,0.1113879010081291,0.5404761904761904,0.8333333333333334,0.9965312190287412,4,11,1013,,results/big/f3_analysis.csv,True,0.2_sgd,0.5843205001645277,0.625,0.111199289560318,-0.0438443096883373,0.20833333333333337,0.00018861144781111283,False,True,False,False,True
True,f3,f3,0.5_sgd_wd,0.5,sgd,0.0,True,big,72,snapshots_clean/big/f3/0.5_sgd_wd/best_epoch_0072.pt,0.6339273452758789,0.3519743336623889,0.5,0.7482656095143707,4,6,1013,,results/big/f3_analysis.csv,True,0.5_sgd,0.2529615004935834,0.25,0.635719895362854,0.09901283316880549,0.25,-0.0017925500869750977,True,True,True,True,False
True,f3,f3,1.0_sgd_wd,1.0,sgd,0.0,True,big,20,snapshots_clean/big/f3/1.0_sgd_wd/best_epoch_0020.pt,2.4441823959350586,0.2529615004935834,0.25,0.6242566897918731,4,3,1013,,results/big/f3_analysis.csv,True,1.0_sgd,0.2529615004935834,0.25,2.445011854171753,0.0,0.0,-0.0008294582366943359,False,False,True,False,False
True,f4,f4,0.1_adam_wd,0.1,adam,0.0,True,big,72,snapshots_clean/big/f4/0.1_adam_wd/best_epoch_0072.pt,0.0413401648402214,0.5343205001645279,0.8,0.8975198412698413,5,13,1013,,results/big/f4_analysis.csv,True,0.1_adam,0.7343205001645279,0.8,0.0390237681567668,-0.19999999999999996,0.0,0.002316396683454597,False,False,False,False,True
True,f4,f4,0.1_adam_dp_wd,0.1,adam,0.2,True,big,39,snapshots_clean/big/f4/0.1_adam_dp_wd/best_epoch_0039.pt,0.1187760308384895,0.2039486673247779,0.2,0.5948412698412698,5,14,1013,,results/big/f4_analysis.csv,True,0.1_adam_dp,0.2039486673247779,0.2,0.1315682977437973,0.0,0.0,-0.012792266905307798,False,False,True,False,False
True,f4,f4,0.1_sgd_dp_wd,0.1,sgd,0.2,True,big,48,snapshots_clean/big/f4/0.1_sgd_dp_wd/best_epoch_0048.pt,0.0870143994688987,0.2829615004935834,0.3600000000000001,0.6967261904761904,5,11,1013,,results/big/f4_analysis.csv,True,0.1_sgd_dp,0.3029615004935834,0.3666666666666667,0.0823600366711616,-0.020000000000000018,-0.006666666666666599,0.004654362797737108,False,False,False,False,True
True,f4,f4,0.2_adam_wd,0.2,adam,0.0,True,big,85,snapshots_clean/big/f4/0.2_adam_wd/best_epoch_0085.pt,0.1235774457454681,0.6352728811169088,0.8,0.8982142857142857,5,12,1013,,results/big/f4_analysis.csv,True,0.2_adam,0.6152728811169088,0.8,0.1200302988290786,0.020000000000000018,0.0,0.003547146916389493,True,False,False,True,False
True,f4,f4,0.2_adam_dp_wd,0.2,adam,0.2,True,big,56,snapshots_clean/big/f4/0.2_adam_dp_wd/best_epoch_0056.pt,0.2099044322967529,0.2039486673247779,0.2,0.5948412698412698,5,14,1013,,results/big/f4_analysis.csv,True,0.2_adam_dp,0.2039486673247779,0.2,0.207787811756134,0.0,0.0,0.0021166205406188965,False,False,False,False,False
True,f4,f4,0.2_sgd_dp_wd,0.2,sgd,0.2,True,big,89,snapshots_clean/big/f4/0.2_sgd_dp_wd/best_epoch_0089.pt,0.1579726040363311,0.6098760557200833,0.6888888888888889,0.8976190476190476,5,14,1013,,results/big/f4_analysis.csv,True,0.2_sgd_dp,0.4553076669957223,0.6,0.1527698040008545,0.15456838872436102,0.0888888888888889,0.005202800035476601,True,True,False,True,False
True,f4,f4,0.5_adam_wd,0.5,adam,0.0,True,big,91,snapshots_clean/big/f4/0.5_adam_wd/best_epoch_0091.pt,0.6738539934158325,0.8583333333333332,1.0,0.9990079365079364,5,13,1013,,results/big/f4_analysis.csv,True,0.5_adam,0.6443205001645278,0.8,0.6742085814476013,0.21401283316880537,0.19999999999999996,-0.00035458803176879883,True,True,True,True,False
True,f4,f4,0.5_adam_dp_wd,0.5,adam,0.2,True,big,66,snapshots_clean/big/f4/0.5_adam_dp_wd/best_epoch_0066.pt,0.7586082816123962,0.4029615004935834,0.4,0.6967261904761904,5,13,1013,,results/big/f4_analysis.csv,True,0.5_adam_dp,0.2039486673247779,0.2,0.7599478363990784,0.19901283316880553,0.2,-0.001339554786682129,True,True,True,True,False
True,f4,f4,0.5_sgd_dp_wd,0.5,sgd,0.2,True,big,79,snapshots_clean/big/f4/0.5_sgd_dp_wd/best_epoch_0079.pt,0.7082383036613464,0.2337307312628141,0.225,0.6942460317460317,5,14,1013,,results/big/f4_analysis.csv,True,0.5_sgd_dp,0.4783865476361481,0.54,0.6953030228614807,-0.24465581637333397,-0.31500000000000006,0.012935280799865723,False,False,False,False,True
True,f4,f4,1.0_adam_wd,1.0,adam,0.0,True,big,77,snapshots_clean/big/f4/1.0_adam_wd/best_epoch_0077.pt,2.641465425491333,0.4029615004935834,0.4,0.6973214285714285,5,11,1013,,results/big/f4_analysis.csv,True,1.0_adam,0.3186410003290556,0.4666666666666667,2.651863813400269,0.0843205001645278,-0.06666666666666665,-0.010398387908935991,True,False,True,True,False
True,f4,f4,1.0_adam_dp_wd,1.0,adam,0.2,True,big,31,snapshots_clean/big/f4/1.0_adam_dp_wd/best_epoch_0031.pt,2.7084531784057617,0.2039486673247779,0.2,0.5972222222222222,5,8,1013,,results/big/f4_analysis.csv,True,1.0_adam_dp,0.4029615004935834,0.4,2.72788405418396,-0.19901283316880553,-0.2,-0.019430875778198242,False,False,True,False,True
True,f4,f4,1.0_sgd_dp_wd,1.0,sgd,0.2,True,big,71,snapshots_clean/big/f4/1.0_sgd_dp_wd/best_epoch_0071.pt,2.632808208465576,0.4029615004935834,0.4,0.6979166666666666,5,9,1013,,results/big/f4_analysis.csv,True,1.0_sgd_dp,0.2039486673247779,0.2,2.645334482192993,0.19901283316880553,0.2,-0.012526273727416992,True,True,True,True,False
True,f4,f4,base_sgd_wd,0.0,sgd,0.0,True,big,91,snapshots_clean/big/f4/base_sgd_wd/best_epoch_0091.pt,0.0117987534031271,0.8009090909090908,1.0,0.9984126984126984,5,17,1013,,results/big/f4_analysis.csv,True,base_sgd,0.6676538334978611,0.7,0.0128297805786132,0.13325525741122968,0.30000000000000004,-0.0010310271754861,True,True,True,True,False
True,f4,f4,base_sgd_dp_wd,0.0,sgd,0.2,True,big,66,snapshots_clean/big/f4/base_sgd_dp_wd/best_epoch_0066.pt,0.0695844739675521,0.5581300239740516,0.5999999999999999,0.8963293650793651,5,15,1013,,results/big/f4_analysis.csv,True,base_sgd_dp,0.6898760557200834,0.6571428571428571,0.0592463761568069,-0.13174603174603172,-0.05714285714285727,0.010338097810745205,False,False,False,False,True
True,f4,f4,0.1_sgd_wd,0.1,sgd,0.0,True,big,99,snapshots_clean/big/f4/0.1_sgd_wd/best_epoch_0099.pt,0.0396714620292186,0.5209871668311945,0.7166666666666668,0.8971230158730159,5,17,1013,,results/big/f4_analysis.csv,True,0.1_sgd,0.4867014525454802,0.7272727272727273,0.0414113439619541,0.03428571428571431,-0.010606060606060508,-0.0017398819327355056,True,False,True,True,False
True,f4,f4,0.2_sgd_wd,0.2,sgd,0.0,True,big,97,snapshots_clean/big/f4/0.2_sgd_wd/best_epoch_0097.pt,0.1232117190957069,0.5523809523809524,0.9333333333333332,0.996626984126984,5,12,1013,,results/big/f4_analysis.csv,True,0.2_sgd,0.5352728811169087,0.7333333333333334,0.12378990650177,0.01710807126404368,0.19999999999999984,-0.0005781874060631076,True,True,True,True,False
True,f4,f4,0.5_sgd_wd,0.5,sgd,0.0,True,big,59,snapshots_clean/big/f4/0.5_sgd_wd/best_epoch_0059.pt,0.6886536478996277,0.2039486673247779,0.2,0.5996031746031746,5,2,1013,,results/big/f4_analysis.csv,True,0.5_sgd,0.2039486673247779,0.2,0.6865679025650024,0.0,0.0,0.002085745334625244,False,False,False,False,False
True,f4,f4,1.0_sgd_wd,1.0,sgd,0.0,True,big,16,snapshots_clean/big/f4/1.0_sgd_wd/best_epoch_0016.pt,2.644381046295166,0.2039486673247779,0.2,0.5996031746031746,5,2,1013,,results/big/f4_analysis.csv,True,1.0_sgd,0.2039486673247779,0.2,2.6504228115081787,0.0,0.0,-0.006041765213012695,False,False,True,False,False
True,f6,f6,0.1_adam_wd,0.1,adam,0.0,True,big,67,snapshots_clean/big/f6/0.1_adam_wd/best_epoch_0067.pt,0.1341359615325927,0.6884871668311945,0.75,0.873761149653122,4,11,1013,,results/big/f6_analysis.csv,True,0.1_adam,0.8541666666666666,1.0,0.1322875320911407,-0.16567949983547214,-0.25,0.0018484294414519986,False,False,False,False,True
True,f6,f6,0.1_adam_dp_wd,0.1,adam,0.2,True,big,14,snapshots_clean/big/f6/0.1_adam_dp_wd/best_epoch_0014.pt,0.3146694600582123,0.501974333662389,0.5,0.7487611496531219,4,7,1013,,results/big/f6_analysis.csv,True,0.1_adam_dp,0.501974333662389,0.5,0.2836131155490875,0.0,0.0,0.031056344509124756,False,False,False,False,False
True,f6,f6,0.1_sgd_dp_wd,0.1,sgd,0.2,True,big,40,snapshots_clean/big/f6/0.1_sgd_dp_wd/best_epoch_0040.pt,0.1794285923242569,0.501974333662389,0.5,0.7475222993062438,4,12,1013,,results/big/f6_analysis.csv,True,0.1_sgd_dp,0.5691689850130126,0.5555555555555556,0.1686326712369918,-0.06719465135062364,-0.05555555555555558,0.010795921087265098,False,False,False,False,True
True,f6,f6,0.2_adam_wd,0.2,adam,0.0,True,big,96,snapshots_clean/big/f6/0.2_adam_wd/best_epoch_0096.pt,0.4840125143527984,0.8303571428571428,1.0,0.9990089197224976,4,14,1013,,results/big/f6_analysis.csv,True,0.2_adam,0.8125,0.9,0.4799264967441559,0.017857142857142794,0.09999999999999998,0.004086017608642523,True,True,False,True,False
True,f6,f6,0.2_adam_dp_wd,0.2,adam,0.2,True,big,30,snapshots_clean/big/f6/0.2_adam_dp_wd/best_epoch_0030.pt,0.6522071957588196,0.501974333662389,0.5,0.7482656095143706,4,9,1013,,results/big/f6_analysis.csv,True,0.2_adam_dp,0.501974333662389,0.5,0.7009696960449219,0.0,0.0,-0.048762500286102295,False,False,True,False,False
True,f6,f6,0.2_sgd_dp_wd,0.2,sgd,0.2,True,big,62,snapshots_clean/big/f6/0.2_sgd_dp_wd/best_epoch_0062.pt,0.5164549946784973,0.501974333662389,0.5,0.7477700693756195,4,11,1013,,results/big/f6_analysis.csv,True,0.2_sgd_dp,0.501974333662389,0.5,0.5281686782836914,0.0,0.0,-0.011713683605194092,False,False,True,False,False
True,f6,f6,0.5_adam_wd,0.5,adam,0.0,True,big,31,snapshots_clean/big/f6/0.5_adam_wd/best_epoch_0031.pt,2.8954503536224365,0.6081300239740516,0.5833333333333333,0.8733894945490585,4,8,1013,,results/big/f6_analysis.csv,True,0.5_adam,0.501974333662389,0.5,2.9086525440216064,0.10615569031166261,0.08333333333333326,-0.013202190399169922,True,True,True,True,False
True,f6,f6,0.5_adam_dp_wd,0.5,adam,0.2,True,big,91,snapshots_clean/big/f6/0.5_adam_dp_wd/best_epoch_0091.pt,2.987896203994751,0.501974333662389,0.5,0.7487611496531219,4,7,1013,,results/big/f6_analysis.csv,True,0.5_adam_dp,0.501974333662389,0.5,3.0199790000915527,0.0,0.0,-0.03208279609680176,False,False,True,False,False
True,f6,f6,0.5_sgd_dp_wd,0.5,sgd,0.2,True,big,66,snapshots_clean/big/f6/0.5_sgd_dp_wd/best_epoch_0066.pt,2.8768560886383057,0.501974333662389,0.5,0.7485133795837462,4,8,1013,,results/big/f6_analysis.csv,True,0.5_sgd_dp,0.501974333662389,0.5,2.8724236488342285,0.0,0.0,0.0044324398040771484,False,False,False,False,False
True,f6,f6,1.0_adam_wd,1.0,adam,0.0,True,big,9,snapshots_clean/big/f6/1.0_adam_wd/best_epoch_0009.pt,11.345004081726074,0.501974333662389,0.5,0.7487611496531219,4,7,1013,,results/big/f6_analysis.csv,True,1.0_adam,0.501974333662389,0.5,11.405966758728027,0.0,0.0,-0.060962677001953125,False,False,True,False,False
True,f6,f6,1.0_adam_dp_wd,1.0,adam,0.2,True,big,41,snapshots_clean/big/f6/1.0_adam_dp_wd/best_epoch_0041.pt,11.396842956542969,0.501974333662389,0.5,0.7487611496531219,4,7,1013,,results/big/f6_analysis.csv,True,1.0_adam_dp,0.501974333662389,0.5,11.400564193725586,0.0,0.0,-0.0037212371826171875,False,False,True,False,False
True,f6,f6,1.0_sgd_dp_wd,1.0,sgd,0.2,True,big,29,snapshots_clean/big/f6/1.0_sgd_dp_wd/best_epoch_0029.pt,11.30610179901123,0.501974333662389,0.5,0.7492566897918732,4,5,1013,,results/big/f6_analysis.csv,True,1.0_sgd_dp,0.501974333662389,0.5,11.29953670501709,0.0,0.0,0.006565093994140625,False,False,False,False,False
True,f6,f6,base_sgd_wd,0.0,sgd,0.0,True,big,90,snapshots_clean/big/f6/base_sgd_wd/best_epoch_0090.pt,0.0105695594102144,0.5114038334978611,0.7083333333333334,0.8722745292368682,4,13,1013,,results/big/f6_analysis.csv,True,base_sgd,0.7784090909090909,0.78125,0.00712451338768,-0.2670052574112298,-0.07291666666666663,0.0034450460225344,False,False,False,False,True
True,f6,f6,base_sgd_dp_wd,0.0,sgd,0.2,True,big,10,snapshots_clean/big/f6/base_sgd_dp_wd/best_epoch_0010.pt,0.2266858220100402,0.501974333662389,0.5,0.7482656095143706,4,9,1013,,results/big/f6_analysis.csv,True,base_sgd_dp,0.501974333662389,0.5,0.237176775932312,0.0,0.0,-0.010490953922271812,False,False,True,False,False
True,f6,f6,0.1_sgd_wd,0.1,sgd,0.0,True,big,98,snapshots_clean/big/f6/0.1_sgd_wd/best_epoch_0098.pt,0.1249967366456985,0.7019230769230769,0.775,0.9970267591674924,4,16,1013,,results/big/f6_analysis.csv,True,0.1_sgd,0.501974333662389,0.5,0.1254069358110427,0.1999487432606879,0.275,-0.00041019916534419665,True,True,True,True,False
True,f6,f6,0.2_sgd_wd,0.2,sgd,0.0,True,big,77,snapshots_clean/big/f6/0.2_sgd_wd/best_epoch_0077.pt,0.4813483357429504,0.501974333662389,0.5,0.7495044598612487,4,4,1013,,results/big/f6_analysis.csv,True,0.2_sgd,0.2529615004935834,0.25,0.477225124835968,0.24901283316880557,0.25,0.004123210906982366,True,True,False,True,False
True,f6,f6,0.5_sgd_wd,0.5,sgd,0.0,True,big,27,snapshots_clean/big/f6/0.5_sgd_wd/best_epoch_0027.pt,2.890864610671997,0.2529615004935834,0.25,0.6246283448959365,4,2,1013,,results/big/f6_analysis.csv,True,0.5_sgd,0.2529615004935834,0.25,2.8808586597442627,0.0,0.0,0.010005950927734375,False,False,False,False,False
True,f6,f6,1.0_sgd_wd,1.0,sgd,0.0,True,big,23,snapshots_clean/big/f6/1.0_sgd_wd/best_epoch_0023.pt,11.36902904510498,0.2529615004935834,0.25,0.6246283448959365,4,2,1013,,results/big/f6_analysis.csv,True,1.0_sgd,0.2529615004935834,0.25,11.37999153137207,0.0,0.0,-0.010962486267089844,False,False,True,False,False
True,f1,f1,0.1_adam_wd,0.1,adam,0.0,True,big,85,snapshots_clean/big/f1/0.1_adam_wd/best_epoch_0085.pt,0.0109880175441503,0.1984029050909603,0.4807692307692308,0.7413280475718533,4,31,1013,,results/big/f1_analysis.csv,True,0.1_adam,0.3343205001645278,0.7272727272727272,0.0106744635850191,-0.1359175950735675,-0.2465034965034964,0.00031355395913120095,False,False,False,False,True
True,f1,f1,0.1_adam_dp_wd,0.1,adam,0.2,True,big,26,snapshots_clean/big/f1/0.1_adam_dp_wd/best_epoch_0026.pt,0.0230922233313322,0.0862948338269167,0.234375,0.617814667988107,4,19,1013,,results/big/f1_analysis.csv,True,0.1_adam_dp,0.0862948338269167,0.2272727272727272,0.0210940930992364,0.0,0.00710227272727279,0.001998130232095798,False,True,False,False,False
True,f1,f1,0.1_sgd_dp_wd,0.1,sgd,0.2,True,big,98,snapshots_clean/big/f1/0.1_sgd_dp_wd/best_epoch_0098.pt,0.0170510206371545,0.0862948338269167,0.2142857142857143,0.6215312190287413,4,9,1013,,results/big/f1_analysis.csv,True,0.1_sgd_dp,0.0654615004935834,0.15,0.0160624496638774,0.0208333333333333,0.06428571428571431,0.000988570973277099,True,True,False,True,False
True,f1,f1,0.2_adam_wd,0.2,adam,0.0,True,big,69,snapshots_clean/big/f1/0.2_adam_wd/best_epoch_0069.pt,0.0375562869012355,0.277502318346346,0.625,0.8700445986124876,4,19,1013,,results/big/f1_analysis.csv,True,0.2_adam,0.1825298892179445,0.4444444444444444,0.0366877280175685,0.09497242912840148,0.18055555555555558,0.0008685588836669991,True,True,False,True,False
True,f1,f1,0.2_adam_dp_wd,0.2,adam,0.2,True,big,31,snapshots_clean/big/f1/0.2_adam_dp_wd/best_epoch_0031.pt,0.048700638115406,0.0862948338269167,0.2307692307692307,0.6189296333002974,4,16,1013,,results/big/f1_analysis.csv,True,0.2_adam_dp,0.0862948338269167,0.225,0.0448063984513282,0.0,0.005769230769230693,0.0038942396640778004,False,True,False,False,False
True,f1,f1,0.2_sgd_dp_wd,0.2,sgd,0.2,True,big,97,snapshots_clean/big/f1/0.2_sgd_dp_wd/best_epoch_0097.pt,0.0419734045863151,0.0039486673247778,0.0,0.4945490584737363,4,11,1013,,results/big/f1_analysis.csv,True,0.2_sgd_dp,0.0862948338269167,0.2142857142857143,0.0417762286961078,-0.0823461665021389,-0.2142857142857143,0.0001971758902072976,False,False,False,False,True
True,f1,f1,0.5_adam_wd,0.5,adam,0.0,True,big,54,snapshots_clean/big/f1/0.5_adam_wd/best_epoch_0054.pt,0.2172072976827621,0.0654615004935834,0.21875,0.6205401387512388,4,11,1013,,results/big/f1_analysis.csv,True,0.5_adam,0.1279615004935834,0.25,0.2169680893421173,-0.0625,-0.03125,0.00023920834064478091,False,False,False,False,True
True,f1,f1,0.5_adam_dp_wd,0.5,adam,0.2,True,big,33,snapshots_clean/big/f1/0.5_adam_dp_wd/best_epoch_0033.pt,0.225768357515335,0.0862948338269167,0.2291666666666666,0.6196729435084242,4,14,1013,,results/big/f1_analysis.csv,True,0.5_adam_dp,0.0529615004935834,0.1964285714285714,0.2240861505270004,0.033333333333333305,0.032738095238095205,0.0016822069883346003,True,True,False,True,False
True,f1,f1,0.5_sgd_dp_wd,0.5,sgd,0.2,True,big,98,snapshots_clean/big/f1/0.5_sgd_dp_wd/best_epoch_0098.pt,0.2190102785825729,0.0862948338269167,0.2,0.6222745292368682,4,7,1013,,results/big/f1_analysis.csv,True,0.5_sgd_dp,0.0039486673247778,0.0,0.2182785868644714,0.0823461665021389,0.2,0.0007316917181015015,True,True,False,True,False
True,f1,f1,1.0_adam_wd,1.0,adam,0.0,True,big,87,snapshots_clean/big/f1/1.0_adam_wd/best_epoch_0087.pt,0.8493931293487549,0.0862948338269167,0.2352941176470588,0.6174430128840436,4,20,1013,,results/big/f1_analysis.csv,True,1.0_adam,0.0862948338269167,0.2386363636363636,0.8488990068435669,0.0,-0.0033422459893047984,0.0004941225051879883,False,False,False,False,False
True,f1,f1,1.0_adam_dp_wd,1.0,adam,0.2,True,big,31,snapshots_clean/big/f1/1.0_adam_dp_wd/best_epoch_0031.pt,0.8633143901824951,0.0862948338269167,0.2222222222222222,0.6207879088206145,4,11,1013,,results/big/f1_analysis.csv,True,1.0_adam_dp,0.0039486673247778,0.0,0.8634300827980042,0.0823461665021389,0.2222222222222222,-0.0001156926155090332,True,True,True,True,False
True,f1,f1,1.0_sgd_dp_wd,1.0,sgd,0.2,True,big,94,snapshots_clean/big/f1/1.0_sgd_dp_wd/best_epoch_0094.pt,0.8514750003814697,0.0039486673247778,0.0,0.4965312190287413,4,7,1013,,results/big/f1_analysis.csv,True,1.0_sgd_dp,0.0654615004935834,0.125,0.849939227104187,-0.061512833168805604,-0.125,0.0015357732772827148,False,False,False,False,True
True,f1,f1,base_sgd_wd,0.0,sgd,0.0,True,big,34,snapshots_clean/big/f1/base_sgd_wd/best_epoch_0034.pt,0.0021873658988624,0.5259871668311944,0.71875,0.8719028741328048,4,20,1013,,results/big/f1_analysis.csv,True,base_sgd,0.1353076669957222,0.3333333333333333,0.003664924763143,0.39067949983547223,0.3854166666666667,-0.0014775588642806001,True,True,True,True,False
True,f1,f1,base_sgd_dp_wd,0.0,sgd,0.2,True,big,28,snapshots_clean/big/f1/base_sgd_dp_wd/best_epoch_0028.pt,0.0126606477424502,0.0862948338269167,0.2307692307692307,0.6185579781962339,4,17,1013,,results/big/f1_analysis.csv,True,base_sgd_dp,0.0862948338269167,0.2291666666666666,0.0120657077059149,0.0,0.0016025641025640969,0.0005949400365353012,False,True,False,False,False
True,f1,f1,0.1_sgd_wd,0.1,sgd,0.0,True,big,94,snapshots_clean/big/f1/0.1_sgd_wd/best_epoch_0094.pt,0.0122527787461876,0.1644743336623889,0.3888888888888889,0.7460356788899901,4,12,1013,,results/big/f1_analysis.csv,True,0.1_sgd,0.0039486673247778,0.0,0.0119867231696844,0.1605256663376111,0.3888888888888889,0.0002660555765032005,True,True,False,True,False
True,f1,f1,0.2_sgd_wd,0.2,sgd,0.0,True,big,100,snapshots_clean/big/f1/0.2_sgd_wd/best_epoch_0100.pt,0.0376724526286125,0.1478076669957222,0.375,0.7462834489593658,4,10,1013,,results/big/f1_analysis.csv,True,0.2_sgd,0.0039486673247778,0.0,0.0372665114700794,0.1438589996709444,0.375,0.0004059411585330963,True,True,False,True,False
True,f1,f1,0.5_sgd_wd,0.5,sgd,0.0,True,big,97,snapshots_clean/big/f1/0.5_sgd_wd/best_epoch_0097.pt,0.2136801183223724,0.0039486673247778,0.0,0.4975222993062438,4,5,1013,,results/big/f1_analysis.csv,True,0.5_sgd,0.0862948338269167,0.2,0.214783176779747,-0.0823461665021389,-0.2,-0.0011030584573746005,False,False,True,False,True
True,f1,f1,1.0_sgd_wd,1.0,sgd,0.0,True,big,76,snapshots_clean/big/f1/1.0_sgd_wd/best_epoch_0076.pt,0.8437468409538269,0.0039486673247778,0.0,0.4985133795837463,4,3,1013,,results/big/f1_analysis.csv,True,1.0_sgd,0.0039486673247778,0.0,0.8457273244857788,0.0,0.0,-0.0019804835319519043,False,False,True,False,False
True,f7,f7,0.1_adam_wd,0.1,adam,0.0,True,big,68,snapshots_clean/big/f7/0.1_adam_wd/best_epoch_0068.pt,0.0488228388130664,0.2529615004935834,0.25,0.6235133795837463,4,5,1013,,results/big/f7_analysis.csv,True,0.1_adam,0.2529615004935834,0.25,0.0485152341425418,0.0,0.0,0.00030760467052459717,False,False,False,False,False
True,f7,f7,0.1_adam_dp_wd,0.1,adam,0.2,True,big,97,snapshots_clean/big/f7/0.1_adam_dp_wd/best_epoch_0097.pt,0.0885742455720901,0.501974333662389,0.5,0.7497522299306243,4,3,1013,,results/big/f7_analysis.csv,True,0.1_adam_dp,0.501974333662389,0.5,0.0825273245573043,0.0,0.0,0.006046921014785794,False,False,False,False,False
True,f7,f7,0.1_sgd_dp_wd,0.1,sgd,0.2,True,big,81,snapshots_clean/big/f7/0.1_sgd_dp_wd/best_epoch_0081.pt,0.0627928078174591,0.2529615004935834,0.25,0.6246283448959365,4,2,1013,,results/big/f7_analysis.csv,True,0.1_sgd_dp,0.501974333662389,0.5,0.061070654541254,-0.24901283316880557,-0.25,0.0017221532762051045,False,False,False,False,True
True,f7,f7,0.2_adam_wd,0.2,adam,0.0,True,big,85,snapshots_clean/big/f7/0.2_adam_wd/best_epoch_0085.pt,0.1766641438007354,0.2529615004935834,0.25,0.6235133795837463,4,5,1013,,results/big/f7_analysis.csv,True,0.2_adam,0.2529615004935834,0.25,0.1734122037887573,0.0,0.0,0.003251940011978094,False,False,False,False,False
True,f7,f7,0.2_adam_dp_wd,0.2,adam,0.2,True,big,87,snapshots_clean/big/f7/0.2_adam_dp_wd/best_epoch_0087.pt,0.2144099473953247,0.501974333662389,0.5,0.7497522299306243,4,3,1013,,results/big/f7_analysis.csv,True,0.2_adam_dp,0.501974333662389,0.5,0.2180128544569015,0.0,0.0,-0.0036029070615767878,False,False,True,False,False
True,f7,f7,0.2_sgd_dp_wd,0.2,sgd,0.2,True,big,61,snapshots_clean/big/f7/0.2_sgd_dp_wd/best_epoch_0061.pt,0.1848606020212173,0.2529615004935834,0.25,0.6246283448959365,4,2,1013,,results/big/f7_analysis.csv,True,0.2_sgd_dp,0.4186410003290556,0.375,0.1853802800178527,-0.1656794998354722,-0.125,-0.0005196779966354093,False,False,True,False,True
True,f7,f7,0.5_adam_wd,0.5,adam,0.0,True,big,73,snapshots_clean/big/f7/0.5_adam_wd/best_epoch_0073.pt,1.0619884729385376,0.501974333662389,0.5,0.7465312190287414,4,16,1013,,results/big/f7_analysis.csv,True,0.5_adam,0.501974333662389,0.5,1.0613131523132324,0.0,0.0,0.0006753206253051758,False,False,False,False,False
True,f7,f7,0.5_adam_dp_wd,0.5,adam,0.2,True,big,26,snapshots_clean/big/f7/0.5_adam_dp_wd/best_epoch_0026.pt,1.106395602226257,0.2529615004935834,0.25,0.6246283448959365,4,2,1013,,results/big/f7_analysis.csv,True,0.5_adam_dp,0.501974333662389,0.5,1.095810055732727,-0.24901283316880557,-0.25,0.010585546493530051,False,False,False,False,True
True,f7,f7,0.5_sgd_dp_wd,0.5,sgd,0.2,True,big,73,snapshots_clean/big/f7/0.5_sgd_dp_wd/best_epoch_0073.pt,1.0591555833816528,0.2529615004935834,0.25,0.6238850346878098,4,4,1013,,results/big/f7_analysis.csv,True,0.5_sgd_dp,0.2529615004935834,0.25,1.0624996423721311,0.0,0.0,-0.0033440589904782936,False,False,True,False,False
True,f7,f7,1.0_adam_wd,1.0,adam,0.0,True,big,3,snapshots_clean/big/f7/1.0_adam_wd/best_epoch_0003.pt,4.195053577423096,0.2529615004935834,0.25,0.6242566897918731,4,3,1013,,results/big/f7_analysis.csv,True,1.0_adam,0.4186410003290556,0.375,4.197030544281006,-0.1656794998354722,-0.125,-0.0019769668579101562,False,False,True,False,True
True,f7,f7,1.0_adam_dp_wd,1.0,adam,0.2,True,big,33,snapshots_clean/big/f7/1.0_adam_dp_wd/best_epoch_0033.pt,4.227675437927246,0.2529615004935834,0.25,0.6246283448959365,4,2,1013,,results/big/f7_analysis.csv,True,1.0_adam_dp,0.2529615004935834,0.25,4.210972785949707,0.0,0.0,0.016702651977539062,False,False,False,False,False
True,f7,f7,1.0_sgd_dp_wd,1.0,sgd,0.2,True,big,15,snapshots_clean/big/f7/1.0_sgd_dp_wd/best_epoch_0015.pt,4.1733269691467285,0.2529615004935834,0.25,0.6246283448959365,4,2,1013,,results/big/f7_analysis.csv,True,1.0_sgd_dp,0.2529615004935834,0.25,4.176540851593018,0.0,0.0,-0.0032138824462890625,False,False,True,False,False
True,f7,f7,base_sgd_wd,0.0,sgd,0.0,True,big,62,snapshots_clean/big/f7/base_sgd_wd/best_epoch_0062.pt,0.0054423455148935,0.3519743336623889,0.35,0.748017839444995,4,7,1013,,results/big/f7_analysis.csv,True,base_sgd,0.501974333662389,0.5,0.0096857640892267,-0.15000000000000008,-0.15000000000000002,-0.0042434185743332005,False,False,True,False,True
True,f7,f7,base_sgd_dp_wd,0.0,sgd,0.2,True,big,5,snapshots_clean/big/f7/base_sgd_dp_wd/best_epoch_0005.pt,0.0432540699839592,0.501974333662389,0.5,0.7497522299306243,4,3,1013,,results/big/f7_analysis.csv,True,base_sgd_dp,0.501974333662389,0.5,0.0428436398506164,0.0,0.0,0.00041043013334279843,False,False,False,False,False
True,f7,f7,0.1_sgd_wd,0.1,sgd,0.0,True,big,95,snapshots_clean/big/f7/0.1_sgd_wd/best_epoch_0095.pt,0.0504876300692558,0.3353076669957223,0.375,0.7477700693756194,4,7,1013,,results/big/f7_analysis.csv,True,0.1_sgd,0.4186410003290556,0.5,0.0510018430650234,-0.08333333333333331,-0.125,-0.0005142129957676003,False,False,True,False,True
True,f7,f7,0.2_sgd_wd,0.2,sgd,0.0,True,big,94,snapshots_clean/big/f7/0.2_sgd_wd/best_epoch_0094.pt,0.1786113083362579,0.501974333662389,0.5,0.7497522299306243,4,3,1013,,results/big/f7_analysis.csv,True,0.2_sgd,0.2529615004935834,0.25,0.1791347712278366,0.24901283316880557,0.25,-0.0005234628915787021,True,True,True,True,False
True,f7,f7,0.5_sgd_wd,0.5,sgd,0.0,True,big,21,snapshots_clean/big/f7/0.5_sgd_wd/best_epoch_0021.pt,1.059620976448059,0.2529615004935834,0.25,0.6246283448959365,4,2,1013,,results/big/f7_analysis.csv,True,0.5_sgd,0.2529615004935834,0.25,1.057521104812622,0.0,0.0,0.0020998716354370117,False,False,False,False,False
True,f7,f7,1.0_sgd_wd,1.0,sgd,0.0,True,big,9,snapshots_clean/big/f7/1.0_sgd_wd/best_epoch_0009.pt,4.188472747802734,0.2529615004935834,0.25,0.6246283448959365,4,2,1013,,results/big/f7_analysis.csv,True,1.0_sgd,0.2529615004935834,0.25,4.172961711883545,0.0,0.0,0.015511035919189453,False,False,False,False,False
